image_id	color	name_jp	name_en	cost	bp	dp	ability_jp	ability_en	pack_jp	pack_en	rarity_en	gamerch_url	ability_jp_source	official_order	official_name_jp	official_image_url_jp	card_type	card_type_jp	attribute	attribute_jp	cost_official	pack_jp_official	pack_order	race_jp	rarity_official	dp_official	effect_tags_jp	effect_timing_jp	condition_tags_jp	official_conflicts
blue_00_00_03_00	blue	「海竜の召喚士」アクア Lv1	Aqua - Conjurer of Hydras Lv.1				《ベース》\n【配置時】\n「「アクアの召喚獣」シードラLv1」1枚を手札に\n加える。\n《ベース》\nこのマナは移動できない。\nRＡRＥ	<Base> [When Placed]\nAdd one Seadra - Of Aqua Lv.1 to your\nhand.\n<Base>\nThis minion cannot move.					ocr	761	「海竜の召喚士」アクア Lv1	https://www.aicarddass.com/zenonzard/images/cardlist/cards/blue_00_00_03_00.png?v=20201113	base_minion	ベース・ミニオン	blue	青		PC:03 EVOLVE	8	エヴォーカー	R					
blue_00_00_03_01	blue	「海竜の召喚士」アクア Lv2	Aqua - Conjurer of Hydras Lv.2				《ベース》\n【配置時】\n「「アクアの召喚獣」シードラLv2」1枚を手札に\n加える。\n《ベース》\nこのマナは移動できない。\nRＡRＥ	<Base> [When Placed]\nAdd one Seadra - Of Aqua Lv.2 to your\nhand.\n<Base>\nThis minion cannot move.					ocr	762	「海竜の召喚士」アクア Lv2	https://www.aicarddass.com/zenonzard/images/cardlist/cards/blue_00_00_03_01.png?v=20201113	base_minion	ベース・ミニオン	blue	青		PC:03 EVOLVE	8	エヴォーカー	R					
blue_00_00_03_02	blue	「海竜の召喚士」アクア Lv3	Aqua - Conjurer of Hydras Lv.3				《ベース》\n【配置時】\n「「アクアの召喚獣」シードラLv3」1枚を手札に\n加える。\n《ベース》\nこのマナは移動できない。\nRＡRＥ	"<Base> [When Placed]\nAdd one Seadra - Of Aqua Lv.3"" to your\nhand.\n<Base>\nThis minion cannot move."					ocr	763	「海竜の召喚士」アクア Lv3	https://www.aicarddass.com/zenonzard/images/cardlist/cards/blue_00_00_03_02.png?v=20201113	base_minion	ベース・ミニオン	blue	青		PC:03 EVOLVE	8	エヴォーカー	R					
blue_00_00_03_03	blue	「魔人の召喚士」ブルーナ Lv1	Broona - Conjurer of the Magus Lv.1				《ベース》\n【配置時】\n「「ブルーナの召喚獣」ジャイLv1」1枚を手札に\n加える。\n《ベース》\nこのマナは移動できない。	<Base> [When Placed]\nAdd one Juy - Of Broona Lv.1 to your\nhand.\n<Base>\nThis minion cannot move.					ocr	764	「魔人の召喚士」ブルーナ Lv1	https://www.aicarddass.com/zenonzard/images/cardlist/cards/blue_00_00_03_03.png?v=20201113	base_minion	ベース・ミニオン	blue	青		PC:03 EVOLVE	8	エヴォーカー	L					
blue_00_00_03_04	blue	「魔人の召喚士」ブルーナ Lv2	Broona - Conjurer of the Magus Lv.2				《ベース》\n【配置時】\n「「ブルーナの召喚獣」ジャイLv2」1枚を手札に\n加える。\n《ベース》\nこのマナは移動できない	<Base> [When Placed]\nAdd one Juy - Of Broona Lv.2 to your\nhand.\n<Base>\nThis minion cannot move.					ocr	765	「魔人の召喚士」ブルーナ Lv2	https://www.aicarddass.com/zenonzard/images/cardlist/cards/blue_00_00_03_04.png?v=20201113	base_minion	ベース・ミニオン	blue	青		PC:03 EVOLVE	8	エヴォーカー	L					
blue_00_00_03_05	blue	「魔人の召喚士」ブルーナ Lv3	Broona - Conjurer of the Magus Lv.3				《ベース》\n【配置時】\n「「ブルーナの召喚獣」ジャイLv3」1枚を手札に\n加える。\n《ベース》\nこのマナは移動できない。	<Base> [When Placed]\nAdd one Juy - Of Broona Lv.3 to your\nhand.\n<Base>\nThis minion cannot move.					ocr	766	「魔人の召喚士」ブルーナ Lv3	https://www.aicarddass.com/zenonzard/images/cardlist/cards/blue_00_00_03_05.png?v=20201113	base_minion	ベース・ミニオン	blue	青		PC:03 EVOLVE	8	エヴォーカー	L					
blue_00_00_04_00	blue	「蒼の魔術師」クー	Sheldon - The Navy Wizard				《ベース》\n【配置時】\n「クーの第1魔法：フォーサイト」1枚を手札に加\nえる。\n《ベース》\nこのマナは移動できない。	<Base> [When Placed]\nAdd one Sheldon's Spells, Entry 1\nForesight to your hand.\n<Base>\nThis minion cannot move.					ocr	767	「蒼の魔術師」クー	https://www.aicarddass.com/zenonzard/images/cardlist/cards/blue_00_00_04_00.png?v=20201113	base_minion	ベース・ミニオン	blue	青		PC:04 FORBIDDEN	6	エヴォーカー	R					
blue_00_00_04_01	blue	「荒波の魔術師」マリン	Marlene - The Stormy Wizard				《ベース》\n【配置時】\n「マリンの第1魔法：チヨイス」1枚を手札に加え\n《ベース》\nこのマナは移動できない。\nＥＰＩＣ	<Base> {When Placed]\nAdd one Marlene's Spells, Entry 1\nDecision to your hand.\n<Base>\nThis minion cannot move.					ocr	768	「荒波の魔術師」マリン	https://www.aicarddass.com/zenonzard/images/cardlist/cards/blue_00_00_04_01.png?v=20201113	base_minion	ベース・ミニオン	blue	青		PC:04 FORBIDDEN	6	エヴォーカー	E					
blue_00_00_05_00	blue	裏方のタコハチ	Stagetentacle				《ベース》\n自分の種族「アーティスト」を持つミニオンがいる\n場合、このマナでマジックカ一ドのコストを支払う\n場合、全ての色のマナとして支払うことができる。	<Base>\nIf you have a minion belonging to the\nArtist class on the field, this mana can act as\nany color when paying the mana cost of\nMagic card.					ocr	780	裏方のタコハチ	https://www.aicarddass.com/zenonzard/images/cardlist/cards/blue_00_00_05_00.png?v=20201113	base_minion	ベース・ミニオン	blue	青		PC:05 GLORY	2	アーティスト	C					
blue_00_00_EX03_00	blue	硯 秀斗 Lv1	Hideto Suzuri Lv.1	0			《ベース》\n【配置時】\n「戦士グスタフ」1枚を手札に加える。その後、\n「硯秀斗」をLv2こする。\n《ベース》\nこのマナは移動できない\nEPＩＣ	"<Base> [When Placed]\nAdd one The Soldier Gustav"" to your\nhand. Hideto Suzuri becomes Lv.2.\n<Base>\nThis minion cannot move."					ocr	769	硯 秀斗 Lv1	https://www.aicarddass.com/zenonzard/images/cardlist/cards/blue_00_00_EX03_00.png?v=20201113	base_minion	ベース・ミニオン	blue	青	0	EX:03 Battle Spirits	5	カードバトラー	E					
blue_00_00_EX03_01	blue	硯 秀斗 Lv2	Hideto Suzuri Lv.2	0			《ベース》\n【配置時】\n「神造巨兵オリハルコン•\nゴレム」1枚を手札こ加\nえる。その後、「硯秀斗」をLv3Iにする。\n《ベース》\nこのマナは移動できない\nEPＩＣ	<Base> [When Placed]\nAdd one The GodMadeSoldier\nOrichalcum-Golem to your hand. Hideto Suzuri\nbecomes Lv.3.\n<Base>\nThis minion cannot move					ocr	770	硯 秀斗 Lv2	https://www.aicarddass.com/zenonzard/images/cardlist/cards/blue_00_00_EX03_01.png?v=20201113	base_minion	ベース・ミニオン	blue	青	0	EX:03 Battle Spirits	5	カードバトラー	E					
blue_00_00_EX03_02	blue	硯 秀斗 Lv3	Hideto Suzuri Lv.3	0			《ベース》\n【配置時】\n「英雄巨人タイタス」1枚を手札に加える。\n《ベース》\nこのマナは移動できない。\nＥＰＩＣ	"<Base> [When Placed]\nAdd one The GiantHero Titus"" to your\nhand.\n<Base>\nThis minion cannot move."					ocr	771	硯 秀斗 Lv3	https://www.aicarddass.com/zenonzard/images/cardlist/cards/blue_00_00_EX03_02.png?v=20201113	base_minion	ベース・ミニオン	blue	青	0	EX:03 Battle Spirits	5	カードバトラー	E					
blue_00_00_EX03_03	blue	ギャラクシー渡辺	Galaxy Watanabe	0			《ベース》\n【配置時】\n自分のミニオンカードでない無色マナ1つを「コア」\nに変更する。このターン中、自分のプレイヤーに「自\n分の種族「ゴレイム」または「ジャイアント」を持つ\nミニオンがアクティブになるたび、そのミニオンにBP\n+100/DP+1を付与する。」を与える。\n《ベース》\nこのマナは移動できい。	Oo\n<Base> [When Placed]\nChange one of your Neutral Mana that is not\nminion card into a Core. For the duration of this turn\nyou receive the following effect\nWhenever one of your minions belonging to the\nGolem or Giant class enters the Active State, that\nminion receives +100BP/+1DP.\n<Base>\nThis minion cannot move.					ocr	772	ギャラクシー渡辺	https://www.aicarddass.com/zenonzard/images/cardlist/cards/blue_00_00_EX03_03.png?v=20201113	base_minion	ベース・ミニオン	blue	青	0	EX:03 Battle Spirits	5	カードバトラー	R					
blue_00_00_EX03_04	blue	牙皇ケルベロード	The FangEmperor Cerbelord	0			《付与能力》\n【アタック時】\nターンに1回、自分のデッキを上から5枚破棄でき\nそうした場合、このミニオンをアクティブにす	Boost: BS + Cost 4 or Higher\n<Boost Ability> [When Attacking]\nYou can discard the top five cards from\nyour deck once per turn. If you do, this\nminion enters the Active State.					ocr	773	牙皇ケルベロード	https://www.aicarddass.com/zenonzard/images/cardlist/cards/blue_00_00_EX03_04.png?v=20201113	base_minion	ベース・ミニオン	blue	青	0	EX:03 Battle Spirits	5		E					
blue_00_00_EX04_00	blue	オーズドライバー	Cutlass of Fortunes				《付与能力》\n【アタック時】\n自分の移動権を1消費する。消費した場合、種族\n「仮面」を持つ青のミ二オンこ変身する。\nEPIＣ	Boost: Blue + Mask\n<Boost Ability> [When Attacking]\nReduce Movement by 1, and if you do\nmorph into a Blue Minion belonging to the\nMask class.					ocr	774	オーズドライバー	https://www.aicarddass.com/zenonzard/images/cardlist/cards/blue_00_00_EX04_00.png?v=20201113	base_minion	ベース・ミニオン	blue	青		EX:04 KAMEN RIDER	4	アイテム|仮面	E					
blue_00_00_EX04_01	blue	アンク	Gauntlet of the Sea Dragon				《付与能力》\n【自分のターン】\nこのミニオンがフォースにアタックしている場合、\nこのミニオンはブロックされない。	Boost: Mask\n<Boost Ability> [On Your Turn]\nIf attacking a Force, this minion cannot\nbe blocked.					ocr	775	アンク	https://www.aicarddass.com/zenonzard/images/cardlist/cards/blue_00_00_EX04_01.png?v=20201113	base_minion	ベース・ミニオン	blue	青		EX:04 KAMEN RIDER	4	仮面	R					
blue_00_00_EX04_02	blue	ライドベンダー	Jet Phantom				《ベース》\n【配置时】\n自分の種族「仮面」を持つ三二才ンがいる場合、自分の移動権を1增や\n《付与能力》【自分の夕一ン】\n自分のミニオンがこのタン既に変身していても、このミニオンは変身\nできる。自分の三ニオンがこのターン1回以上変身している場合、こ\nの三二才ンか変身するび、この加護を除外し、青マナつべ\nスに置く。	Boost: Cost 2 or Higher\n«<Base> [When Placed]\nIf you have a minion belonging to the Mask class on the\nfield, increase your Movement by 1.\n<Boost Ability> [On Your Turn]\nThis minion can Morph even if one of your minions has\nalready Morphed this turn. If this minion Morphs and one of\nyour minions has already Morphed this turn, remove this { Boost} and place one Blue Mana into your base.					ocr	776	ライドベンダー	https://www.aicarddass.com/zenonzard/images/cardlist/cards/blue_00_00_EX04_02.png?v=20201113	base_minion	ベース・ミニオン	blue	青		EX:04 KAMEN RIDER	4	アイテム|仮面	C					
blue_00_00_EX04c_00	blue	トレジャーカットラス					《付与能力》\n【アタック時】\n自分の移動権を1消費する。消費した場合、種族\n「仮面」を持つ青のミ二オン変身する。\nEPI Ｃ						ocr	777	トレジャーカットラス	https://www.aicarddass.com/zenonzard/images/cardlist/cards/blue_00_00_EX04c_00.png?v=20201113	base_minion	ベース・ミニオン	blue	青		EX:04 HEROIC_MASQUERADE	3	アイテム|仮面	E					
blue_00_00_EX04c_01	blue	海龍のガントレット					《付与能力》\n【自分のターン】\nこのミニオンがフォースにアタックしている場合、\nこのミニオンはブロックされない。						ocr	778	海龍のガントレット	https://www.aicarddass.com/zenonzard/images/cardlist/cards/blue_00_00_EX04c_01.png?v=20201113	base_minion	ベース・ミニオン	blue	青		EX:04 HEROIC_MASQUERADE	3	仮面	R					
blue_00_00_EX04c_02	blue	ジェットファントム					《ベース》\n【配置時】\n自分の種族「仮面」を持つ三二才ンがいる場合、自分の移動権を1增や\n《付与能》【自分のタン】\n自分のミニオンがこのタン既に変身していても、このミニオンは変身\nできる。自分のミ二オンがこのターンに1回以上変身している場合、こ\nの三二才ンか変身するび、この[加護を除外し、青マナ1つべ\nスに置く。						ocr	779	ジェットファントム	https://www.aicarddass.com/zenonzard/images/cardlist/cards/blue_00_00_EX04c_02.png?v=20201113	base_minion	ベース・ミニオン	blue	青		EX:04 HEROIC_MASQUERADE	3	アイテム|仮面	C					
blue_00_01_00_00	blue	ポセイドの歌い手	Songbird of Poseido		300	1	《デッキ》\nこのカードは何枚でもデッキに入れられる。\n【常時】\nこのカードはブロックできない。	A <Deck> can have any\nnumber of this card.\n[Passive]\nThis\nminion cannot block.	Basic	BASIC DECK	Basic		gamerch	755	ポセイドの歌い手	https://www.aicarddass.com/zenonzard/images/cardlist/cards/blue_00_01_00_00.png?v=20201113	base_minion	ベース・ミニオン	blue	青		ベーシック	15	マーフォーク	Basic					
blue_00_01_01_00	blue	ポセイドの守護者	Guardian of Poseido		100	1	【常時】\nこのミニオンはブロックできない。\n《ベース》【自分のターン終了時】\nこのマナをアクティブにする。	[Passive]\nThis minion cannot block.\n<Base> [At the End of Your Turn]\nThis mana enters the Active State.	AWAKEN				gamerch	754	ポセイドの守護者	https://www.aicarddass.com/zenonzard/images/cardlist/cards/blue_00_01_01_00.png?v=20201113	base_minion	ベース・ミニオン	blue	青		PC:01 AWAKEN	14	マーフォーク	R					
blue_00_01_01r_00	blue	マーメイドの戦士	Mer Soldier		300	1	【常時】\nこのミニオンはブロックできない。\n【配置時】\n自分のミニオン1体をベースに移動できる。	———\n[Passive]\nThis minion cannot block.\n<Base> [When Placed]\nYou can move one of your minions to the<Base>. ([When Retreating] abilities will\nactivate.)	BEYOND				gamerch	756	マーメイドの戦士	https://www.aicarddass.com/zenonzard/images/cardlist/cards/blue_00_01_01r_00.png?v=20201113	base_minion	ベース・ミニオン	blue	青		PC:01R BEYOND	12	マーフォーク	E					
blue_00_01_02_00	blue	「泡精」バルボラ	Balbora - The Bubble Sprite		300	0	加護：青	Boost: Blue					seesaa	757	「泡精」バルボラ	https://www.aicarddass.com/zenonzard/images/cardlist/cards/blue_00_01_02_00.png?v=20201113	base_minion	ベース・ミニオン	blue	青		PC:02 CONTRACT	11	ニンフ	C					
blue_00_01_02_01	blue	「波精」ヴルーヴェ	Bleuvert - The Wave Sprite		100	1	［加護:青+コスト4以上］\n«付与能力»【アタック時】\n自分の移動権を1増やす。	Boost: Blue + Cost 4 or Higher\n<Boost Ability> [When Attacking]\nIncrease your Movement by 1.	CONTRACT				gamerch	758	「波精」ヴルーヴェ	https://www.aicarddass.com/zenonzard/images/cardlist/cards/blue_00_01_02_01.png?v=20201113	base_minion	ベース・ミニオン	blue	青		PC:02 CONTRACT	11	ニンフ	E					
blue_00_01_02r_00	blue	「雨精」レインディ	Reina - The Rain Sprite				《付与能力》\n【常時】\n自分がマジックを使用するたび、このターン中、こ\nのミ二オンをBP+200する。	Boost: Blue —\n<Boost Ability> [Passive]\nWhenever you use a Magic card, this\nminion gains +200BP for the duration of the\nturn.					ocr	759	「雨精」レインディ	https://www.aicarddass.com/zenonzard/images/cardlist/cards/blue_00_01_02r_00.png?v=20201113	base_minion	ベース・ミニオン	blue	青		PC:02R DIVINE	10	ニンフ	R					
blue_00_01_02r_01	blue	「珊瑚精」コラリーノ	Cortney - The Coral Sprite				《ベー\n【配置時】\n自分のマナが（このマナを含めて）4つ以上の場\n合、自分は力一ドを1枚引く。\nTＥＰＩＣ	Boost: Blue + Cost 2 or Higher\n<Base> [When Placed]\nIf you have four or more mana (including\nthis one) in your base, draw one card.					ocr	760	「珊瑚精」コラリーノ	https://www.aicarddass.com/zenonzard/images/cardlist/cards/blue_00_01_02r_01.png?v=20201113	base_minion	ベース・ミニオン	blue	青		PC:02R DIVINE	10	ニンフ	E					
blue_00_01_EX03_00	blue	戦士グスタフ	The Soldier Gustav	0			【召喚時】\n相手のデッキを上から１枚破棄する。\n【自分のターン】\nこのミニオンは移動できない。	[When Summoned]\nYour opponent discards the top card\nfrom their deck.\n[On Your Turn]\nThis minion cannot move.					ocr	752	戦士グスタフ	https://www.aicarddass.com/zenonzard/images/cardlist/cards/blue_00_01_EX03_00.png?v=20201113	field_minion	フィールド・ミニオン	blue	青	0	EX:03 Battle Spirits	5	BS|ゴレイム	E					
blue_00_03_02_00	blue	マーフォークス・マーチ	Merfolk March	0			【メイン】\n自分の青のミニオンがいる場合、自分の移動権を1増やす。	[Main]\nIf you have a Blue Minion on your field, your Movement is increased by 1.	CONTRACT				gamerch	753	マーフォークス・マーチ	https://www.aicarddass.com/zenonzard/images/cardlist/cards/blue_00_03_02_00.png?v=20201113	magic	マジック	blue	青	0	PC:02 CONTRACT	11		C					
blue_01_01_03_00	blue	クラゲガール	Jellygirl	1			【破壊時】\n自分の種族「エヴォーカ」を持つ、青または無色\nのマナがある場合、自分のトラッシュにあるコスト\n4以下の青のマジックカード1枚を手札に戻す。\n【常時】\nこのミニオンはベースに移動するとき、レスト状態\nで移動する。	[When Destroyed]\nIf you have Blue or Neutral Mana belonging\nto the Evoker class in your base, retrieve one\nBlue Magic card with a cost of 4 or lower\nfrom your trash and return it to your hand\n[Passive]\nThis minion enters the Rest State when it\nmoves to your base.					ocr	785	クラゲガール	https://www.aicarddass.com/zenonzard/images/cardlist/cards/blue_01_01_03_00.png?v=20201113	field_minion	フィールド・ミニオン	blue	青	1	PC:03 EVOLVE	8	スプライト	R					
blue_01_01_05_00	blue	魔法サーカス団シャボン	Bubbler of the Magic Circus	1			【召喚時】\n自分の種族「アーティスト」を持つマナがある場合、\n下記のうちカード1枚を手札に加える。\n「碧の秘術書」「レブレーション」「緊急採掘命令」\n【常時】\nこのミニオンはベースに移動するとき、レスト状態で\n移動する。	"[When Summoned]\nIf you have mana belonging to the Artist class in\nyour base, add one of the following cards to your\nhand\nBook of Sacred Arts"", Revelation"", ""Emergency\nMining Order"".\n[Passive]\nThis minion enters the Rest State when it moves\nto the base."					ocr	787	魔法サーカス団シャボン	https://www.aicarddass.com/zenonzard/images/cardlist/cards/blue_01_01_05_00.png?v=20201113	field_minion	フィールド・ミニオン	blue	青	1	PC:05 GLORY	2	アーティスト	C					
blue_01_01_06_00	blue	海賊スカーク	Skark of the Ghost Fleet	2			【召喚時】\nお互いのデッキを上から1枚ずつ破棄する。\n【破壊時】\n相手のコスト4以下のミニオン1体を、レスト状態\nでベースに移動させる。	[When Summoned]\nDiscard the top card from your and your\nopponent's deck.\n[When Destroyed]\nMove one of your opponent's minions\nwith a cost of 4 or lower into their base in the\nRest State.					ocr	811	海賊スカーク	https://www.aicarddass.com/zenonzard/images/cardlist/cards/blue_01_01_06_00.png?v=20201113	field_minion	フィールド・ミニオン	blue|purple	青|紫	2	PC:06 HELIX	1	スプライト|モンスター	R					
blue_01_01_EX03_00	blue	戦竜エルギニアス	The BattleDragon Elginius	1			《ベース》\n【後退時】\n自分のライフ2以下のフォース1つをアクティブに\nする。\n【常時】\nこのミニオンはベースに移動するとき、\nレスト状態\nで移動する。	<Base> [When Retreating]\nSelect one of your Forces with 2 points or\nlower to enter the Active State.\n[Passive]\nThis minion enters the Rest State when it\nmoves to the base.					ocr	786	戦竜エルギニアス	https://www.aicarddass.com/zenonzard/images/cardlist/cards/blue_01_01_EX03_00.png?v=20201113	field_minion	フィールド・ミニオン	blue	青	1	EX:03 Battle Spirits	5	BS|ダイナソー	C					
blue_01_02_01_00	blue	ウンディーネ	Undine	1	200	0	【自分のターン】\nこのターンに自分がマジックを使用している場合、このミニオンをDP+1する。\n【常時】\nこのミニオンはベースに移動するとき、レスト状態で移動する。	[On Your Turn]\nIf you have used a magic card this turn, this minion gains +1DP for the duration of the turn.\n[Passive]\nThis minion enters the Rest State when it moves to the base.	AWAKEN				gamerch	783	ウンディーネ	https://www.aicarddass.com/zenonzard/images/cardlist/cards/blue_01_02_01_00.png?v=20201113	field_minion	フィールド・ミニオン	blue	青	1	PC:01 AWAKEN	14	スプライト	C					
blue_01_02_02_00	blue	ペンタゴナ音楽隊「見習組」	Pentagona Orchestra Trainees	1(青1)	200	0	【召喚時】\n自分のデッキを上から1枚見る。そのカードをデッキの上か下に戻す。\n【常時】\nこのミニオンはベースに移動するとき、レスト状態で移動する。	[When Summoned]\nLook at the top card of your deck. You\ncan return the card to either the top or\nbottom of your deck.\n[Passive]\nThis minion enters the Rest State when it\nmoves to the base.	CONTRACT				gamerch	784	ペンタゴナ音楽隊「見習組」	https://www.aicarddass.com/zenonzard/images/cardlist/cards/blue_01_02_02_00.png?v=20201113	field_minion	フィールド・ミニオン	blue	青	1	PC:02 CONTRACT	11	アーティスト	R					
blue_01_02_04_00	blue	エヴォーカー覚醒	Evoker Awakening	1			択する。そのマナの【配置時】効果を発揮させる。	[Main]\n‘Select one Blue Mana belonging to the |\nA.\nra\nEvoker class in your base. Activate that\npane’ [When Placed] effect.\ne\nwl\ncul\n~~\nmm yt					ocr	791	エヴォーカー覚醒	https://www.aicarddass.com/zenonzard/images/cardlist/cards/blue_01_02_04_00.png?v=20201113	magic	マジック	blue	青	1	PC:04 FORBIDDEN	6		C					
blue_01_02_04_01	blue	クーの第1魔法：フォーサイト	Sheldon's Spells, Entry 1: Foresight	1			【メイン】\n自分の移動権を1増やす。その後、このカードを除\n加える。	- card is part of the Arcana class.\n[Main]\n“Increase your Movement by. 1. Then\n“banish this card and add one Sheldon's\npope Entry 2: Launch to your hand. fe\nke					ocr	792	クーの第1魔法：フォーサイト	https://www.aicarddass.com/zenonzard/images/cardlist/cards/blue_01_02_04_01.png?v=20201113	magic	マジック	blue	青	1	PC:04 FORBIDDEN	6		R					
blue_01_02_04_02	blue	マリンの第1魔法：チョイス	Marlene's Spells, Entry 1: Decision	1			【メイン1\n自分のデッキを上から4枚見て、その中の青のマ\nックカー1枚を公開して手札こ加える。残りを\nンダムにデッキの下に戻す。その後、このカードを\nト」１枚を手札に加える。\nＥＰＩＣ	eS\nae\nThis card is part of the Arcana class\n[Main]}\nLook at the top four cards of your deck and\n= select one Blue Magic card. Reveal it to your\nopponent, and add it to your hand. Then\nshuffle your deck, banish. this card, and add\none Marlene's Spells; Entry: 2: Aqua! Blast to\n™your hand.\nee\nay					ocr	793	マリンの第1魔法：チョイス	https://www.aicarddass.com/zenonzard/images/cardlist/cards/blue_01_02_04_02.png?v=20201113	magic	マジック	blue	青	1	PC:04 FORBIDDEN	6		E					
blue_01_02_05_00	blue	マジカルパレード Lv1	Magical Parade Lv.1	1			【メイン】\n自分のプレイヤーに「ターンに1回、自分の種族「ア-\nティスト」を持つミニオンがフィールドに出るたぴ、この\nターン、次に使用する自分の本来のコストがX以下のマジッ\nクカードのコストを0にする。Xはそのミニオンのコスト\nと同じとする。」を付与する。この効果は重複しない。\n進化：この力一手札から使用しとき	[Main] You receive the following effect (this effect cannot stack):\nThis effect activates once per turn when a minion belonging to the Artist class enters your field. The next Magic card\nyou use during the same turn with an original cost of X or\nlower will have a cost of 0, X is equal to the cost of the minion that entered the field.\nEvolve: Use this card from your hand\nMagical Parade becomes Lv.2					ocr	794	マジカルパレード Lv1	https://www.aicarddass.com/zenonzard/images/cardlist/cards/blue_01_02_05_00.png?v=20201113	magic	マジック	blue	青	1	PC:05 GLORY	2		L					
blue_01_03_01r_00	blue	碧の秘術書	Book of Sacred Arts	1			【メイン】\n自分のデッキを上から4枚見て、その中のマジックカード1枚を公開して手札に加える。残りをランダムにデッキの下に戻す。	[Main]\nLook at the top four cards of your deck\nand select one Magic card. Reveal it to your\n“opponent and add it to your hand. Put\nthe rest back on the bottom of your deck in\n- random order.	BEYOND				gamerch	789	碧の秘術書	https://www.aicarddass.com/zenonzard/images/cardlist/cards/blue_01_03_01r_00.png?v=20201113	magic	マジック	blue	青	1	PC:01R BEYOND	12		C					
blue_01_03_02r_00	blue	コギト・エルゴ・スム	Cogito, Ergo Sum	1			自分はカードを1枚引き、自分の移動権を1消費す\nる。消費した場合、無色マナ1つをレスト状態で\nベースに置く。	[Main]\nDraw one card. Also, reduce Movement by 1, and if you do, place one Neutral\ninto your base in the Rest State.					ocr	790	コギト・エルゴ・スム	https://www.aicarddass.com/zenonzard/images/cardlist/cards/blue_01_03_02r_00.png?v=20201113	magic	マジック	blue	青	1	PC:02R DIVINE	10		R					
blue_02_00_06_00	blue	海賊ゲストフロッグ	Frogue of the Ghost Fleet				《ベース》\n【配置時】\n自分のデッキを上から2枚見て、その中の青または\n紫のカード1枚を破棄する。残りをランダムにデッ\nキの下に戻す。	ae\n<Base> [When Placed]\nLook at the top two cards of your deck\nand select one Blue or Purple card to\ndiscard. Put the other card on the bottom of\nyour deck.					ocr	782	海賊ゲストフロッグ	https://www.aicarddass.com/zenonzard/images/cardlist/cards/blue_02_00_06_00.png?v=20201113	base_minion	ベース・ミニオン	blue|purple	青|紫		PC:06 HELIX	1	スプライト|モンスター	R					
blue_02_01_03_00	blue	ポセイドのエイ乗り	Ray Rider of Poseido	2			【召喚時】\n自分はカードを1枚引く。\n【常時】\n相手の手札にあるフィールド・ミニオンカードのコ\nストは変動しない。（\n（コストは増減せず、0になら\nない)	[When Summoned]\nDraw one card.\n[Passive]\nThe cost of Field Minion cards in your\nopponent's hand cannot increase, decrease\nor become 0.					ocr	802	ポセイドのエイ乗り	https://www.aicarddass.com/zenonzard/images/cardlist/cards/blue_02_01_03_00.png?v=20201113	field_minion	フィールド・ミニオン	blue	青	2	PC:03 EVOLVE	8	マーフォーク	C					
blue_02_01_03_01	blue	「アクアの召喚獣」シードラ Lv1	Seadra - Of Aqua Lv.1	2			進化：手札から「シーワーム」が召喚されたとき	Evolve: Summon minion from the Seawyrm class\nAqua - Conjurer of Hydras Lv.1 and\nSeadra - Of Aqua Lv.1 become Lv. 2.					ocr	803	「アクアの召喚獣」シードラ Lv1	https://www.aicarddass.com/zenonzard/images/cardlist/cards/blue_02_01_03_01.png?v=20201113	field_minion	フィールド・ミニオン	blue	青	2	PC:03 EVOLVE	8	アルカナ	R					
blue_02_01_03_02	blue	「アクアの召喚獣」シードラ Lv2	Seadra - Of Aqua Lv.2	2			【自分の夕\n自分の種族「シーワーム」を持つミニオン全てはブ\nロックされない。\n進化：手札から「シーワーム」が召喚されたとき	Your minions belonging to the Seawyrm\nclass cannot be blocked.\nEvolve: Summon minion from the Seawyrm class\nAqua - Conjurer of Hydras Lv.2 and\nSeadra - Of Aqua Lv.2 become Lv. 3.					ocr	804	「アクアの召喚獣」シードラ Lv2	https://www.aicarddass.com/zenonzard/images/cardlist/cards/blue_02_01_03_02.png?v=20201113	field_minion	フィールド・ミニオン	blue	青	2	PC:03 EVOLVE	8	アルカナ	R					
blue_02_01_03_03	blue	「アクアの召喚獣」シードラ Lv3	Seadra - Of Aqua Lv.3	2			【自分の夕\n自分の種族「シーワーム」を持つミニオン全てはブ\nロックされない。\n【自分の夕\n自分のミニオンがダメージを与えるたび、自分は\nカ一ドを1枚引く。この効果は重複しない。	[On Your Turn]\nYour minions belonging to the Seawyrm\nclass cannot be blocked.\n[On Your Turn]\nWhenever one of your minions deals\ndamage, draw one card. This effect cannot\nstack.					ocr	805	「アクアの召喚獣」シードラ Lv3	https://www.aicarddass.com/zenonzard/images/cardlist/cards/blue_02_01_03_03.png?v=20201113	field_minion	フィールド・ミニオン	blue	青	2	PC:03 EVOLVE	8	アルカナ	R					
blue_02_01_06_00	blue	魔法サーカス団「ジャグラー」フィッシュマン	Fischeman - Juggler of the Magic Circus	7			【常時】\n自分のトラッシュにある有色のマジックカードの色\n1種類每に、このミ二オンをBP+100/DP+1す\nEＰIＣ	Infiltrate\n[Passive]\nFor each color of Magic card in your\ntrash, this minion gains +100BP/+1DP.					ocr	923	魔法サーカス団「ジャグラー」フィッシュマン	https://www.aicarddass.com/zenonzard/images/cardlist/cards/blue_02_01_06_00.png?v=20201113	field_minion	フィールド・ミニオン	blue	青	7	PC:06 HELIX	1	アーティスト	E					
blue_02_01_06_01	blue	魔法サーカス団「イリュージョニスト」シルク	Sylk - Illusionist of the Magic Circus	4			【常時】\nこのミニオンがアクティブ状態である場合、このミニオンは相手\nの効果で選択できない。\n【常時】\n自分の種族「アーティスト」を持つマナでマジックカードのコス\nトを支払う場合、全ての色のマナとして支払うことができる。\n【自分のターン】\n相手がマジックを使用するたび、タンに1回、そのカドと同じ\n力ード1枚を手札に加る。	[Passive]\nIf this minion is in the Active State, it cannot be selected as\na target for your opponent's card effects.\n[Passive]\nWhen using mana belonging to the Artist class to pay the\ncost of a Magic card, that mana can act as any color.\n[On Your Turn]\nWhenever your opponent uses a Magic card, once per\nturn, add a copy of that card to your hand.					ocr	863	魔法サーカス団「イリュージョニスト」シルク	https://www.aicarddass.com/zenonzard/images/cardlist/cards/blue_02_01_06_01.png?v=20201113	field_minion	フィールド・ミニオン	blue	青	4	PC:06 HELIX	1	アーティスト	L					
blue_02_01_EX03_00	blue	大地の狩人コンドラッド	The Hunter Condrad	2			【常時】\nお互いのコスト2以下のミニオンの【召喚時】効果\nは発揮しない。	Chain: Card Battler\n[Passive]\nThe [When Summoned] abilities of\nminions with a cost of 2 or lower will not\nactivate.					ocr	806	大地の狩人コンドラッド	https://www.aicarddass.com/zenonzard/images/cardlist/cards/blue_02_01_EX03_00.png?v=20201113	field_minion	フィールド・ミニオン	blue	青	2	EX:03 Battle Spirits	5	BS	C					
blue_02_01_EX04_00	blue	仮面ライダーオーズ タトバ コンボ	Orléan - King of Beasts	2			【自分のターン\nこのミニオンがダメージを与えるたび、種族「仮\n面」を持つ青のミ二オンに変身できる。\n【自分の夕\nこのミニオンがレスト状態である場合、このミニオ\nンは相手の効果で選択できない。	[On Your Turn]\nWhenever this minion deals damage, it can\nMorph into a Blue Minion belonging to the\nMask class.\n[On Your Turn]\nIf this minion is in the Rest State, it cannot\nbe selected as a target for your opponent's\ncard effects.					ocr	807	仮面ライダーオーズ タトバ コンボ	https://www.aicarddass.com/zenonzard/images/cardlist/cards/blue_02_01_EX04_00.png?v=20201113	field_minion	フィールド・ミニオン	blue	青	2	EX:04 KAMEN RIDER	4	仮面	R					
blue_02_01_EX04c_00	blue	「獣王」オルレアン		2			【自分の夕\nこのミニオンがダメージを与えるたび、種族「仮\n面」を持つ青のミ二オンに変身できる。\n【自分の夕-\nこのミニオンがレスト状態である場合、\nこのミニオ\nンは相手の効果で選択できない。						ocr	808	「獣王」オルレアン	https://www.aicarddass.com/zenonzard/images/cardlist/cards/blue_02_01_EX04c_00.png?v=20201113	field_minion	フィールド・ミニオン	blue	青	2	EX:04 HEROIC_MASQUERADE	3	仮面	R					
blue_02_02_00_00	blue	ペンタゴナ音楽隊「チューバ」	Pentagona Orchestra Tubist	2	200	1	【常時】\n自分がマジックを使用するたび、このミニオンにBP+100を付与する。	[Passive]\nWhenever you use a Magic card, thisminion receives +100BP.	Basic				gamerch	796	ペンタゴナ音楽隊「チューバ」	https://www.aicarddass.com/zenonzard/images/cardlist/cards/blue_02_02_00_00.png?v=20201113	field_minion	フィールド・ミニオン	blue	青	2	ベーシック	15	アーティスト	Basic					
blue_02_02_00_01	blue	トライホーンウォールラス	Horned Walrus	2	300	1	効果なし		Basic				gamerch	797	トライホーンウォールラス	https://www.aicarddass.com/zenonzard/images/cardlist/cards/blue_02_02_00_01.png?v=20201113	field_minion	フィールド・ミニオン	blue	青	2	ベーシック	15	ビースト	Basic					
blue_02_02_01_00	blue	トータスマウス	Tortoise Mouse	2	200	1	【召喚時】\nお互いはカードを１枚引く。	[When Summoned]\nEach player draws one card.	AWAKEN				gamerch	795	トータスマウス	https://www.aicarddass.com/zenonzard/images/cardlist/cards/blue_02_02_01_00.png?v=20201113	field_minion	フィールド・ミニオン	blue	青	2	PC:01 AWAKEN	14	ラット	C					
blue_02_02_01r_00	blue	ウォードバイパー	Viper Ward	2	200	1	【後退時】\n自分の手札が4枚以下である場合、自分はカードを1枚引く。	<Base> [When Retreating]\nIf you have four or fewer cards in your\nhand, draw one card.	BEYOND				gamerch	798	ウォードバイパー	https://www.aicarddass.com/zenonzard/images/cardlist/cards/blue_02_02_01r_00.png?v=20201113	field_minion	フィールド・ミニオン	blue	青	2	PC:01R BEYOND	12	シーワーム	C					
blue_02_02_01r_01	blue	ペンタゴナ音楽隊「フルート」	Pentagona Orchestra Flutist	2	300	1	【常時】\n自分の手札にあるマジックカードのフリーコストを1減らす。	[Passive]\nReduce the basic cost of the Magic cards\nin your hand by 1.	BEYOND				gamerch	799	ペンタゴナ音楽隊「フルート」	https://www.aicarddass.com/zenonzard/images/cardlist/cards/blue_02_02_01r_01.png?v=20201113	field_minion	フィールド・ミニオン	blue	青	2	PC:01R BEYOND	12	アーティスト	R					
blue_02_02_02_00	blue	ポイズンガブ	Venom Chomp	2(青1)	300	1	効果なし						seesaa	800	ポイズンガブ	https://www.aicarddass.com/zenonzard/images/cardlist/cards/blue_02_02_02_00.png?v=20201113	field_minion	フィールド・ミニオン	blue	青	2	PC:02 CONTRACT	11	シーワーム	C					
blue_02_02_02r_00	blue	マーフォーク探検隊員	Merfolk Explorer	2			【加護時】\nこのミ二オンに[潜入]を付与する。	[When Boosted]\nThis minion receives the Infiltrate effect.					ocr	801	マーフォーク探検隊員	https://www.aicarddass.com/zenonzard/images/cardlist/cards/blue_02_02_02r_00.png?v=20201113	field_minion	フィールド・ミニオン	blue	青	2	PC:02R DIVINE	10	マーフォーク	C					
blue_02_02_04_00	blue	クーの第2魔法：ラウンチ	Sheldon's Spells, Entry 2: Launch	2			【メイン】\n自分のコスト6以下のミニオンカードであるマナ1\nつを、フィールドにアクティブ状態で移動させる。\nそうした場合、青マナ1つをレスト状態でベースに\n魔法：バブルシールド」1枚を手札に加える	| This card is part of the Arcana class.\n[Main]\nMove one of your minions with a cost of 6\nor lower fromthe base to the field and put it\nin the Active State. If you do, place one Blue\nMana into your <Base>.\nthe Rest State. Then\nbanish this card and add one Sheldon's\nSpells, Entry 3: Bubble Shield to your hand.					ocr	815	クーの第2魔法：ラウンチ	https://www.aicarddass.com/zenonzard/images/cardlist/cards/blue_02_02_04_00.png?v=20201113	magic	マジック	blue	青	2	PC:04 FORBIDDEN	6		R					
blue_02_03_00_00	blue	コントロールカレント	Controlling Current	2	-	-	【フラッシュ】\nこのターン中、ミニオン1体をBP+300する。そのミニオンが種族「マーフォーク」を持つミニオンである場合、自分はカードを1枚引く。	[Flash] Select one minion to gain +300BP for the\nduration of this turn. If that minion belongs to the Merfolk class, draw one card.	Basic				gamerch	814	コントロールカレント	https://www.aicarddass.com/zenonzard/images/cardlist/cards/blue_02_03_00_00.png?v=20201113	magic	マジック	blue	青	2	ベーシック	15		Basic					
blue_02_03_01_00	blue	サプライズドマジック	Surprise Onslaught	2	-	-	【フラッシュ】\nこのターン中、相手のコスト4以下のミニオン全ての本来の数値をDP-1する。	[Flash], The original DP of all your opponent's minions with a cost of 4 or lower is reduced\nby 1 for the duration of this turn.	AWAKEN				gamerch	812	サプライズドマジック	https://www.aicarddass.com/zenonzard/images/cardlist/cards/blue_02_03_01_00.png?v=20201113	magic	マジック	blue	青	2	PC:01 AWAKEN	14		C					
blue_02_03_01_01	blue	ヴァイオレントストリーム	Violent Stream	2	-	-	【フラッシュ】\n相手のコスト4以下のミニオン1体をレスト状態でベースに移動させる。	- [Flash]\nMove one of your opponent's minions\nwith a cost of 4 or lower into their base in the Rest State.	AWAKEN				gamerch	813	ヴァイオレントストリーム	https://www.aicarddass.com/zenonzard/images/cardlist/cards/blue_02_03_01_01.png?v=20201113	magic	マジック	blue	青	2	PC:01 AWAKEN	14		C					
blue_02_04_00_00	blue	マーフォーク・トークン	Token Merman	2			（効果なし）						seesaa	817	マーフォーク・トークン	https://www.aicarddass.com/zenonzard/images/cardlist/cards/blue_02_04_00_00.png?v=20201113	token_minion	ミニオン・トークン	blue	青	2	ベーシック	15	マーフォーク	Basic					
blue_03_00_06_00	blue	魔法サーカス団モギリ	Ticket Taker of the Magic Circus	5			《ベース》\n【自分の夕\nン終了時】\n自分の種族「アーティスト」を持つマナ全てをアク\nティブにする。\nRＡＲＥ	<Base> [At the End of Your Turn]\nAll of your mana belonging to the Artist\nclass return to the Active State.					ocr	895	魔法サーカス団モギリ	https://www.aicarddass.com/zenonzard/images/cardlist/cards/blue_03_00_06_00.png?v=20201113	base_minion	ベース・ミニオン	blue	青	5	PC:06 HELIX	1	アーティスト	R					
blue_03_01_03_00	blue	「ポセイドのウェイター」メタル	Metal - Waiter of Poseido	3			【召喚時】\n相手のミ二オン1体にBP-100と本来の数值にDP-1を付与する。\n【常時】\nこのミニオンがクティブ状態でなければ[加]は付与されな\n【加護時】\n青の加護である場合、加護しているマナを除外して、「「解放の\nギタリスト」メタルに変形する。	"[When Summoned]\nDeal -100BP and -1DP to one of your opponent's minions\nThe DP reduction applies only to the minion's original DP\nvalue.\n[Passive]\nThis minion cannot receive a {Boost} when not in the\nActive State.\n[When Boosted]\nIf Boosted by a Blue Mana, banish that mana. This card\nTransforms into ""Metal - The Unleashed Guitarist""."					ocr	823	「ポセイドのウェイター」メタル	https://www.aicarddass.com/zenonzard/images/cardlist/cards/blue_03_01_03_00.png?v=20201113	field_minion	フィールド・ミニオン	blue	青	3	PC:03 EVOLVE	8	ソード|マーフォーク	E					
blue_03_01_03_01	blue	「解放のギタリスト」メタル	Metal - The Unleashed Guitarist	3			【変形時】\n自分はカードを2枚引く。青マナ1つをレスト状態\nでベースに置く。\n【常時】\n自分がマジックを使用するたび、このター\nのミニオンをBP+300する。	[When Transformed]\nDraw two cards. Place one Blue Mana\ninto your base in the Rest State.\n[Passive]\nThis minion gains +300BP for the\nduration of the turn whenever you use a Magic\ncard.					ocr	824	「解放のギタリスト」メタル	https://www.aicarddass.com/zenonzard/images/cardlist/cards/blue_03_01_03_01.png?v=20201113	field_minion	フィールド・ミニオン	blue	青	3	PC:03 EVOLVE	8	ソード|マーフォーク	E					
blue_03_01_03_02	blue	ブック・ワーム	Bookwyrm	3			【アタック時】\n相手のコスト3以下のミニオン1体を、\nレスト状態\nでベースに移動させる。\nース》\nこのマナはフィールドに移動するとき、\n状態で移動する。	[When Attacking]\nMove one of your opponent's minions\nwith a cost of 3 or lower into their base in the\nRest State.\n<Base>\nWhen this minion moves from the base to\nthe field, it enters the Active State.					ocr	825	ブック・ワーム	https://www.aicarddass.com/zenonzard/images/cardlist/cards/blue_03_01_03_02.png?v=20201113	field_minion	フィールド・ミニオン	blue	青	3	PC:03 EVOLVE	8	シーワーム	E					
blue_03_01_03_03	blue	虹色の妖精	Rainbow Fairy	3			【破壊時】\n自分のミニオンカードであるマナ1つを、フィール\nドにアクティブ状態で移動させることができる。	[When Destroyed]\nYou can move one of your minions from\nyour base to the field and put it in the\nActive State.					ocr	826	虹色の妖精	https://www.aicarddass.com/zenonzard/images/cardlist/cards/blue_03_01_03_03.png?v=20201113	field_minion	フィールド・ミニオン	blue	青	3	PC:03 EVOLVE	8	スプライト	C					
blue_03_01_04_00	blue	サイエンスワーム	Sciencewyrm	3			【自分の夕\nこのミニオンがダメージを与えるたび、自分はカ-\nドを1枚引く。	[On Your Turn]\nWhenever this minion deals damage\ndraw one card.					ocr	827	サイエンスワーム	https://www.aicarddass.com/zenonzard/images/cardlist/cards/blue_03_01_04_00.png?v=20201113	field_minion	フィールド・ミニオン	blue	青	3	PC:04 FORBIDDEN	6	シーワーム	C					
blue_03_01_04_01	blue	ポセイドの魔法使い	Sorceress of Poseido	3			【召喚時】\nこのタ一ン、次に使用する自分の青の種族「アルカ\nナ」を持つマジックカードのコストを0にする。	[When Summoned]\nThe next Blue Magic card belonging to\nthe Arcana class you use this turn has a cost\nof O.					ocr	828	ポセイドの魔法使い	https://www.aicarddass.com/zenonzard/images/cardlist/cards/blue_03_01_04_01.png?v=20201113	field_minion	フィールド・ミニオン	blue	青	3	PC:04 FORBIDDEN	6	マーフォーク	R					
blue_03_01_04_02	blue	マジシャンズラット	Magician's Rat	3			【召喚時】\n&【加護時】\n自分はカドを1枚引く	[When Summoned] & [When Boosted]\nDraw one card.					ocr	829	マジシャンズラット	https://www.aicarddass.com/zenonzard/images/cardlist/cards/blue_03_01_04_02.png?v=20201113	field_minion	フィールド・ミニオン	blue	青	3	PC:04 FORBIDDEN	6	ラット	C					
blue_03_01_05_00	blue	魔法サーカス団支配人	Owner of the Magic Circus	3			【召唤時】\n自分はデッキの中から「マジカルパレード」1枚を\n公開して手札に加えることができる。その後、自分\nのデッキをシャッフルする。\n《ベース》\n【後退時】\n自分は力ードを1枚引く。	"[When Summoned]\nYou can search your deck for one\n""Magical Parade"", reveal it to your opponent, and\nadd it to your hand. Then, shuffle your\ndeck.\n<Base> [When Retreating]\nDraw one card."					ocr	833	魔法サーカス団支配人	https://www.aicarddass.com/zenonzard/images/cardlist/cards/blue_03_01_05_00.png?v=20201113	field_minion	フィールド・ミニオン	blue	青	3	PC:05 GLORY	2	アーティスト	C					
blue_03_01_05_01	blue	ペンタゴナ音楽隊「シンバル」	Pentagona Orchestra Cymbalist	3			【自分の夕\n自分がマジックを使用するたび、相手のミニオン全\nてにBP-100を付与する。	[On Your Turn]\nWhenever you use a Magic card\ndeal -1O0BP to all your opponent's\nminions.					ocr	834	ペンタゴナ音楽隊「シンバル」	https://www.aicarddass.com/zenonzard/images/cardlist/cards/blue_03_01_05_01.png?v=20201113	field_minion	フィールド・ミニオン	blue	青	3	PC:05 GLORY	2	アーティスト	E					
blue_03_01_05_02	blue	ブレイド・ワーム	Bladewyrm	3			【進撃時】\n自分が「麗のフォース“セイレーン”」を選んでいる\n場合、自分の手札にある種族「シーワーム」または\n「レギオン」を持つ、本来のコストが6以下の\nフィールド・ミニオンカード1枚を、レスト状態でベー\nスに置くことができる。	[When Advancing]\nIf you have chosen the Force of\nTemptation - Siren, you can place a Field Minion\nwith an original cost of 6 or lower\nbelonging to the Seawyrm or Legion class from\nyour hand into your base in the Rest State					ocr	835	ブレイド・ワーム	https://www.aicarddass.com/zenonzard/images/cardlist/cards/blue_03_01_05_02.png?v=20201113	field_minion	フィールド・ミニオン	blue	青	3	PC:05 GLORY	2	シーワーム|レギオン	R					
blue_03_01_06_00	blue	海賊ギョジー	Fisheyes of the Ghost Fleet	1			【常時】\nこのミニオンはベースに移動するとき、レスト状態\nで移動する。	[Passive]\nThis minion enters the Rest State when it\nmoves to the base.					ocr	788	海賊ギョジー	https://www.aicarddass.com/zenonzard/images/cardlist/cards/blue_03_01_06_00.png?v=20201113	field_minion	フィールド・ミニオン	blue|purple	青|紫	1	PC:06 HELIX	1	スプライト|モンスター	C					
blue_03_01_EX03_00	blue	MCギンガー	MC Gingar	3			【常時】\n自分のフォスはレスト状態でも固有能カを発揮す\n【常時】\n相手がマジックを使用するたび、相手のデッキを上\nから5枚破棄する。	[Passive]\nThe effects of your Forces are active\neven when your Forces are in the Rest State\n[Passive]\nWhenever your opponent uses a Magic\ncard, they must discard the top five cards\nfrom their deck.					ocr	830	MCギンガー	https://www.aicarddass.com/zenonzard/images/cardlist/cards/blue_03_01_EX03_00.png?v=20201113	field_minion	フィールド・ミニオン	blue	青	3	EX:03 Battle Spirits	5	BS	R					
blue_03_01_EX04_00	blue	仮面ライダーオーズ ラトラーター コンボ	Orléan - The Predator	3			【自分の夕\nこのミニオンがダメージを与えるたび、種族「仮\n面」を持つ青のミ二オンに変身できる。\n【加護時】&【変身時】\n自分の移動権を1増やす	[On Your Turn]\nWhenever this minion deals damage, it\ncan Morph into a Blue Minion belonging to\nthe Mask class.\n[When Boosted] & [When Morphed]\nIncrease your Movement by 1.					ocr	831	仮面ライダーオーズ ラトラーター コンボ	https://www.aicarddass.com/zenonzard/images/cardlist/cards/blue_03_01_EX04_00.png?v=20201113	field_minion	フィールド・ミニオン	blue	青	3	EX:04 KAMEN RIDER	4	仮面	C					
blue_03_01_EX04c_00	blue	「捕食者」オルレアン		3			【自分のターン】\nこのミニオンがダメージを与えるたび、種族「仮\n面」を持つ青のミ二オンに変身できる。\n【加護時】＆【変身時】\n自分の移動権を1増やす						ocr	832	「捕食者」オルレアン	https://www.aicarddass.com/zenonzard/images/cardlist/cards/blue_03_01_EX04c_00.png?v=20201113	field_minion	フィールド・ミニオン	blue	青	3	EX:04 HEROIC_MASQUERADE	3	仮面	C					
blue_03_02_00_00	blue	ホワイトフィンドルフィン	Whitefin Dolphin	3	200	1	【召喚時】\n自分はカードを1枚引く。	[When Summoned]\nDraw one card.	Basic				gamerch	820	ホワイトフィンドルフィン	https://www.aicarddass.com/zenonzard/images/cardlist/cards/blue_03_02_00_00.png?v=20201113	field_minion	フィールド・ミニオン	blue	青	3	ベーシック	15	ビースト	Basic					
blue_03_02_01_00	blue	ウォードバイソン	Python Ward	3	400	1	【アタック時】\nこのミニオンがダメージを与えるたび、自分のマナ1つをアクティブにする。	[When Attacking]\nWhenever this minion deals damage\nselect one of your mana to enter the Active\nState.	AWAKEN				gamerch	818	ウォードバイソン	https://www.aicarddass.com/zenonzard/images/cardlist/cards/blue_03_02_01_00.png?v=20201113	field_minion	フィールド・ミニオン	blue	青	3	PC:01 AWAKEN	14	シーワーム	C					
blue_03_02_01_01	blue	「導きの乙姫」マリーサ	Marisa - The Princess Pathfinder	3	400	1	［連携：青］\n【自分のターン】\n他の自分の青のミニオンがダメージを与えるたび、そのミニオンにDP+1を付与する。	Chain: Blue\n[On Your Turn]\nWhenever one of your other Blue Minions\ndeals damage, that minion receives +1DP.	AWAKEN				gamerch	819	「導きの乙姫」マリーサ	https://www.aicarddass.com/zenonzard/images/cardlist/cards/blue_03_02_01_01.png?v=20201113	field_minion	フィールド・ミニオン	blue	青	3	PC:01 AWAKEN	14	マーフォーク	E					
blue_03_02_02_00	blue	「顎砕の竜巫女」ソフィア	Sophia - Sorceress of Jawcrushers	3(青1)	400	1	【自分のターン】\n自分の種族「ドラゴン」を持つ、青または無色のミニオンカードが出るたび、自分はカードを1枚引く。	[On Your Turn]\nWhenever a Blue or Neutral Minion\nbelonging to the Dragon class enters your\nfield, draw one card.					seesaa	821	「顎砕の竜巫女」ソフィア	https://www.aicarddass.com/zenonzard/images/cardlist/cards/blue_03_02_02_00.png?v=20201113	field_minion	フィールド・ミニオン	blue	青	3	PC:02 CONTRACT	11	ヒューマノイド	R					
blue_03_02_02r_00	blue	マーフォーク・ウェイトレス	Merfolk Waitress	3			【召喚時]\n「ヴァイオレントストリ-ム」1枚を手札に加え\nる。(ゲ一ム外から手札に加える)	[When Summoned]\nAdd one Tidal Wave to your hand.\n(This is added from outside of the game.)					ocr	822	マーフォーク・ウェイトレス	https://www.aicarddass.com/zenonzard/images/cardlist/cards/blue_03_02_02r_00.png?v=20201113	field_minion	フィールド・ミニオン	blue	青	3	PC:02R DIVINE	10	マーフォーク	C					
blue_03_02_03_00	blue	食らいつき	Devour	3			【メイン】\nこのターン中、自分の青のミニオン全てに「【ア\nタック時】相手のミニオン1体をレスト状態でベース\nに移動させる。」を与える。	[Main]\nAll your Blue Minions receive the\nfollowing ability for the duration of this turn: [When Attacking] Move one of your\nopponent's minions into their base in the Rest State.					ocr	842	食らいつき	https://www.aicarddass.com/zenonzard/images/cardlist/cards/blue_03_02_03_00.png?v=20201113	magic	マジック	blue	青	3	PC:03 EVOLVE	8		R					
blue_03_02_04_00	blue	クーの第3魔法：バブルシールド	Sheldon's Spells, Entry 3: Bubble Shield	3			【メイン】\nこのターン中、自分の青または無色のミ二オン1体\nはブロックされない。その後、このカードを除外す	This card is part of the Arcana class\n[Main]\nSelect one of your Blue or Neutral Minions. This minion cannot be blocked for the duration of this turn. Then, banish this card,					ocr	843	クーの第3魔法：バブルシールド	https://www.aicarddass.com/zenonzard/images/cardlist/cards/blue_03_02_04_00.png?v=20201113	magic	マジック	blue	青	3	PC:04 FORBIDDEN	6		R					
blue_03_02_04_01	blue	マリンの第2魔法：ウォーターシュート	Marlene's Spells, Entry 2: Aqua Blast	3			【メイン】\n相手のコスト4以下のミニオン2体をレスト状態で\nベースに移動させる。その後、このカードを除外し\n加える。\nＥＰＩＣ	"This card is part of the Arcana class.\n[Main]\nMove two of your opponent's minions with a cost of 4 or lower into their base in the Rest State. Then, banish this card and\nadd one ""Marlene's Seals Entry, 3: Negation"" to your hand."					ocr	844	マリンの第2魔法：ウォーターシュート	https://www.aicarddass.com/zenonzard/images/cardlist/cards/blue_03_02_04_01.png?v=20201113	magic	マジック	blue	青	3	PC:04 FORBIDDEN	6		E					
blue_03_02_05_00	blue	ビックリショー	Surprise Entertainment	3			【メイン】ノフラッシュ】\n相手のコスト6以下のミニオン1体をレスト状態で\nベースに移動させる。自分の種族「アーティスト」\nを持つミ二オンがいる場合、さらに、無色マナ1つ\nをレスト状態でベースに置く。	[Main] / [Flash] Move one of your opponent's minions\nwith a cost of 6 or lower into their base in the\nRest State. If you have a minion\nbelonging to the Artist class on your field, place\none Neutral Mana into your base in the Rest State as well.					ocr	849	ビックリショー	https://www.aicarddass.com/zenonzard/images/cardlist/cards/blue_03_02_05_00.png?v=20201113	magic	マジック	blue	青	3	PC:05 GLORY	2		C					
blue_03_02_EX03_00	blue	マーキュリーゴブレット	Mercury Goblet	3			【フラッシュ】\n相手の最もコストの低いミニオン１体を破壊する。	[Flash]\nSelect one of opponent's minions with the lowest cost and destroy it.					ocr	845	マーキュリーゴブレット	https://www.aicarddass.com/zenonzard/images/cardlist/cards/blue_03_02_EX03_00.png?v=20201113	magic	マジック	blue	青	3	EX:03 Battle Spirits	5		R					
blue_03_02_EX03_01	blue	ストロングドロー	Strong Draw	3			【メイン】\n自分はカードを3枚引く。その後、自分の手札2枚\nを破棄する。	3 [Main] Draw three cards. Then, discard two cards.					ocr	846	ストロングドロー	https://www.aicarddass.com/zenonzard/images/cardlist/cards/blue_03_02_EX03_01.png?v=20201113	magic	マジック	blue	青	3	EX:03 Battle Spirits	5		C					
blue_03_02_EX04_00	blue	タトバキック	Marine Assault	3			【メイン】ノ【フラッシュ】\n自分のフィールド・ミニオンカードであるマナ1つ\nを、フィールドにアクティブ状態で移動させる。自\n分の種族「仮面」を持つマナを移動した場合、青マ\nナ1つをレスト状態でベースに置く。	4 [Main]/[Flash] ‘\nMove one of your Field Minions from\nyour base to the field and put it in the Active State. If that minion belongs to the Mask\nclass, place one Blue Mana into your base in the Rest State.					ocr	847	タトバキック	https://www.aicarddass.com/zenonzard/images/cardlist/cards/blue_03_02_EX04_00.png?v=20201113	magic	マジック	blue	青	3	EX:04 KAMEN RIDER	4		C					
blue_03_02_EX04c_00	blue	マリンアサルト		3			【メイン】ノ【フラッシュ】\n自分のフィールド・ミニオンカードであるマナ1つ\nを、フィールドにアクティブ状態で移動させる。自\n分の種族「仮面」を持つマナを移動した場合、青マ\nナ1つをレスト状態でベースに置く。						ocr	848	マリンアサルト	https://www.aicarddass.com/zenonzard/images/cardlist/cards/blue_03_02_EX04c_00.png?v=20201113	magic	マジック	blue	青	3	EX:04 HEROIC_MASQUERADE	3		C					
blue_03_03_00_00	blue	ユリーカのワルツ	Eureka Waltz	3	-	-	【メイン】\n自分はカードを2枚引く。	[Main]\nDraw two cards.	Basic				gamerch	839	ユリーカのワルツ	https://www.aicarddass.com/zenonzard/images/cardlist/cards/blue_03_03_00_00.png?v=20201113	magic	マジック	blue	青	3	ベーシック	15		Basic					
blue_03_03_00_01	blue	タイダルウェイブ	Tidal Wave	3	-	-	【フラッシュ】\n相手のミニオン1体をレスト状態でベースに移動させる。	[Flash]\nMove one of your opponent's minions\ninto their base in the Rest State.	Basic				gamerch	838	タイダルウェイブ	https://www.aicarddass.com/zenonzard/images/cardlist/cards/blue_03_03_00_01.png?v=20201113	magic	マジック	blue	青	3	ベーシック	15		Basic					
blue_03_03_01r_00	blue	サプライズドポータル	Surprise Portal	3			【メイン】/【フラッシュ】\n自分のミニオンであるマナ1つを、フィールドにアクティブ状態で移動させる。	[Main] / [Flash]\nMove one of your minions from your base\nto the field and in the Active State.	BEYOND				gamerch	840	サプライズドポータル	https://www.aicarddass.com/zenonzard/images/cardlist/cards/blue_03_03_01r_00.png?v=20201113	magic	マジック	blue	青	3	PC:01R BEYOND	12		C					
blue_03_03_02_00	blue	ソニックウェイブ	Sonic Wave	3(青1)			【メイン】/【フラッシュ】\n相手のミニオン1体にBP-200と本来の数値にDP-1を付与する。	[Main] / [Flash]\nDeal -200BP to one of your opponent's minions and -1DP to that minion's original DP value.					seesaa	841	ソニックウェイブ	https://www.aicarddass.com/zenonzard/images/cardlist/cards/blue_03_03_02_00.png?v=20201113	magic	マジック	blue	青	3	PC:02 CONTRACT	11		R					
blue_04_01_03_00	blue	ポセイドの仙人	Xian of Poseido	4			【召喚時】\n自分の種族「アルカナ」を持つミニオンがいる場\n合、下記のうちカド1枚を手札に加える。\n「コントロールカレント」「タイダルウェイブ\n「ユリーカのワルツ」	"Revenge\n[When Summoned]\nIf there is a minion belonging to the\nArcana class on your field, add one of the\nfollowing cards to your hand:\n""Controlling Current"", ""Eureka Waltz"",\n""Tidal Wave""."					ocr	856	ポセイドの仙人	https://www.aicarddass.com/zenonzard/images/cardlist/cards/blue_04_01_03_00.png?v=20201113	field_minion	フィールド・ミニオン	blue	青	4	PC:03 EVOLVE	8	マーフォーク	R					
blue_04_01_04_00	blue	「秘法の乙姫」マリーサ	Marisa - The Concealed Princess	4			【召喚時】\n自分の種族「エヴォーカ-」を持つ青マナが2つ以\n上ある場合、自分の移動権を1増やす。\n【自分の夕\n他の自分の青または無色のミ二オンがDPによるダ\nメージを与えるたぴ、そのミニオンにDP+1を付与\nし、自分のマナ1つをアクティブこする。	[When Summoned]\nIf you have two or more Blue Mana belonging to\nthe Evoker class in your base, increase your\nMovement by 1.\n[On Your Turn]\nWhenever one of your Blue or Neutral Minions\ndeals damage using DP, that minion receives +1DP\nand you select one of your mana to enter the\nActive State.					ocr	858	「秘法の乙姫」マリーサ	https://www.aicarddass.com/zenonzard/images/cardlist/cards/blue_04_01_04_00.png?v=20201113	field_minion	フィールド・ミニオン	blue	青	4	PC:04 FORBIDDEN	6	マーフォーク	L					
blue_04_01_04_02	blue	シーライオ	Sea Lion	4			【自分の夕\n自分が本来のコストが3以上のマジックを使用する\nたぴ、自分のプレイヤーを1回復する。この効果は\n重複しない。	[On Your Turn]\nWhenever you use a Magic card with an\noriginal cost of 3 or higher, restore 1 Life\npoint. This effect cannot stack.					ocr	857	シーライオ	https://www.aicarddass.com/zenonzard/images/cardlist/cards/blue_04_01_04_02.png?v=20201113	field_minion	フィールド・ミニオン	blue	青	4	PC:04 FORBIDDEN	6	ビースト	C					
blue_04_01_05_00	blue	「水の精霊」アクアスプライト	Brooke - The Water Sprite	4			【自分のターン\nこのターンに自分が本来のコストが4以上のマジッ\nクを使用している場合、自分の手札にあるこの力一\nドのフリーコストは0になる。\n【破壊時】\n相手のコスト6以下のミニオン1体をレスト状態で\nベースに移動させる。	[On Your Turn]\nIf you have used a Magic card with an original\ncost of 4 or higher this turn, the basic cost of this\ncard while in your hand becomes 0 for the\nduration of the turn.\n[When Destroyed]\nMove one of your opponent's minions with\ncost of 6 or lower into their base in the Rest State.					ocr	862	「水の精霊」アクアスプライト	https://www.aicarddass.com/zenonzard/images/cardlist/cards/blue_04_01_05_00.png?v=20201113	field_minion	フィールド・ミニオン	blue	青	4	PC:05 GLORY	2	スプライト	E					
blue_04_01_06_00	blue	「ゴースト海賊団・船長」ラミレス	Rhamyrez - Ghost Ship Captain	8			【召喚時】\n自分の青マナと紫マナがある場合、自分のトッシにある、\n戻す。このターン中、そのカードのコストを0する。\n【自分のターン\n自分の青まは紫のニンがタックするび、相手のコスト4以下\nのミ二オン1体を破壊する。そうした場合、自分はド1枚引く。	"Infiltrate\n[When Summoned]\nIf you have both Blue and Purple Mana in your base, retrieve\none Blue or Purple card that is not Rhamyrez - Ghost Ship\nCaptain"" from your trash and return it to your hand. For the duration of\nthis turn, that card's cost becomes 0.\n[On Your Turn]\nWhenever one of your Blue or Purple minions attacks, destroy\none of your opponent's minions with a cost of 4 or lower. If you\ndo, draw one card."					ocr	935	「ゴースト海賊団・船長」ラミレス	https://www.aicarddass.com/zenonzard/images/cardlist/cards/blue_04_01_06_00.png?v=20201113	field_minion	フィールド・ミニオン	blue|purple	青|紫	8	PC:06 HELIX	1	スプライト|モンスター	L					
blue_04_01_06_01	blue	魔法サーカス団マンドリン	Mandolinist of the Magic Circus	3			【召喚時】\n自分の種族「アーティスト」を持つマナがある場\n合、下記のうちカード1枚を手札に加える。\n「コントロールカレント」「不意打ち」\n「メタル\nガード」	"[When Summoned]\nIf you have mana belonging to the Artist\nclass in your base, add one of the\nfollowing cards to your\nhand:""Controlling Current"", ""Surprise\nAttack"", ""Metal Wall""."					ocr	836	魔法サーカス団マンドリン	https://www.aicarddass.com/zenonzard/images/cardlist/cards/blue_04_01_06_01.png?v=20201113	field_minion	フィールド・ミニオン	blue	青	3	PC:06 HELIX	1	アーティスト|マーフォーク	C					
blue_04_01_06_02	blue	海賊ウミボー	Wavewight of the Ghost Fleet	3			【召喚時】\n自分のトラッシュにあるコスト4以下の、青または\n紫のフィールド・ミニオンカード1枚を、レスト状\n態でべースに置くことができる。	Revenge\n[When Summoned]\nYou can retrieve one Blue or Purple\nMinion with a cost of 4 or lower from your\ntrash and place it into your base in the Rest\nState.					ocr	837	海賊ウミボー	https://www.aicarddass.com/zenonzard/images/cardlist/cards/blue_04_01_06_02.png?v=20201113	field_minion	フィールド・ミニオン	blue|purple	青|紫	3	PC:06 HELIX	1	スプライト|モンスター	C					
blue_04_01_06_03	blue	海賊ガイスト	Sturmgeist of the Ghost Fleet	4			【召喚時】\n自分のトラッシュにあるコスト6以下の、青または\n紫のカード1枚を手札に戻す	Infiltrate\n[When Summoned]\nRetrieve one Blue or Purple card with\ncost of 6 or lower from your trash and\nreturn it to your hand.					ocr	864	海賊ガイスト	https://www.aicarddass.com/zenonzard/images/cardlist/cards/blue_04_01_06_03.png?v=20201113	field_minion	フィールド・ミニオン	blue|purple	青|紫	4	PC:06 HELIX	1	スプライト|モンスター	R					
blue_04_01_EX03_00	blue	星海獣シー・サーペンダー	The StarMonster Sea-Serpendar	4			【召喚時】\n相手のコスト2以下のミニオン1体を破壊する。\n【アタック時】\nターンに1回、自分のフォース1つをレストでき\nそうした場合、このミニオンをアクティブにす	[When Summoned]\nDestroy one of your opponent's minions\nwith a cost of 2 or lower.\n[When Attacking]\nYou can put one of your Forces in the\nRest State once per turn. If you do, this\nminion enters the Active State.					ocr	859	星海獣シー・サーペンダー	https://www.aicarddass.com/zenonzard/images/cardlist/cards/blue_04_01_EX03_00.png?v=20201113	field_minion	フィールド・ミニオン	blue	青	4	EX:03 Battle Spirits	5	BS|シーワーム	E					
blue_04_01_EX04_00	blue	仮面ライダーオーズ サゴーゾ コンボ	Orléan - Dogged Animal	4			【自分の夕\nこのミニオンがダメージを与えるたび、\n種族「仮\n面」を持つ青のミ二オンに変身できる。\n【変身時】\nこのミニオンをアクティブにする。	[On Your Turn]\nWhenever this minion deals damage, it\ncan Morph into a Blue Minion belonging to\nthe Mask class.\n[When Morphed]\nThis minion enters the Active State.					ocr	860	仮面ライダーオーズ サゴーゾ コンボ	https://www.aicarddass.com/zenonzard/images/cardlist/cards/blue_04_01_EX04_00.png?v=20201113	field_minion	フィールド・ミニオン	blue	青	4	EX:04 KAMEN RIDER	4	仮面	C					
blue_04_01_EX04c_00	blue	「剛獣」オルレアン		4			【自分の夕-\nーン】\nこのミ二オンがダメージを与えるたび、種族「仮\n面」を持つ青のミ二オンに変身できる。\n【変身時】\nこのミニオンをアクティブにする。						ocr	861	「剛獣」オルレアン	https://www.aicarddass.com/zenonzard/images/cardlist/cards/blue_04_01_EX04c_00.png?v=20201113	field_minion	フィールド・ミニオン	blue	青	4	EX:04 HEROIC_MASQUERADE	3	仮面	C					
blue_04_02_01_00	blue	ペンタゴナ音楽隊「ティンパニー」	Pentagona Orchestra Timpanist	4	200	1	［潜入］\n【自分のターン】\nこのターンに自分が青のマジックを使用している場合、自分の手札にあるこのカードのフリーコストは0になる。	Infiltrate\n[On Your Turn]\nIf you have used a Blue Magic card this\nturn, the basic cost of this card while in\nyour hand becomes 0 for the duration of the\nturn.	AWAKEN				gamerch	850	ペンタゴナ音楽隊「ティンパニー」	https://www.aicarddass.com/zenonzard/images/cardlist/cards/blue_04_02_01_00.png?v=20201113	field_minion	フィールド・ミニオン	blue	青	4	PC:01 AWAKEN	14	アーティスト	R					
blue_04_02_02_00	blue	バンド・オブ・ブラックスケイル	Mark of the Blackscale	4(青2)	400	1	《ベース》【後退時】\n相手のコスト5以下のミニオン1体をレスト状態でベースに移動させる。（この効果はマナの効果として発揮する。）	<Base> [When Retreating]\nMove one of your opponent's minions\nwith a cost of 5 or lower into their base in the\nRest State. (This ability activates as\nmana ability.)					seesaa	851	バンド・オブ・ブラックスケイル	https://www.aicarddass.com/zenonzard/images/cardlist/cards/blue_04_02_02_00.png?v=20201113	field_minion	フィールド・ミニオン	blue	青	4	PC:02 CONTRACT	11	シーワーム	C					
blue_04_02_02r_00	blue	ゴールドマンボウ	Gold Sunfish	4			【召喚時】\n自分の移動権を1増やす。	[When Summoned]\nIncrease your Movement by 1.					ocr	853	ゴールドマンボウ	https://www.aicarddass.com/zenonzard/images/cardlist/cards/blue_04_02_02r_00.png?v=20201113	field_minion	フィールド・ミニオン	blue	青	4	PC:02R DIVINE	10	モンスター	C					
blue_04_02_02r_01	blue	深海竜ブライトヘッド	Brighton - The Deep Sea Dragon	4			《ベース》\n【後退時】\n相手のミ二オン1体にBP-100と本来の数値にDP\n1を付与する。	<Base> [When Retreating]\nDeal -100BP to one of your opponent's\nminions and -1DP to that minion's original\nDP value.					ocr	854	深海竜ブライトヘッド	https://www.aicarddass.com/zenonzard/images/cardlist/cards/blue_04_02_02r_01.png?v=20201113	field_minion	フィールド・ミニオン	blue	青	4	PC:02R DIVINE	10	ドラゴン	E					
blue_04_02_02r_02	blue	アンジュ・オーシャン	Anju of Oceans	4			【常時】\nこのミ二オンには条件を無視して[加護を付与させることがで\nきる。\n【常時】\n自分がマジックを使用するたび、相手のコスト5以下のミニオン1\n体をレスト状態でベースに移動させる。\n【加護時】\n青以外の有色の加護でる場合、加護しているマナを除外して\nその色に応じ姿に大変身する。	[Passive]\nThis minion can receive the {Boost} effect while ignoring\nany required conditions.\n[Passive]\nWhenever you use a Magic card, move one of your\nopponent's minions with a cost of 5 or lower into their base in the\nRest State.\n[When Boosted]\nIf Boosted by a Color Mana that is not Blue, banish that\nmana. This card will Metamorphose according to that color					ocr	855	アンジュ・オーシャン	https://www.aicarddass.com/zenonzard/images/cardlist/cards/blue_04_02_02r_02.png?v=20201113	field_minion	フィールド・ミニオン	blue	青	4	PC:02R DIVINE	10	デミゴッド	L					
blue_04_02_04_00	blue	バーチェの鎖	Virche's Chain	4			【メインノフラッシュ】\n相手のミ二オン1体にBP-300と「【常時】このミ\nニオンはプレイヤーにアタックできない。」を付与\nする。	[Main] / [Flash]\nDeal -300BP to one of your opponent's minions. That minion also receives the following effect:\n[Passive] This minion cannot attack a player's Life.					ocr	869	バーチェの鎖	https://www.aicarddass.com/zenonzard/images/cardlist/cards/blue_04_02_04_00.png?v=20201113	magic	マジック	blue	青	4	PC:04 FORBIDDEN	6		C					
blue_04_02_05_00	blue	航行不能	Sunken Ship	4			【フラッシュ】\nこのターン中、相手のミニオン全ての本来の数値を\nDP-1する。	ri\nThis card's Blue Mana cost can be paid using mana belonging to the Legion class. [Flash].\nThe original DP of all your opponent's minions is reduced by 1 for\nthe duration of\nthis turn.					ocr	870	航行不能	https://www.aicarddass.com/zenonzard/images/cardlist/cards/blue_04_02_05_00.png?v=20201113	magic	マジック	blue	青	4	PC:05 GLORY	2		R					
blue_04_03_01_00	blue	革命のシンフォニー	Revolution Symphony	4	-	-	【メイン】\nこのターン中、自分のミニオン1体はブロックされない。そのミニオンが種族「シーワーム」を持つミニオンである場合、このカードを手札に戻す。	[Main]\nOne of your minions cannot be blocked\nfor the duration of this turn. If that minion\nbelongs to the Seawyrm class, return this card to your hand.	AWAKEN				gamerch	867	革命のシンフォニー	https://www.aicarddass.com/zenonzard/images/cardlist/cards/blue_04_03_01_00.png?v=20201113	magic	マジック	blue	青	4	PC:01 AWAKEN	14		R					
blue_04_03_02r_00	blue	マジックウェポン	Weapon of Wizardry	4			【メインノフラッシュ】\n相手の無色のミ二オン1体を破壊する。その後、相\n手のミニオン1体をレスト状態でベースに移動させ\nる。自分の種族「ドラゴン」を持つ青のミニオンが\nいる場合、それぞれの対象の数を+１する。	[Main] / [Flash], Destroy one of your opponent's Neutral\nMinions. Then, move one of your opponent's minions into their base in the Rest\nState. If you have a Blue Minion belonging to the Dragon class on the field, target one or more minion for each effect.					ocr	868	マジックウェポン	https://www.aicarddass.com/zenonzard/images/cardlist/cards/blue_04_03_02r_00.png?v=20201113	magic	マジック	blue	青	4	PC:02R DIVINE	10		R					
blue_05_01_03_00	blue	「ブルーナの召喚獣」ジャイ Lv1	Juy - Of Broona Lv.1	5			【アタック時】\n相手のコスト5以下のミ二オン1体をレスト状態で\nベースに移動させる。\n進化:手札から「マーフォーク」が召喚されたとき	"Move one of your opponent's minions\nwith a cost of 5 or lower into their base in the\nRest State.\nEvolve: Summon minion from the Merfolk class\n""Broona - Conjurer of the Magus Lv. 1""\nand ""Juy - Of Broona Lv.1"" become Lv. 2."					ocr	878	「ブルーナの召喚獣」ジャイ Lv1	https://www.aicarddass.com/zenonzard/images/cardlist/cards/blue_05_01_03_00.png?v=20201113	field_minion	フィールド・ミニオン	blue	青	5	PC:03 EVOLVE	8	アルカナ	L					
blue_05_01_03_01	blue	「ブルーナの召喚獣」ジャイ Lv2	Juy - Of Broona Lv.2	5			【アタック時】\n相手のスト5以下のミニオン1体をレスト状態でベースに移動\nせる。\n【常時】\n自分が本来のコストが3以上のマックを使用するたび、このミ\nオンをアクティブにする。\n化：手かマーーが召さとき\nをL3にする。	"Move one of your opponent's minions with a cost of 5\nor lower into their base in the Rest State.\nWhenever you use a Magic card with an original cost\nof 3 or higher, this minion enters the Active State\nEvolve: Summon minion from the Merfolk class\n""Broona - Conjurer of the Magus Lv.2 and ""Juy - Of\nBroona Lv.2"" become Lv. 3."					ocr	879	「ブルーナの召喚獣」ジャイ Lv2	https://www.aicarddass.com/zenonzard/images/cardlist/cards/blue_05_01_03_01.png?v=20201113	field_minion	フィールド・ミニオン	blue	青	5	PC:03 EVOLVE	8	アルカナ	L					
blue_05_01_03_02	blue	「ブルーナの召喚獣」ジャイ Lv3	Juy - Of Broona Lv.3	5			【アタック時】\n相手のコスト5以下のミニオン1体をレスト状態でベースに移動さ\nせる。\n【常時】\n自分が本来のコストが3以上のマックを使用するたび、このミ二\nオンをアクティブにする。\n【常時】\n自分の手札にあるマックカードのフリーコストを、自分の種族\n「マーフォーク」を持つニオ1体每に1减らす。	[When Attacking]\nMove one of your opponent's minions with a cost of 5 or\nlower into their base in the Rest State.\n[Passive]\nWhenever you use a Magic card with an original cost of 3\nor higher, this minion enters the Active State.\n[Passive]\nFor every minion belonging to the Merfolk class on your\nfield, reduce the basic cost of all Magic cards in your hand\nby I.					ocr	880	「ブルーナの召喚獣」ジャイ Lv3	https://www.aicarddass.com/zenonzard/images/cardlist/cards/blue_05_01_03_02.png?v=20201113	field_minion	フィールド・ミニオン	blue	青	5	PC:03 EVOLVE	8	アルカナ	L					
blue_05_01_04_00	blue	「波乗り」ジェニファー	Jenyfer - The Surfer	5			【自分の夕\nこのタ一ンに自分が青のマジックを使用している場\n合、このミニオンはブロックされない。\n【常時】\n自分の手札にあるマジックカードのフリーコストを\n２減らす。	[On Your Turn]\nIf you have used a Blue Magic card this\nturn, this minion cannot be blocked for the\nduration of the turn.\n[Passive]\nReduce the basic cost of Magic cards in\nyour hand by 2.					ocr	881	「波乗り」ジェニファー	https://www.aicarddass.com/zenonzard/images/cardlist/cards/blue_05_01_04_00.png?v=20201113	field_minion	フィールド・ミニオン	blue	青	5	PC:04 FORBIDDEN	6	ヒューマノイド	E					
blue_05_01_04_01	blue	天蠍神騎スコル・スピア	The ScorpioKnight Scor-Spear	5			【アタック時】\nこのバトル中、自分の[加護を持つ有色マナ1つ\n毎に、このミ二オンをDP+1する。\nＥＰＩＣ	Cost Reduction: Blue\n[When Attacking]\nFor the duration of this battle, this minion\ngains +1DP for each Color Mana you\nhave in the base with the {Boost} effect.					ocr	882	天蠍神騎スコル・スピア	https://www.aicarddass.com/zenonzard/images/cardlist/cards/blue_05_01_04_01.png?v=20201113	field_minion	フィールド・ミニオン	blue	青	5	PC:04 FORBIDDEN	6	BS|光導	E					
blue_05_01_05_00	blue	魔法サーカス団テイマー	Tamer of the Magic Circus	5			【召喚時】\n自分の種族「アーティスト」を持つマナがある場合、\n下記のうちカ一ド１枚を手札に加える。\n「楽しい音色」「チームアーマー」\n「ドラゴンの孵\n【自分のターン】\n自分がマジックを使用するたび、他の自分のミニオン\n全てにBP+100を付与する。	"[When Summoned]\nIf you have mana belonging to the Artist class in\nyour base, add one of the following cards to your\nhand ""A Pleasant Tone"", ""Team Armor"", ""Dragon\nHatchling"".\n[On Your Turn]\nWhenever you use a Magic card, all your other\nminions receive + 100BP."					ocr	887	魔法サーカス団テイマー	https://www.aicarddass.com/zenonzard/images/cardlist/cards/blue_05_01_05_00.png?v=20201113	field_minion	フィールド・ミニオン	blue	青	5	PC:05 GLORY	2	アーティスト	R					
blue_05_01_05_01	blue	「渦の隊長」レオンハルト	Lionheart - The Maelstrom Captain	5			【召唤時】&【進撃時】\n自分のフィールド、\nトラッシュのいずれかに「「戦場を\n巡る者」アルテガル」がいる場合、相手のミニオン1体をレスト状\n態でベースに移動させる。\n【自分のターン】\n自分が「知のフォース“ケイロン”」と「麗のフォー\n”」を選んでいる場合、自分が本来のコストが2以上のマジック\nを使用するび、自分の種族「レギオン」を持つマナ1つを、\nフールドにクティブ状態で移動させることができる。	"[When Summoned] & [When Advancing]\nIf there is an ""Artegal - Roamer of the Battlefield"" on your\nfield, in your base, or in your trash, move one of your\nopponent's minions into their base in the Rest State.\n[On Your Turn]\nIf you have chosen the Force of Insight - Chiron and the\nForce of Temptation - Siren, whenever you use a Magic card\nwith an original cost of 2 or higher, you can move one of\nyour minions belonging to the Legion class from your <Base>\nto the field and put it in the Active State."					ocr	888	「渦の隊長」レオンハルト	https://www.aicarddass.com/zenonzard/images/cardlist/cards/blue_05_01_05_01.png?v=20201113	field_minion	フィールド・ミニオン	blue	青	5	PC:05 GLORY	2	レギオン	E					
blue_05_01_06_00	blue	海賊船「死鮫」デスシャーク号	Death Shark of the Ghost Fleet	4			【自分のターン】\n他の自分の青のミニオンがダメージを与えるたぴ、自\n分は力ドを1枚引く。この効果は重複しない。\n【常時】\n自分の紫のミニオン全てに「【自分のターン】このミ\nニオンがフォースにアタックした場合、そのフォース\nに1ダメージを与える。」を与える。この効果は重複\nしない。	[On Your Turn]\nWhenever one of your Blue Minions deals\ndamage, draw one card. This effect cannot stack\n[Passive]\nAll of your Purple Minions receive the following\neffect, and this effect cannot stack\n[On Your Turn] If attacking a Force, deal 1\ndamage to that Force.					ocr	866	海賊船「死鮫」デスシャーク号	https://www.aicarddass.com/zenonzard/images/cardlist/cards/blue_05_01_06_00.png?v=20201113	field_minion	フィールド・ミニオン	blue|purple	青|紫	4	PC:06 HELIX	1	スプライト|モンスター	E					
blue_05_01_EX04_00	blue	仮面ライダーオーズ ガタキリバ コンボ	Orléan - A Thousand Blades	5			【自分のターン】\nこのミニオンがダメージを与えるたび、種族「仮\n面」を持つ青のミ二オンに変身できる。\n【召喚時】&【変身時】\n相手のミ二オンの数と同じになるように、	"[On Your Turn]\nWhenever this minion deals damage, it can\nMorph into a Blue Minion belonging to the\nMask class.\n[When Summoned] & [When Morphed]\nCopies of Orléan - A Thousand Blades""\nenter your field until you have the same\nnumber of minions as your opponent."					ocr	883	仮面ライダーオーズ ガタキリバ コンボ	https://www.aicarddass.com/zenonzard/images/cardlist/cards/blue_05_01_EX04_00.png?v=20201113	field_minion	フィールド・ミニオン	blue	青	5	EX:04 KAMEN RIDER	4	仮面	C					
blue_05_01_EX04_01	blue	仮面ライダーオーズ シャウタ コンボ	Orléan - Tentacled	5			【自分の夕-\nこのミニオンがダメージを与えるたび、種族「仮\n面」を持つ青のミ二オンに変身できる。\n【アタック時】＆【変身時】\n相手のミニオン1体をレスト状態でベースに移動さ\nせる。	[On Your Turn]\nWhenever this minion deals damage, it\ncan Morph into a Blue Minion belonging to\nthe Mask class.\n[When Attacking] & [When Morphed]\nMove one of your opponent's minions\ninto their base in the Rest State.					ocr	884	仮面ライダーオーズ シャウタ コンボ	https://www.aicarddass.com/zenonzard/images/cardlist/cards/blue_05_01_EX04_01.png?v=20201113	field_minion	フィールド・ミニオン	blue	青	5	EX:04 KAMEN RIDER	4	仮面	C					
blue_05_01_EX04c_00	blue	「千鋏」オルレアン		5			【自分の夕\nこのミニオンがダメージを与えるたび、\n種族「仮\n面」を持つ青のミ二オンに変身できる。\n【召喚時】＆【変身時】\n相手のミ二オンの数と同じになるように						ocr	885	「千鋏」オルレアン	https://www.aicarddass.com/zenonzard/images/cardlist/cards/blue_05_01_EX04c_00.png?v=20201113	field_minion	フィールド・ミニオン	blue	青	5	EX:04 HEROIC_MASQUERADE	3	仮面	C					
blue_05_01_EX04c_01	blue	「触手」オルレアン		5			【自分の夕\nこのミニオンがダメージを与えるたび、種族「仮\n面」を持つ青のミ二オンに変身できる。\n【アタック時】＆【変時】\n相手のミニオン1体をレスト状態でベースに移動さ\nせる。						ocr	886	「触手」オルレアン	https://www.aicarddass.com/zenonzard/images/cardlist/cards/blue_05_01_EX04c_01.png?v=20201113	field_minion	フィールド・ミニオン	blue	青	5	EX:04 HEROIC_MASQUERADE	3	仮面	C					
blue_05_02_00_00	blue	「ベルカント」ピンクスカラ	Bel Canto in Rosa	5	500	2	【自分のターン】\n他の自分のミニオンがダメージを与えるたび、自分はカードを1枚引く。この効果は重複しない。	[On Your Turn]\nWhenever one of your other minions\ndeals damage, draw one card. This effect\ncannot stack.	Basic				gamerch	874	「ベルカント」ピンクスカラ	https://www.aicarddass.com/zenonzard/images/cardlist/cards/blue_05_02_00_00.png?v=20201113	field_minion	フィールド・ミニオン	blue	青	5	ベーシック	15	マーフォーク	Basic					
blue_05_02_01_00	blue	「快楽の奇術師」アズール	Azul - The Magician	5	600	2	【自分のターン】\nこのミニオンはブロックされない。	[On Your Turn]\nThis minion cannot be blocked.	AWAKEN				gamerch	873	「快楽の奇術師」アズール	https://www.aicarddass.com/zenonzard/images/cardlist/cards/blue_05_02_01_00.png?v=20201113	field_minion	フィールド・ミニオン	blue	青	5	PC:01 AWAKEN	14	シーワーム	E					
blue_05_02_01_01	blue	ペンタゴナ音楽隊「チェロ」	Pentagona Orchestra Cellist	5	500	2	【召喚時】\n自分のトラッシュにある、コスト4以下のマジックカード1枚を手札に戻す。	[When Summoned]\nRetrieve one Magic card with a cost of 4\nor lower from your trash and return it to\nyour hand.	AWAKEN				gamerch	871	ペンタゴナ音楽隊「チェロ」	https://www.aicarddass.com/zenonzard/images/cardlist/cards/blue_05_02_01_01.png?v=20201113	field_minion	フィールド・ミニオン	blue	青	5	PC:01 AWAKEN	14	アーティスト	C					
blue_05_02_01_02	blue	「マエストロ」ジェイドカラヤン	Jade Karajan - The Maestro	5	500	1	【自分のターン】\n自分がマジックを使用するたび、「マーフォーク・トークン」（青・マーフォーク・コスト2・BP200/DP1）1体を出す。	[Passive]\nEvery time you use a Magic card, one\nToken Merman (Blue / Merfolk / Cost 2 /\n200BP / 1DP) enters your field.	AWAKEN				gamerch	872	「マエストロ」ジェイドカラヤン	https://www.aicarddass.com/zenonzard/images/cardlist/cards/blue_05_02_01_02.png?v=20201113	field_minion	フィールド・ミニオン	blue	青	5	PC:01 AWAKEN	14	マーフォーク	L					
blue_05_02_01r_00	blue	アクアコブラ	Aquacobra	5	500	1	［潜入］\n【常時】\n自分の種族「デミゴッド」を持つミニオンがいる場合、このミニオンをBP+200/DP+1する。	Infiltrate\n[Passive]\nIf you have a minion belonging to the\nDemigod class on your field, this minion\ngains +200BP/+1DP.	BEYOND				gamerch	875	アクアコブラ	https://www.aicarddass.com/zenonzard/images/cardlist/cards/blue_05_02_01r_00.png?v=20201113	field_minion	フィールド・ミニオン	blue	青	5	PC:01R BEYOND	12	シーワーム	R					
blue_05_02_02_00	blue	「神餐の担い手」ジューリオ	Giulio - Artisan of the Divine Feast	4(青2)	600	1	【常時】\n他の自分の青のミニオンまたは自分の青のマナが移動するたび、それを移動先でアクティブにする。	[Passive]\nWhenever you move one of your other\nBlue Minions/Mana, they enter the Active\nState.					seesaa	852	「神餐の担い手」ジューリオ	https://www.aicarddass.com/zenonzard/images/cardlist/cards/blue_05_02_02_00.png?v=20201113	field_minion	フィールド・ミニオン	blue	青	4	PC:02 CONTRACT	11	マーフォーク	L					
blue_05_02_02_01	blue	レインボージェリー	Rainbow Jellyfish	5(青2)	400	1	潜入\n【加護時】\n自分はカードを1枚引く。	Infiltrate\n[When Boosted]\nDraw one card.					seesaa	876	レインボージェリー	https://www.aicarddass.com/zenonzard/images/cardlist/cards/blue_05_02_02_01.png?v=20201113	field_minion	フィールド・ミニオン	blue	青	5	PC:02 CONTRACT	11	ビースト	R					
blue_05_02_02r_00	blue	「顎砕の竜騎士」セリーヌ	Selene - The Jawcrushers Rider	5			【召喚時】\n自分の青の種族「ドラゴン」を持つミニオンがいる\n場合、自分はデッキの中からマジックカード1枚を\n公開して手札に加えることができる。そうした場\n合、自分のデッキをシャッフルする。\nLEＧEND	[When Summoned]\nIf you have a Blue Minion belonging to\nthe Dragon class on the field, you can\nsearch your deck for one Magic card, reveal it\nto your opponent and add it to your hand.\nThen, shuffle your deck.					ocr	877	「顎砕の竜騎士」セリーヌ	https://www.aicarddass.com/zenonzard/images/cardlist/cards/blue_05_02_02r_00.png?v=20201113	field_minion	フィールド・ミニオン	blue	青	5	PC:02R DIVINE	10	ヒューマノイド	L					
blue_05_02_03_00	blue	楽しい音色	A Pleasant Tone	5			【メイン】ノ【フラッシュ】\n「マーフォーク・トークン」2体を出す。	"You cannot activate this card during the Flash Phase unless you have a minion\nbelonging to the Arcana class on the field\n[Main] / [Flash]\nTwo ""Token Merman"" enter your field."					ocr	891	楽しい音色	https://www.aicarddass.com/zenonzard/images/cardlist/cards/blue_05_02_03_00.png?v=20201113	magic	マジック	blue	青	5	PC:03 EVOLVE	8		E					
blue_05_02_04_00	blue	マリンの第3魔法：キャンセル	Marlene's Spells, Entry 3: Negation	5			【メイン】\n相手のフィールド・ミニオンカードであるマナ1つ\nを破壊する。その後、この力一ドを除外する	ne\nThis card is part of the Arcana class.\n[Main]\nDestroy one of your opponent's mana\nthat is a Field Minion. Then, banish this card.					ocr	892	マリンの第3魔法：キャンセル	https://www.aicarddass.com/zenonzard/images/cardlist/cards/blue_05_02_04_00.png?v=20201113	magic	マジック	blue	青	5	PC:04 FORBIDDEN	6		E					
blue_05_02_06_00	blue	イリュージョン	Illusion	6			【フラッシュ】\n相手のミニオン1体をレスト状態でベースに移動さ\nせる。自分の種族「アーティスト」を持つミニオン\nがいる場合、さらに、相手のミニオンカードである\nマナ1つを破壊する。	[Flash] Move one of your opponent's minions\ninto their base in the Rest State. If there is\nminion belonging to the Artist class on\nyour field, also destroy one of your\nopponent's mana that is a minion card.					ocr	913	イリュージョン	https://www.aicarddass.com/zenonzard/images/cardlist/cards/blue_05_02_06_00.png?v=20201113	magic	マジック	blue	青	6	PC:06 HELIX	1		R					
blue_05_02_EX04_00	blue	ロストブレイズ	Deep Breath	5			【メイン】ノフラッシュ】\nターンプレイヤーの移動権全てを消費する。この\nターン中、相手のミニオン1体を、消費した移動権1\n毎に、BP-400して、本来の数値をDP-1する。\n《トラッシュ》\n自分のミニオンが変身するたび、このカードを手札\nに戻す。この効果は重複しない。	[Main]/[Flash]\nReduce the Movement of the player whose turn it\nis to 0, and select one of your opponent's minions. For the duration of this turn, that minion loses -400BP/-1DP for each Movement lost. The DP\nreduction applies only to the minion's original DP value. <Trash>\nWhenever one of your minions Morphs, return this card to your hand. This effect cannot stack.					ocr	893	ロストブレイズ	https://www.aicarddass.com/zenonzard/images/cardlist/cards/blue_05_02_EX04_00.png?v=20201113	magic	マジック	blue	青	5	EX:04 KAMEN RIDER	4		E					
blue_05_02_EX04c_00	blue	ディープブレス		5			【メイン】ノフラッシュ】\nターンプレイヤーの移動権全てを消費する。この\nターン中、相手のミニオン1体を、消費した移動権1\n毎に、BP-400して、本来の数値をDP-1する。\n《トラッシュ》\n自分のミニオンが変身するたび、このカードを手札\nに戻す。この効果は重複しない。						ocr	894	ディープブレス	https://www.aicarddass.com/zenonzard/images/cardlist/cards/blue_05_02_EX04c_00.png?v=20201113	magic	マジック	blue	青	5	EX:04 HEROIC_MASQUERADE	3		E					
blue_05_03_01r_00	blue	ハウリングボイス	Howling Voice	5			【フラッシュ】\n相手のBP500以下のミニオン1体をレスト状態でベースに移動させる。または相手のプレイヤーに1ダメージを与える。	[Flash] Move one of your opponent's minions\nwith 500BP or lower to their base in the Rest State. You can also choose to deal 1\ndamage to your opponent's Life instead.	BEYOND				gamerch	890	ハウリングボイス	https://www.aicarddass.com/zenonzard/images/cardlist/cards/blue_05_03_01r_00.png?v=20201113	magic	マジック	blue	青	5	PC:01R BEYOND	12		R					
blue_06_01_03_00	blue	深海の亡霊	The Sunken Soul	6			貫通	Pierce					ocr	901	深海の亡霊	https://www.aicarddass.com/zenonzard/images/cardlist/cards/blue_06_01_03_00.png?v=20201113	field_minion	フィールド・ミニオン	blue	青	6	PC:03 EVOLVE	8	モンスター	C					
blue_06_01_03_01	blue	「ポセイドの騎士」マリア	Marya - Knight of Poseido	6			マーォーク/ード\n自分のトラッシュにあるコスト5以下の青のマジッ\nクカード1枚を手札に戻す。	Infiltrate\n[When Attacking]\nRetrieve one Blue Magic card with a cost\nof 5 or lower from your trash and return it\nto your hand.					ocr	902	「ポセイドの騎士」マリア	https://www.aicarddass.com/zenonzard/images/cardlist/cards/blue_06_01_03_01.png?v=20201113	field_minion	フィールド・ミニオン	blue	青	6	PC:03 EVOLVE	8	ソード|マーフォーク	L					
blue_06_01_03_02	blue	「三重槍」エスピラル	Helix - The Tri Lance	6			【アタック時】\n自分のミニオンカードである青マナ1つを、フィー\nルドにアクティブ状態で移動させることができる。\n【自分の夕\n他の自分のミニオンカードであるマナがフィールド\nに移動するたび、このミ二オンにBP+100/DP+1\nを付与する。	[When Attacking]\nYou can move one of your Blue Minions\nfrom your base to the field and put it in the\nActive State.\n[On Your Turn]\nWhenever another one of your minions\nmoves from the base to the field, this minion\nreceives +100BP/+I1DP.					ocr	903	「三重槍」エスピラル	https://www.aicarddass.com/zenonzard/images/cardlist/cards/blue_06_01_03_02.png?v=20201113	field_minion	フィールド・ミニオン	blue	青	6	PC:03 EVOLVE	8	シーワーム	L					
blue_06_01_04_00	blue	ペンタゴナ音楽隊「タンバリン」	Pentagona Orchestra Tambourinist	6			【召喚時】\n相手のコストX以下のミ二オン全てをレスト状態で\nベースに移動させる。Xは自分の種族「エヴォー\nカー」を持つ青マナの数と同じとする。	Infiltrate\n[When Summoned]\nMove all of your opponent's minions with\na cost of X or lower into their base in the\nRest State, where X is the number of Blue\nMana belonging to the Evoker class in\nyour base.					ocr	904	ペンタゴナ音楽隊「タンバリン」	https://www.aicarddass.com/zenonzard/images/cardlist/cards/blue_06_01_04_00.png?v=20201113	field_minion	フィールド・ミニオン	blue	青	6	PC:04 FORBIDDEN	6	アーティスト	R					
blue_06_01_05_00	blue	魔法サーカス団「道化師」スタン	Stan - Jester of the Magic Circus	6			【召喚時】\n自分の種族\n「アーティスト」を持つマナが2つ以上あ\nる場合、下記のうちカ一ド1枚を手札に加える\n「マジックウェポン」「エクス=キャノン」\n「キマイ\nラの旋風」\n【常時】\n自分がマジックを使用するたぴ、このミニオンにDP+\n1を付与する。	"[When Summoned]\nIf you have two or more mana belonging to the\nArtist class in your base, add one of the following\ncards to your hand\n""Weapon of Wizardry"", X-Cannon"", ""Chimera\nVortex"".\n[Passive]\nWhenever you use a Magic card, this minion\nreceives +1DP."					ocr	908	魔法サーカス団「道化師」スタン	https://www.aicarddass.com/zenonzard/images/cardlist/cards/blue_06_01_05_00.png?v=20201113	field_minion	フィールド・ミニオン	blue	青	6	PC:05 GLORY	2	アーティスト	E					
blue_06_01_05_01	blue	ポセイドの老戦士	Elder Warrior of Poseido	6			【召唤時】\n自分が「知のフォース“ケイローン”」を選んでいる\n場合、自分の種族「マーフォーク」または「レギオ\nン」を持つミニオン1体毎に、自分はカードを1枚\n引く。	Infiltrate\n[When Summoned]\nIf you have chosen the Force of Insight -\nChiron, draw one card for each minion\nbelonging to the Merfolk or Legion class on\nyour field.					ocr	909	ポセイドの老戦士	https://www.aicarddass.com/zenonzard/images/cardlist/cards/blue_06_01_05_01.png?v=20201113	field_minion	フィールド・ミニオン	blue	青	6	PC:05 GLORY	2	マーフォーク|レギオン	R					
blue_06_01_06_00	blue	「海賊団副船長」シェルハザード	Xanthi Dai - Ghost Ship First Mate	5			【召唤時】\n自分のデッキを上から2枚破棄する。その中にフィルド・ミ\nニオカドがある場合、このミニオンに[潜入を付与す\n【自分のターン】\nこのミニオンがダメージを与えるたび、相手のトラッシュに\nあるカド1枚を除外する。この効果で除外したカードと同じ\nカード1枚を手札加え、このター中、そのカードのスト\nを0にする。	[When Summoned]\nDiscard the top two cards of your deck. If either\nof the two cards discarded is a Field Minion, this\nminion receives the {Infiltrate} effect.\n[On Your Turn]\nWhenever this minion deals damage, banish\ncard from your opponent's trash. Add a copy of that\ncard to your hand. The cost of that card is O for the\nduration of this turn.					ocr	889	「海賊団副船長」シェルハザード	https://www.aicarddass.com/zenonzard/images/cardlist/cards/blue_06_01_06_00.png?v=20201113	field_minion	フィールド・ミニオン	blue|purple	青|紫	5	PC:06 HELIX	1	スプライト|モンスター	L					
blue_06_01_06_01	blue	ペンタゴナ音楽隊「ゴールド・ベル」	Pentagona Orchestra Bell Ringer	7			【常時】\n自分が他の青のカードを使用するたび、このター\n中、このミ二オンをBP+10O/DP+1する。	Infiltrate\n[Passive]\nWhenever you play another Blue card.\nthis minion gains +100BP/+1DP for the\nduration of this turn.					ocr	924	ペンタゴナ音楽隊「ゴールド・ベル」	https://www.aicarddass.com/zenonzard/images/cardlist/cards/blue_06_01_06_01.png?v=20201113	field_minion	フィールド・ミニオン	blue	青	7	PC:06 HELIX	1	アーティスト	E					
blue_06_01_EX03_00	blue	神造巨兵オリハルコン・ゴレム	The GodMadeSoldier Orichalcum-Golem	6			【自分のターン】\n自分の青のミ二オンがブロックされるたび、\n相手のデッキを\n上から5枚破棄する。\n【アタック時】\n自分のフォース1つをレストできる。そうした場合、相手の\nデッキを上から3枚破棄し、このミニオンをアクティブにする。	Cost Reduction: Blue\n[On Your Turn]\nWhenever one of your Blue Minions is blocked, your\nopponent discards the top five cards from their deck\n[When Attacking]\nYou can put one of your Forces in the Rest State. If\nyou do, your opponent discards the top three cards\nfrom their deck, and this minion enters the Active State					ocr	905	神造巨兵オリハルコン・ゴレム	https://www.aicarddass.com/zenonzard/images/cardlist/cards/blue_06_01_EX03_00.png?v=20201113	field_minion	フィールド・ミニオン	blue	青	6	EX:03 Battle Spirits	5	BS|ゴレイム	E					
blue_06_01_EX04_00	blue	仮面ライダーオーズ タジャドル コンボ	Orléan - Monstrous Bird	6			【自分のターン】\nこの二才がダー与るび、種族「仮面」を持つ青の\nミニオンに変身できる。\n【変身時】\n自分の移動権を1増やす。その後、このミニオンをクティブにす\n【アタック時】\n相手の三二才ン1体にBP-300と本来の数值にDP-1を付与する。	[On Your Turn]\nWhenever this minion deals damage, it can Morph into\nBlue Minion belonging to the Mask class.\n[When Morphed]\nthe Active State.\nIncrease your Movement by 1. Then, this minion enters\n[When Attacking]\nDeal -300BP and -1DP to one of your opponent's minions.\nThe DP reduction applies only to the minion's original DP\nvalue.					ocr	906	仮面ライダーオーズ タジャドル コンボ	https://www.aicarddass.com/zenonzard/images/cardlist/cards/blue_06_01_EX04_00.png?v=20201113	field_minion	フィールド・ミニオン	blue	青	6	EX:04 KAMEN RIDER	4	仮面	E					
blue_06_01_EX04c_00	blue	「怪鳥」オルレアン		6			【自分のターン】\nこのミ二才ンがダーを与るび、種族「仮面」を持つ青の\nミ二オンに変身できる。\n【変身時】\n自分の移動権を1増やす。その後、このミニオンをクティブにす\n【アタック時】\n相手の三二才ン1体にBP-300と本来の数值にDP-1を付与する。						ocr	907	「怪鳥」オルレアン	https://www.aicarddass.com/zenonzard/images/cardlist/cards/blue_06_01_EX04c_00.png?v=20201113	field_minion	フィールド・ミニオン	blue	青	6	EX:04 HEROIC_MASQUERADE	3	仮面	E					
blue_06_02_01_00	blue	アクアサーペント	Aquaserpent	6	600	2	【アタック時】\nこのミニオンがダメージを与えるたび、自分のマナ2つをアクティブにする。	[When Attacking]\nWhenever this minion deals damage, two\nof your mana enter the Active State.	AWAKEN				gamerch	896	アクアサーペント	https://www.aicarddass.com/zenonzard/images/cardlist/cards/blue_06_02_01_00.png?v=20201113	field_minion	フィールド・ミニオン	blue	青	6	PC:01 AWAKEN	14	シーワーム	R					
blue_06_02_01r_00	blue	「慈しみを降らす者」ゴールドウェザー	Goldweather - Bringer of Love	6	500	2	【召喚時】\n自分の手札にある青のフィールド・ミニオンカード1枚を、レスト状態で置くことができる。	[When Summoned]\nYou can place one Blue Field Minion card\nfrom your hand into your base in the Rest\nState.	BEYOND				gamerch	897	「慈しみを降らす者」ゴールドウェザー	https://www.aicarddass.com/zenonzard/images/cardlist/cards/blue_06_02_01r_00.png?v=20201113	field_minion	フィールド・ミニオン	blue	青	6	PC:01R BEYOND	12	デミゴッド	L					
blue_06_02_02_00	blue	「知の探究者」ダビド	Davide - The Scholar	6(青2)	600	2	【召喚時】\n自分のデッキを上から3枚見て、その中のマジックカード全てを公開して手札に加える。残りをランダムにデッキの下に戻す。	[When Summoned]\nLook at the top three cards of your deck\nreveal all Magic cards to your opponent\nand add them to your hand. Put the rest\nback on the bottom of your deck in random\norder.					seesaa	898	「知の探究者」ダビド	https://www.aicarddass.com/zenonzard/images/cardlist/cards/blue_06_02_02_00.png?v=20201113	field_minion	フィールド・ミニオン	blue	青	6	PC:02 CONTRACT	11	シーワーム	E					
blue_06_02_02r_00	blue	タイガーシャーク	Tiger Shark	6			【自分のターン】\nこのミニオンが相手のプレイヤーにダメージを与え\nるたび、自分のミニオンカードであるマナ1つを、\nフィールドにアクティブ状態で移動させる。	[On Your Turn]\nWhenever this minion deals damage to\nyour opponent's Life, move one of your\nminions from your base to the field and put it\nin the Active State.					ocr	899	タイガーシャーク	https://www.aicarddass.com/zenonzard/images/cardlist/cards/blue_06_02_02r_00.png?v=20201113	field_minion	フィールド・ミニオン	blue	青	6	PC:02R DIVINE	10	ビースト	C					
blue_06_02_02r_01	blue	大海竜シーサンダー	Sundra - Dragon of the Ocean	6			【常時】\n自分が本来のコストが4以上のマジックを使用する\nたぴ、相手のフォース全てに1ダメージを与える。	[Passive]\nWhenever you use a Magic card with an\noriginal cost of 4 or higher, deal 1 damage\nto each of your opponent's Forces.					ocr	900	大海竜シーサンダー	https://www.aicarddass.com/zenonzard/images/cardlist/cards/blue_06_02_02r_01.png?v=20201113	field_minion	フィールド・ミニオン	blue	青	6	PC:02R DIVINE	10	ドラゴン	R					
blue_06_02_03_00	blue	サプライズゴースト	Ghostly Surprise	6			【メインノフラッシュ】\n相手のミニオン2体にBP-300と本来の数値にDP\n１を付与する。	[Main]/ [Flash] Deal -300BP and -1DP to two of your\n“opponent's minions. The DP reduction\napplies only to the minions original DP value.					ocr	911	サプライズゴースト	https://www.aicarddass.com/zenonzard/images/cardlist/cards/blue_06_02_03_00.png?v=20201113	magic	マジック	blue	青	6	PC:03 EVOLVE	8		C					
blue_06_02_05_00	blue	マジカルパレード Lv2	Magical Parade Lv.2	6			【メイン】\n全ての種族「アーティスト」を持たないミニオン\nを、レスト状態で持ち主のベースに移動させる。その\n後、このカードを除外する。	[Main]\nMinions that do not belong to the Artist\nclass are moved to their owner's base in\nthe Rest State, then banish this card.					ocr	912	マジカルパレード Lv2	https://www.aicarddass.com/zenonzard/images/cardlist/cards/blue_06_02_05_00.png?v=20201113	magic	マジック	blue	青	6	PC:05 GLORY	2		L					
blue_07_01_05_00	blue	魔法サーカス団「トップスター」エリー	Ellie - Star of the Magic Circus	7			【召唤時】\n自分の種族「アーティスト」を持つマナがある場合、自分は\nデッキの中からマジックカード1枚を公開して手札に加えるこ\nとができる。その後、自分のデッキをシャッフルする。\n【自分の夕ーン終了時】\n「ドラゴン・トークン」X体を出す（最大4体）\n。そのミニオ\nンに「【常時】このミ二オンは移動できない。」を付与す\nる。Xはこのターンに自分が使用したマジックの回数と同じと\nする。	"(When Summoned]\nIf you have mana belonging to the Artist class in your base\nyou can search your deck for one Magic card, reveal it to\nyour opponent, and add it to your hand. Then, shuffle your\ndeck.\n[At the End of Your Turn]\nX copies of ""Token Dragon enter your field (maximum of\nfour), where X is the number of Magic cards you used this\nturn. Those minions receive the following effect:\n[Passive] This minion cannot move."					ocr	922	魔法サーカス団「トップスター」エリー	https://www.aicarddass.com/zenonzard/images/cardlist/cards/blue_07_01_05_00.png?v=20201113	field_minion	フィールド・ミニオン	blue	青	7	PC:05 GLORY	2	アーティスト	L					
blue_07_01_06_00	blue	アイスカク	Frosthorn	2				Chain: Purple						810	アイスカク	https://www.aicarddass.com/zenonzard/images/cardlist/cards/blue_07_01_06_00.png?v=20201113	field_minion	フィールド・ミニオン	blue	青	2	PC:06 HELIX	1	ビースト	C					
blue_07_01_06_01	blue	魔法サーカス団エアリアル	High Flyer of the Magic Circus	2			【召喚時】\n自分の種族「アーティスト」を持つマナがある場\n合、下記のうちカード1枚を手札に加える。\n「サプライズドマジック」「ウォールオブエアー」\n「リファイン」	"Swoop\n[When Summoned]\nIf you have mana belonging to the Artist\nclass in your base, add one of the\nfollowing cards to your hand: ""Surprise\nOnslaught"", ""Aero Wall"", ""Refine""."					ocr	809	魔法サーカス団エアリアル	https://www.aicarddass.com/zenonzard/images/cardlist/cards/blue_07_01_06_01.png?v=20201113	field_minion	フィールド・ミニオン	blue	青	2	PC:06 HELIX	1	アーティスト	C					
blue_07_01_EX03_00	blue	巨人猟兵オライオン	The GiantJaeger Orion	7			【召喚時】\n相手のプレイヤーのライフが3以下である場合、相\n手のデッキを上から10枚破棄する。	[When Summoned]\nIf your opponent has 3 or fewer Life\npoints, they discard the top ten cards of their\ndeck.					ocr	918	巨人猟兵オライオン	https://www.aicarddass.com/zenonzard/images/cardlist/cards/blue_07_01_EX03_00.png?v=20201113	field_minion	フィールド・ミニオン	blue	青	7	EX:03 Battle Spirits	5	BS|ジャイアント	R					
blue_07_01_EX03_01	blue	巨人大帝アレクサンダー	The GiantEmperor Alexander	7			【自分のターン】\n相手のミニオンが破壊されるたび、そのミニオンのコスト\n分、相手のデッキを上から破棄する。この効果は重複しない。\n【アタック時】\n自分のフォース1つをレストできる。そうした場合、相手のコ\nスト3以下のミニオン1体を破壊し、このミニオンをアクティ\nブにする。	Cost Reduction: Blue\n[On Your Turn]\nWhenever one of your opponent's minions is destroyed. your\nopponent must discard a number of cards from the top of their deck\nequal to the cost of that minion. This effect cannot stack.\n[When Attacking]\nYou can put one of your Forces in the Rest State. If you do\ndestroy one of your opponent's minions with a cost of 3 or lower\nand this minion enters the Active State.					ocr	919	巨人大帝アレクサンダー	https://www.aicarddass.com/zenonzard/images/cardlist/cards/blue_07_01_EX03_01.png?v=20201113	field_minion	フィールド・ミニオン	blue	青	7	EX:03 Battle Spirits	5	BS|ジャイアント	L					
blue_07_01_EX04_00	blue	仮面ライダーオーズ プトティラ コンボ	Orléan - Royal Sea Dragon	7			【自分のターン]\nこのミニオンがダメージを与えるたぴ、種族「仮面」を持つ青の\nミニオンに変身できる。\n【召喚時】\n相手の最もコストの低いミニオン全てをレスト状態でベースに移\n動させる。\n【変身時】\n相手の最もコストの低いミニオン全てを破壊する。その後、\nミニオンをアクティブにする。	[On Your Turn]\nWhenever this minion deals damage, it can Morph\ninto a Blue Minion belonging to the Mask class.\n[When Summoned]\nMove all of your opponent's minions with the lowest\ncost into their base in the Rest State.\n[When Morphed]\nDestroy all of your opponent's lowest cost minions\nThen, this minion enters the Active State.					ocr	920	仮面ライダーオーズ プトティラ コンボ	https://www.aicarddass.com/zenonzard/images/cardlist/cards/blue_07_01_EX04_00.png?v=20201113	field_minion	フィールド・ミニオン	blue	青	7	EX:04 KAMEN RIDER	4	仮面	L					
blue_07_01_EX04c_00	blue	「海龍王」オルレアン		7			【自分のターン】\nこのミニオンがダメージを与えるたび、種族「仮面」を持つ青の\nミニオンに変身できる。\n【召喚時】\n相手の最もコストの低いミニオン全てをレスト状態でベースに移\n動させる。\n【变身時】\n相手の最もコストの低いミニオン全てを破壊する。\nその後、\nミニオンをアクティブにする。						ocr	921	「海龍王」オルレアン	https://www.aicarddass.com/zenonzard/images/cardlist/cards/blue_07_01_EX04c_00.png?v=20201113	field_minion	フィールド・ミニオン	blue	青	7	EX:04 HEROIC_MASQUERADE	3	仮面	L					
blue_07_02_00_00	blue	ウォードスネーク	Snake Ward	7	500	2	［潜入］	Infiltrate	Basic				gamerch	915	ウォードスネーク	https://www.aicarddass.com/zenonzard/images/cardlist/cards/blue_07_02_00_00.png?v=20201113	field_minion	フィールド・ミニオン	blue	青	7	ベーシック	15	シーワーム	Basic					
blue_07_02_01_00	blue	「水の女王」ナイアス	Nias - The Sea Queen	7	600	2	【召喚時】\n相手のコスト4以下のミニオン2体をレスト状態でベースに移動させる。	[When Summoned]\nMove two of your opponent's minions\nwith a cost of 4 or lower into their base in the\nRest State.	AWAKEN				gamerch	914	「水の女王」ナイアス	https://www.aicarddass.com/zenonzard/images/cardlist/cards/blue_07_02_01_00.png?v=20201113	field_minion	フィールド・ミニオン	blue	青	7	PC:01 AWAKEN	14	スプライト	E					
blue_07_02_02r_00	blue	「波鯱」オルカ	Orka - The Turbulent	7			【召喚時】\n自分のデッを上から3枚見て、その中のカド1枚を公開して手札に\n加える。残りをンダにデッの下に戻す。\n【常時】\nこのニンがクブ状態でなければ[加は付与ない\n【加蔬時】\n青の加護である場合、加護しているマナを除外して、「「荒波王」才\nルカ」に変形する。\nLEＧEND	"[When Summoned]\nLook at the top three cards of your deck and select one\ncard. Reveal it to your opponent and add it to your hand. Put\nthe rest back on the bottom of your deck in random order\n[Passive]\nThis minion cannot receive a Boost when not in the Active\nState.\n[When Boosted]\nIf Boosted by a Blue Mana, banish that mana. This card\nTransforms into ""Orka - The Tempestuous King""."					ocr	916	「波鯱」オルカ	https://www.aicarddass.com/zenonzard/images/cardlist/cards/blue_07_02_02r_00.png?v=20201113	field_minion	フィールド・ミニオン	blue	青	7	PC:02R DIVINE	10	ビースト	L					
blue_07_02_02r_01	blue	「荒波鯱王」オルカ	Orka - The Tempestuous King	7			【変形時】\nこのターン中、自分の青のミ二オン全てに[潜入]を\n与える。\n【自分のターン】\nこのミニオンがダメージを与えるたぴ、自分の青マナ\n全てをアクティブにする。	Charge\n[When Transformed]\nAll your Blue Minions gain the Infiltrate\neffect for the duration of this turn.\n[When Attacking]\nWhenever this minion deals damage, all\nyour Blue Mana enter the Active State					ocr	917	「荒波鯱王」オルカ	https://www.aicarddass.com/zenonzard/images/cardlist/cards/blue_07_02_02r_01.png?v=20201113	field_minion	フィールド・ミニオン	blue	青	7	PC:02R DIVINE	10	ドラゴン|ビースト	L					
blue_07_02_06_00	blue	インベイド	Invade	2			自分のデッキを上から3枚破棄する。その後、自分\nは紫のカード1枚を手札に戻す。	"[Main]. Discard the top three cards of your deck.\nThen, retrieve one Blue or Purple card\nthat is not ""Invade"" from your trash and\nreturn it to your hand."					ocr	816	インベイド	https://www.aicarddass.com/zenonzard/images/cardlist/cards/blue_07_02_06_00.png?v=20201113	magic	マジック	blue|purple	青|紫	2	PC:06 HELIX	1		C					
blue_08_01_04_00	blue	「鎖姫」バーチェ	Princess Virche - Of Chains	8			【召喚時】\n自分はデッキの中から「バチェの鎖」1枚を公開して手\n札に加えることができる。その後、自分のデッキをシャッ\nフルし、このターン中、そのカードのコストを0にする。\n【自分のターン\n自分が本来のコストが4以上のマジックを使用するたび、\n相手のプレイヤーに1ダメージを与える。この効果は重複\nしない。	"[When Summoned]\nYou can search your deck for one Virche's\nChain"", reveal it to your opponent and add it to your\nhand. Then, shuffle your deck, and that card's cost\nbecomes O for the duration of this turn.\n[On Your Turn]\nWhenever you use a Magic card with an original\ncost of 4 or higher, deal 1 damage to your\nopponent's Life. This effect cannot stack."					ocr	929	「鎖姫」バーチェ	https://www.aicarddass.com/zenonzard/images/cardlist/cards/blue_08_01_04_00.png?v=20201113	field_minion	フィールド・ミニオン	blue	青	8	PC:04 FORBIDDEN	6	スプライト	L					
blue_08_01_04_01	blue	天秤造神リブラ・ゴレム	The BalanceDeity Libra-Golem	8			【自分の夕ーン】\nこのミニオンがプレイヤーにアタックした場合、相手のデッ\nキを上から3枚破棄する。\n【自分のターン】\n相手のデッキからコスト5以上のフィールド・ミニオンカード\nが破棄されるたび、このミニオンをアクティブにする。	Cost Reduction: Blue\n[On Your Turn]\nIf this minion attacks your opponent's Life, your\nopponent discards the top three cards from their deck\n[On Your Turn]\nWhenever a minion with a cost of 5 or higher is\ndiscarded from your opponent's deck, this minion enters\nthe Active State.					ocr	930	天秤造神リブラ・ゴレム	https://www.aicarddass.com/zenonzard/images/cardlist/cards/blue_08_01_04_01.png?v=20201113	field_minion	フィールド・ミニオン	blue	青	8	PC:04 FORBIDDEN	6	BS|光導	E					
blue_08_01_06_00	blue	「海賊団のペット」クラーケ	Krakkin - Ghost Fleet's Pet	4			【召喚時】\n自分はデッキの中から青または紫のカド1枚を破\n棄することができる。その後、自分のデッキを\nシャッフルする。この効果で破棄した場合、相手のコス\nト4以下のミ二オン1体を破壊する。	[When Summoned]\nYou can search your deck for one Blue or\nPurple card and discard it. Then, shuffle\nyour deck. If you discard a card with this\ncard's effect, destroy one of your\nopponent's minions with a cost of 4 or lower					ocr	865	「海賊団のペット」クラーケ	https://www.aicarddass.com/zenonzard/images/cardlist/cards/blue_08_01_06_00.png?v=20201113	field_minion	フィールド・ミニオン	blue|purple	青|紫	4	PC:06 HELIX	1	スプライト|モンスター	E					
blue_08_01_EX03_00	blue	混沌魔皇アザートゥース	The ChaosEmperor Otherthoth	8			【召唤時】\n自分のDP2以上のミ二オン1体毎に、\n相手のDP1以下のミ二\nオン1体を破壊する。\n【アタック時】\nこのミ二オンに[加が付与されている場合、このバトル\n中、相手は手札にある本来のコストが5以上のカードを使用で\nきない。	Cost Reduction: Blue\n[When Summoned]\nDestroy one of your opponent's minions with 1DP or\nlower for every minion on your field with 2DP or higher\n[When Attacking]\nIf this minion has received a {Boost}, your opponent\ncannot use cards with an original cost of 5 or higher from their\nhand for the duration of this battle.					ocr	931	混沌魔皇アザートゥース	https://www.aicarddass.com/zenonzard/images/cardlist/cards/blue_08_01_EX03_00.png?v=20201113	field_minion	フィールド・ミニオン	blue	青	8	EX:03 Battle Spirits	5	BS|シーワーム	L					
blue_08_01_EX03_01	blue	英雄巨人タイタス	The GiantHero Titus	8			【召唤時】\n相手のデッキを上から5枚破棄する。\n【自分の夕\nこのミニオンがブロックされるたび、相手のデッキ\nを上から5枚破棄する。	Cost Reduction: Blue\n[When Summoned]\nYour opponent discards the top five cards from\ntheir deck.\n[On Your Turn]\nWhenever this minion is blocked, your\nopponent discards the top five cards from their deck					ocr	932	英雄巨人タイタス	https://www.aicarddass.com/zenonzard/images/cardlist/cards/blue_08_01_EX03_01.png?v=20201113	field_minion	フィールド・ミニオン	blue	青	8	EX:03 Battle Spirits	5	BS|ジャイアント	E					
blue_08_01_EX04_00	blue	仮面ライダーオーズ スーパータトバ コンボ	Orléan - Ruler of the Waves	8			【変身時】\n相手の最もコストの高いミニオン全てを破壊する。\nその後、このミニオンをアクティブにする。\n【自分のター\nこのミニオンが相手のプレイヤーにダメージを与え\nるたぴ、自分の移動権を1消費する。消費した場\n合、自分のDP2のミニオン1体をアクティブこする。	[When Morphed]\nDestroy all of your opponent's minions with the\nhighest cost. Then, this minion enters the Active\nState.\n[On Your Turn]\nWhenever this minion deals damage to your\nopponent's Life, reduce Movement by 1. If you do, one\nof your minions with 2DP enters the Active State					ocr	933	仮面ライダーオーズ スーパータトバ コンボ	https://www.aicarddass.com/zenonzard/images/cardlist/cards/blue_08_01_EX04_00.png?v=20201113	field_minion	フィールド・ミニオン	blue	青	8	EX:04 KAMEN RIDER	4	仮面	L					
blue_08_01_EX04c_00	blue	「波濤の覇者」オルレアン		8			【変身時】\n相手の最もコストの高いミ二オン全てを破壊する。\nその後、このミニオンをアクティブにする。\n【自分のターン】\nこのミニオンが相手のプレイヤーにダメージを与え\nるたび、自分の移動権を1消費する。消費した場\n合、自分のDP2のミニオン1体をアクティブにする。						ocr	934	「波濤の覇者」オルレアン	https://www.aicarddass.com/zenonzard/images/cardlist/cards/blue_08_01_EX04c_00.png?v=20201113	field_minion	フィールド・ミニオン	blue	青	8	EX:04 HEROIC_MASQUERADE	3	仮面	L					
blue_08_02_01_00	blue	「深海の主」アレシャンド	Alezan - King of the Deep	8	800	2	【召喚時】\n自分のミニオンであるマナを3つまで、アクティブ状態でフィールドに移動させる。\n【アタック時】\n相手のミニオン1体をレスト状態でベースに移動させる。	[When Summoned]\nMove up to three minions from your <Base>\nto the field and put them in the Active\nState.\n[When Attacking]\nMove one of your opponent's minions\ninto their base in the Rest State.	AWAKEN			https://gamerch.com/zenonzard/97344	gamerch	926	「深海の主」アレシャンド	https://www.aicarddass.com/zenonzard/images/cardlist/cards/blue_08_02_01_00.png?v=20201113	field_minion	フィールド・ミニオン	blue	青	8	PC:01 AWAKEN	14	シーワーム	L					
blue_08_02_01_01	blue	ゴールデンシール	Golden Seal	8	800	2	［潜入］\n【アタック時】\n自分の青マナが4つ以上ある場合、相手のコスト6以上のミニオン1体をレスト状態でベースに移動させる。	[When Attacking]\nIf you have four or more Blue Mana\nmove one of your opponent's minions with\ncost of 6 or higher into their base in the\nRest State.\nInfiltrate	AWAKEN				gamerch	927	ゴールデンシール	https://www.aicarddass.com/zenonzard/images/cardlist/cards/blue_08_02_01_01.png?v=20201113	field_minion	フィールド・ミニオン	blue	青	8	PC:01 AWAKEN	14	ビースト	R					
blue_08_02_01r_00	blue	「ソリスト」ローズパガニーニ	Rose Paganini - The Soloist	8	700	2	【自分のターン】\n自分の種族「マーフォーク」を持つミニオン全てに［潜入］を与える。\n【後退時】\n自分はカードを2枚引く。	[On Your Turn]\nAll your minions belonging to the Merfolk\nclass gain the {Infiltrate} effect.\n<Base> [When Retreating]\nDraw two cards.	BEYOND				gamerch	928	「ソリスト」ローズパガニーニ	https://www.aicarddass.com/zenonzard/images/cardlist/cards/blue_08_02_01r_00.png?v=20201113	field_minion	フィールド・ミニオン	blue	青	8	PC:01R BEYOND	12	マーフォーク	E					
blue_09_01_05_00	blue	「嵐の巨人」オーシャンストーム	Ocean Veil - The Storm	9+			【自分のターン】\n自分の手札にあるこのカードのフリーコストは、自\n分の破壊されたフォース1つ毎に3減らされる。\n【召喚時】&【進擊時】\n相手の最もコストの高いミニオン全てをレスト状態\nでべースに移動させる。	infiltrate\n[On Your Turn]\nReduce the basic cost of this card in your hand\nby 3 for each of your destroyed Forces.\n[When Summoned] & [When Advancing]\nMove all of your opponent's minions with the\nhighest cost into their base in the Rest State					ocr	937	「嵐の巨人」オーシャンストーム	https://www.aicarddass.com/zenonzard/images/cardlist/cards/blue_09_01_05_00.png?v=20201113	field_minion	フィールド・ミニオン	blue	青	9+	PC:05 GLORY	2	ジャイアント	L					
blue_09_02_02_00	blue	「顎砕公」ゲレロフォン	Geraphon - Lord of Jawcrushers	9(青3)	900	3	【召喚時】＆【自分のターン開始時】\nこのターン、次に使用する自分の青のマジックカードのコストを0にする。\n【自分のターン】\nこのミニオンは種族「ドラゴン」または「ドラゴニュート」を持たないミニオンにはブロックされない。	[When Summoned] & [At the Start of Your\nTurn\nOn this turn, the next Blue Magic card you\nuse will have a cost of 0.\n[On Your Turn]\nOnly minions belonging to the Dragon or\nDragonewt class can block this minion's\nattacks.					seesaa	936	「顎砕公」ゲレロフォン	https://www.aicarddass.com/zenonzard/images/cardlist/cards/blue_09_02_02_00.png?v=20201113	field_minion	フィールド・ミニオン	blue	青	9+	PC:02 CONTRACT	11	ドラゴン	L					
colorless_00_00_03_00	colorless	「大召喚士」ラス Lv1	Lahrs - The Master Conjurer Lv.1				《ベース》\n【配置時】\n「「ラスの召喚獣・」サムライ」1枚を手札に加\n《ベース》\nこのマナは移動できない。	"<Base> [When Placed]\nAdd one ""Samurai Spirit - Of Lahrs"" to your hand. ""Lahrs - The Master Conjurer Lv. 1"" becomes Lv.2.\n<Base>\nThis minion cannot move."					ocr	1140	「大召喚士」ラス Lv1	https://www.aicarddass.com/zenonzard/images/cardlist/cards/colorless_00_00_03_00.png?v=20201113	base_minion	ベース・ミニオン	colorless	無色		PC:03 EVOLVE	8	エヴォーカー	L					
colorless_00_00_03_01	colorless	「大召喚士」ラス Lv2	Lahrs - The Master Conjurer Lv.2				《ベース》\n【配置時】\n「「ラスの召喚獣・地」リュウジン」1枚を手札に\n加える。その後、\n《ベース》\nこのマナは移動できない。	<Base> [When Placed]\nAdd one Ryu Jin Terra - Of Lahrs to\nyour hand. Lahrs - The Master Conjurer Lv.\n2 becomes Lv.3.\n<Base>\nThis minion cannot move.					ocr	1141	「大召喚士」ラス Lv2	https://www.aicarddass.com/zenonzard/images/cardlist/cards/colorless_00_00_03_01.png?v=20201113	base_minion	ベース・ミニオン	colorless	無色		PC:03 EVOLVE	8	エヴォーカー	L					
colorless_00_00_03_02	colorless	「大召喚士」ラス Lv3	Lahrs - The Master Conjurer Lv.3				《ベース》\n【配置時】\n「「ラスの召喚獣・天」シンリュウ」1枚を手札に\n加える。\n《ベース》\nこのマナは移動できい。	"<Base> [When Placed]\nAdd one Shin Ryu Aether - Of Lahrs"" to\nyour hand.\n<Base>\nThis minion cannot move."					ocr	1142	「大召喚士」ラス Lv3	https://www.aicarddass.com/zenonzard/images/cardlist/cards/colorless_00_00_03_02.png?v=20201113	base_minion	ベース・ミニオン	colorless	無色		PC:03 EVOLVE	8	エヴォーカー	L					
colorless_00_00_04_00	colorless	「天才魔術師」エマ Lv1	Emma - The Wizard Prodigy Lv.1				《ベース》\n【配置時】\n「エマの第1魔法：グリド」1枚を手札に加元\n《ベース》\nこのマナは移動できない。	"<Base> [When Placed]\nAdd one Emma's Spells, Entry 1: Greed\nto your hand. Emma - The Wizard\nProdigy"" becomes Lv.2.\n<Base>\nThis minion cannot move."					ocr	1144	「天才魔術師」エマ Lv1	https://www.aicarddass.com/zenonzard/images/cardlist/cards/colorless_00_00_04_00.png?v=20201113	base_minion	ベース・ミニオン	colorless	無色		PC:04 FORBIDDEN	6	エヴォーカー	L					
colorless_00_00_04_01	colorless	「天才魔術師」エマ Lv2	Emma - The Wizard Prodigy Lv.2				《ベース》\n【配置時】\n「エマの第2魔法：ボーリング」1枚を手札こ加元\nる。その後、「「天魔術師」工マ」をLv3にす\n《ベース》\nこのマナは移動できない。	"<Base> [When Placed]\nAdd one Emma's Spells, Entry 2\nMonotony’"" to your hand. Emma - The Wizard\nProdigy becomes Lv.3.\n<Base>\nThis minion cannot move."					ocr	1145	「天才魔術師」エマ Lv2	https://www.aicarddass.com/zenonzard/images/cardlist/cards/colorless_00_00_04_01.png?v=20201113	base_minion	ベース・ミニオン	colorless	無色		PC:04 FORBIDDEN	6	エヴォーカー	L					
colorless_00_00_04_02	colorless	「天才魔術師」エマ Lv3	Emma - The Wizard Prodigy Lv.3				《ベース》\n【配置時】\n「エマの第3魔法：ワンモア」1枚を手札に加え\n《ベース》\nこのマナは移動できない。	<Base> [When Placed]\nAdd one Emma's Spells, Entry 3: Encore\nto your hand.\n<Base>\nThis minion cannot move.					ocr	1146	「天才魔術師」エマ Lv3	https://www.aicarddass.com/zenonzard/images/cardlist/cards/colorless_00_00_04_02.png?v=20201113	base_minion	ベース・ミニオン	colorless	無色		PC:04 FORBIDDEN	6	エヴォーカー	L					
colorless_00_00_04_03	colorless	コア	Core					Boost: No Conditions						1147	コア	https://www.aicarddass.com/zenonzard/images/cardlist/cards/colorless_00_00_04_03.png?v=20201113	base_minion	ベース・ミニオン	colorless	無色		PC:04 FORBIDDEN	6	コア	C					
colorless_00_00_05_00	colorless	「流浪の鼠騎士」ワンダ	Wanda - Knight of Expeditions				【進撃時】\n相手のマナ1つをレストする。\nＥＰＩＣ	When Advancing]\nPut one of your opponent's minions in the\nRest State.					ocr	1149	「流浪の鼠騎士」ワンダ	https://www.aicarddass.com/zenonzard/images/cardlist/cards/colorless_00_00_05_00.png?v=20201113	base_minion	ベース・ミニオン	colorless	無色		PC:05 GLORY	2	ラット	E					
colorless_00_00_05_01	colorless	獣人ポメラ	Werepom					Resurge						1150	獣人ポメラ	https://www.aicarddass.com/zenonzard/images/cardlist/cards/colorless_00_00_05_01.png?v=20201113	base_minion	ベース・ミニオン	colorless	無色		PC:05 GLORY	2	トライブ	C					
colorless_00_00_EX03_00	colorless	「サーガブレイヴ」ダン	Dan - Saga Brave	0			《一ス》【配置時】\n自分のデッキを上から7枚を見て、その中の種族「光導」\nまたは「ブレイヴ」を持つミニオンカード1枚を公開して\n手札に加える。残りをランダムにデッキの下に戻す。\n《ベース》【自分のタン終了時】\nこのマナをアクティブにする。\n《ベース》\nこのマナは移動できない。	<Base> [When Placed]\nLook at the top seven cost cards of your deck and select one minion card belonging to the Zodiac Deity or Brave class.\nReveal it to your opponent and add it to your hand. Put the rest back on the bottom of your deck in random order.\n<Base>\nThis mana enters the Active State.\n<Base>\nThis minion cannot move.					ocr	1148	「サーガブレイヴ」ダン	https://www.aicarddass.com/zenonzard/images/cardlist/cards/colorless_00_00_EX03_00.png?v=20201113	base_minion	ベース・ミニオン	colorless	無色	0	EX:03 Battle Spirits	5	カードバトラー	R					
colorless_00_01_01_00	colorless	1カラットラット	One-Carat Rat		300	1	【配置時】\n自分はカードを1枚引く。	<Base> [When Placed]\nDraw one card.	AWAKEN				gamerch	1132	1カラットラット	https://www.aicarddass.com/zenonzard/images/cardlist/cards/colorless_00_01_01_00.png?v=20201113	base_minion	ベース・ミニオン	colorless	無色		PC:01 AWAKEN	14	ラット	R					
colorless_00_01_01_01	colorless	ハンマーヘッドビー	Hammerhead Hornet		500	1	効果なし		AWAKEN				gamerch	1131	ハンマーヘッドビー	https://www.aicarddass.com/zenonzard/images/cardlist/cards/colorless_00_01_01_01.png?v=20201113	base_minion	ベース・ミニオン	colorless	無色		PC:01 AWAKEN	14	モンスター	C					
colorless_00_01_01r_00	colorless	魔術都市の住人	Denizen of the Magic City		300	1	【配置時】\nこのマナをレストする。自分のトラッシュにある、コスト3以下のマジックカード1枚を手札に戻す。	<Base> [When Placed]\nThis mana enters the Rest State. Return\none Magic card with a mana cost of 3 or\nlower from your trash to your hand.	BEYOND				gamerch	1133	魔術都市の住人	https://www.aicarddass.com/zenonzard/images/cardlist/cards/colorless_00_01_01r_00.png?v=20201113	base_minion	ベース・ミニオン	colorless	無色		PC:01R BEYOND	12	ラット	C					
colorless_00_01_01r_01	colorless	セントールの狩人	Centaurian Hunter		300	1	【配置時】\n相手のコスト4以下のミニオン1体をレストする。	<Base> [When Placed]\nPut one of your opponent's minions with a cost of 4 or lower in the Rest State. (This ability activates as a mana ability.)	BEYOND				gamerch	1134	セントールの狩人	https://www.aicarddass.com/zenonzard/images/cardlist/cards/colorless_00_01_01r_01.png?v=20201113	base_minion	ベース・ミニオン	colorless	無色		PC:01R BEYOND	12	セントール	R					
colorless_00_01_02_00	colorless	「弓精」アキュレー	Akyure - The Bow Sprite		200	1	加護：コスト4以上	Boost: Cost 4 or Higher					seesaa	1135	「弓精」アキュレー	https://www.aicarddass.com/zenonzard/images/cardlist/cards/colorless_00_01_02_00.png?v=20201113	base_minion	ベース・ミニオン	colorless	無色		PC:02 CONTRACT	11	ニンフ	C					
colorless_00_01_02_01	colorless	「砂精」サンディー	Silica - The Sand Sprite		200	0	加護：条件なし\n《付与能力》[再起]	Boost: No Conditions\n<Boost Ability> Resurge					seesaa	1136	「砂精」サンディー	https://www.aicarddass.com/zenonzard/images/cardlist/cards/colorless_00_01_02_01.png?v=20201113	base_minion	ベース・ミニオン	colorless	無色		PC:02 CONTRACT	11	ニンフ	R					
colorless_00_01_02_02	colorless	「空精」クリスカ	Cryska - The Sky Sprite		200	0	加護：コスト4以上\n《ベース》【配置時】\n自分のデッキを上から4枚見て、その中の種族「ドラゴン」を持つフィールド・ミニオンカード1枚を公開して手札に加える。残りをランダムにデッキの下に戻す。	Boost: Cost 4 or Higher\n<Base> [When Placed]\nLook at the top four cards of your deck and\nselect one Field Minion card belonging to the\nDragon class. Reveal it to your opponent\nand add it to your hand. Put the rest back on\nthe bottom of your deck in random order.					seesaa	1137	「空精」クリスカ	https://www.aicarddass.com/zenonzard/images/cardlist/cards/colorless_00_01_02_02.png?v=20201113	base_minion	ベース・ミニオン	colorless	無色		PC:02 CONTRACT	11	ニンフ	E					
colorless_00_01_02c_00	colorless	無銘の剣					《付与能力》\n【アタック時】\n自分のマナが10以上ある場合、相手のミ二オン1体\nを破壊する。\nＥＰＩＣ						ocr	1139	無銘の剣	https://www.aicarddass.com/zenonzard/images/cardlist/cards/colorless_00_01_02c_00.png?v=20201113	base_minion	ベース・ミニオン	colorless	無色		EXCODE:02C SAO	9	アイテム|ソード	E					
colorless_00_01_02r_00	colorless	「花精」フィオレ	Fiora - The Flower Sprite				《ベース》\n【配置時】\n「スライム・ブロック\nトークン」1体を出す。	ere\n<Base> [When Placed]\nOne Token Slime Block enters your\nfield.\nBoost: All + Cost 7 or Higher					ocr	1138	「花精」フィオレ	https://www.aicarddass.com/zenonzard/images/cardlist/cards/colorless_00_01_02r_00.png?v=20201113	base_minion	ベース・ミニオン	colorless	無色		PC:02R DIVINE	10	ニンフ	E					
colorless_00_01_EX02_00	colorless	魔剣ダークアイ	Corruption - The Ocular Saber				《付与能力》\n【アタック時】\n自分のマナが10以上ある場合、相手のミ二オン1体\nを破壊する。\nＥＰＩＣ	Boost: Sable Knight\n<Boost Ability> [When Attacking]\nIf you have ten or more mana, destroy\none of your opponent's minions.					ocr	1143	魔剣ダークアイ	https://www.aicarddass.com/zenonzard/images/cardlist/cards/colorless_00_01_EX02_00.png?v=20201113	base_minion	ベース・ミニオン	colorless	無色		EX:02 幻影の剣士	7	アイテム|ソード	E					
colorless_00_02_02r_00	colorless	「樹の守護天使」メタトロン	The Arbor Angel Metatron	0			【常時】\n自分の手札にあるこのカードのコストは、\n自分のプ\nレイヤーのライフと同じとする。\nＬEGEND	[Passive]\nThe cost of this card while in your hand\nis the same as the number of Life points\nyou have.					ocr	1130	「樹の守護天使」メタトロン	https://www.aicarddass.com/zenonzard/images/cardlist/cards/colorless_00_02_02r_00.png?v=20201113	field_minion	フィールド・ミニオン	colorless	無色	0	PC:02R DIVINE	10	エンジェル	L					
colorless_01_01_04_00	colorless	鋭爪フラミンゴ	Sharp-Clawed Flamingo	1			【召喚時】\n自分の移動権を1消費する。消費した場合、無色マ\nナ1つをレスト状態でベースに置く。\n【常時】\nこのミニオンは移動できない。	[When Summoned]\nReduce Movement by 1, and if you do\nplace one Neutral Mana into your base in\nthe Rest State.\n[Passive]\nThis minion cannot move.					ocr	1164	鋭爪フラミンゴ	https://www.aicarddass.com/zenonzard/images/cardlist/cards/colorless_01_01_04_00.png?v=20201113	field_minion	フィールド・ミニオン	colorless	無色	1	PC:04 FORBIDDEN	6	ウイング	C					
colorless_01_01_05_00	colorless	メット・ブレイカー	Armorpecker	1			【常時】\nこのミニオンはベースに移動するとき、レスト状態\nで移動する。	[Passive]\nThis minion enters the Rest State when it\nmoves to the base.					ocr	1173	メット・ブレイカー	https://www.aicarddass.com/zenonzard/images/cardlist/cards/colorless_01_01_05_00.png?v=20201113	field_minion	フィールド・ミニオン	colorless	無色	1	PC:05 GLORY	2	ウイング|レギオン	C					
colorless_01_01_06_00	colorless	タナトスの板前	Thanatos Itamae	3			【常時】\n相手の手札にあるフィールド・ミニオンカードのコ\nストは変動しない。（コストは増減せず、0になら\nない)	Revenge\n[Passive]\nThe cost of Field Minion cards in your\nopponent's hand cannot increase, decrease\nor become 0.					ocr	1263	タナトスの板前	https://www.aicarddass.com/zenonzard/images/cardlist/cards/colorless_01_01_06_00.png?v=20201113	field_minion	フィールド・ミニオン	colorless	無色	3	PC:06 HELIX	1	スケルトン	C					
colorless_01_01_EX04_00	colorless	仮面ライダーアクセル	Axela - Mask of Fire	1			《ベース》\n【後退時】\n自分の手札にある種族「仮面」を持つ、緑または無\n色のカード1枚をデッキの下に戻す。そうした場\n合、自分は力ードを1枚引く。\n【常時】\nこのミニオンはベースに移動するとき、レスト状態\nで移動する。	<Base> [When Retreating]\nReturn one Green or Neutral Card\nbelonging to the Mask class to the bottom of\nyour deck. If you do, draw one card.\n[Passive]\nThis minion enters the Rest State when it\nmoves to the base.					ocr	1165	仮面ライダーアクセル	https://www.aicarddass.com/zenonzard/images/cardlist/cards/colorless_01_01_EX04_00.png?v=20201113	field_minion	フィールド・ミニオン	colorless	無色	1	EX:04 KAMEN RIDER	4	仮面	C					
colorless_01_01_EX04_01	colorless	仮面ライダーバース	One-Eyed Byrt	1			《ベース》\n【後退時】\n自分のデッキを上から1枚見る。そのカードが青か\n無色の場合、そのカードをデッキの上か下に戻す。\nそれ以外はデッキの下に戻す。\n【常時】\nこのミニオンはベースに移動するとき、レスト状態\nで移動する。	<Base> [When Retreating]\nLook at the top card of your deck. If it is\nBlue or Neutral, you can return the card to\neither the top or bottom of your deck.\nOtherwise, put the card on the bottom of your deck\n[Passive]\nThis minion enters the Rest State when it\nmoves to the base.					ocr	1166	仮面ライダーバース	https://www.aicarddass.com/zenonzard/images/cardlist/cards/colorless_01_01_EX04_01.png?v=20201113	field_minion	フィールド・ミニオン	colorless	無色	1	EX:04 KAMEN RIDER	4	仮面	C					
colorless_01_01_EX04_02	colorless	仮面ライダーアクア	Mizel - The Diver	1			【召喚時】\n自分の移動権を1消費できる。消費した場合、自分\nのデッキの中から種族「仮面」を持つベース・ミニ\nオンカード1枚をレスト状態でベースに置く。その\n後、自分のデッキをシャッフルする。\n【常時】\nこのミニオンは移動できない。	[When Summoned]\nYou can reduce your Movement by 1. If you\ndo, search your deck for one Base Minion\nbelonging to the Mask class and place it into\nyour base in the Rest State. Then, shuffle your\ndeck.\n[Passive]\nThis minion cannot move.					ocr	1167	仮面ライダーアクア	https://www.aicarddass.com/zenonzard/images/cardlist/cards/colorless_01_01_EX04_02.png?v=20201113	field_minion	フィールド・ミニオン	colorless	無色	1	EX:04 KAMEN RIDER	4	仮面	R					
colorless_01_01_EX04_03	colorless	仮面ライダーバルキリー ラッシングチーター	Valk - Eolia RC	1			《ベース》\n【後退時】\n自分のトラッシュにある種族「仮面」を持つ、白ま\nたは無色のカド全てを除外する。1枚以上除外し\nた場合、自分はカードを1枚引く。\n【常時】\nこのミニオンはベースに移動するとき、レスト状態\nで移動する。	<Base> [When Retreating]\nBanish all White and Neutral Cards\nbelonging to the Mask class in your trash. If you\nbanish one or more cards, draw one card\n[Passive]\nThis minion enters the Rest State when it\nmoves to the base.					ocr	1168	仮面ライダーバルキリー ラッシングチーター	https://www.aicarddass.com/zenonzard/images/cardlist/cards/colorless_01_01_EX04_03.png?v=20201113	field_minion	フィールド・ミニオン	colorless	無色	1	EX:04 KAMEN RIDER	4	仮面	C					
colorless_01_01_EX04c_00	colorless	赤熱の仮面 アクセラ		1			《ベース》\n【後退時】\n自分の手札にある種族「仮面」を持つ、緑または無\n色のカード1枚をデッキの下に戻す。そうした場\n合、自分はカードを１枚引く。\n【常時】\nこのミニオンはベースに移動するとき、レスト状態\nで移動する。						ocr	1169	赤熱の仮面 アクセラ	https://www.aicarddass.com/zenonzard/images/cardlist/cards/colorless_01_01_EX04c_00.png?v=20201113	field_minion	フィールド・ミニオン	colorless	無色	1	EX:04 HEROIC_MASQUERADE	3	仮面	C					
colorless_01_01_EX04c_01	colorless	「隻眼」バートル		1			《ベース》\n【後退時】\n自分のデッキを上から1枚見る。そのカードが青か\n無色の場合、そのカードをデッキの上か下に戻す。\nそれ以外はデッキの下に戻す。\n【常時】\nこのミニオンはベースに移動するとき、レスト状態\nで移動する。						ocr	1170	「隻眼」バートル	https://www.aicarddass.com/zenonzard/images/cardlist/cards/colorless_01_01_EX04c_01.png?v=20201113	field_minion	フィールド・ミニオン	colorless	無色	1	EX:04 HEROIC_MASQUERADE	3	仮面	C					
colorless_01_01_EX04c_02	colorless	「潜水士」アクアン		1			【召喚時】\n自分の移動権を1消費できる。消費した場合、自分\nのデッキの中から種族「仮面」を持つベース・ミニ\nオンカード1枚をレスト状態でベースに置く。その\n後、自分のデッキをシャッフルする。\n【常時】\nこのミニオンは移動できない。						ocr	1171	「潜水士」アクアン	https://www.aicarddass.com/zenonzard/images/cardlist/cards/colorless_01_01_EX04c_02.png?v=20201113	field_minion	フィールド・ミニオン	colorless	無色	1	EX:04 HEROIC_MASQUERADE	3	仮面	R					
colorless_01_01_EX04c_03	colorless	Valk エオリアRC		1			《ベース》\n【後退時】\n自分のトラッシュにある種族「仮面」を持つ、白ま\nたは無色のカ一ド全てを除外する。1枚以上除外し\nた場合、自分はカードを1枚引く。\n【常時】\nこのミニオンはベースに移動するとき、レスト状態\nで移動する。						ocr	1172	Valk エオリアRC	https://www.aicarddass.com/zenonzard/images/cardlist/cards/colorless_01_01_EX04c_03.png?v=20201113	field_minion	フィールド・ミニオン	colorless	無色	1	EX:04 HEROIC_MASQUERADE	3	仮面	C					
colorless_01_02_00_00	colorless	盾持ちゴブリン	Shielded Goblin	1	300	0	【常時】\nこのミニオンはベースに移動するとき、レスト状態で移動する。	[Passive]\nThis minion enters the Rest State when it\nmoves to your base.	Basic				gamerch	1153	盾持ちゴブリン	https://www.aicarddass.com/zenonzard/images/cardlist/cards/colorless_01_02_00_00.png?v=20201113	field_minion	フィールド・ミニオン	colorless	無色	1	ベーシック	15	ゴブリン	Basic					
colorless_01_02_01_00	colorless	臆病じゃない金鶏	Fearsome Pheasant	1	200	0	【常時】\n自分のフォースが全て破壊されている場合、このミニオンをDP+1する。\n【常時】\nこのミニオンはベースに移動するとき、レスト状態で移動する。	[Passive]\nIf all your Forces are destroyed, this\nminion gains +1DP.\n[Passive]\nThis minion enters the Rest State when it\nmoves to the base.	AWAKEN				gamerch	1151	臆病じゃない金鶏	https://www.aicarddass.com/zenonzard/images/cardlist/cards/colorless_01_02_01_00.png?v=20201113	field_minion	フィールド・ミニオン	colorless	無色	1	PC:01 AWAKEN	14	ビースト	C					
colorless_01_02_01_01	colorless	荒野の旅人	Traveler of the Wastes	1			【召喚時】\n自分はデッキの中から下記のうちカード1枚を公開して手札に加えることができる。そうした場合、自分のデッキをシャッフルする。\n「アグマの鉱夫」「カナタナの神官」「マキナスの住人」「デメテーの村娘」「ポセイドの歌い手」「タナトスの亡者」\n【常時】\nこのミニオンはベースに移動するとき、レスト状態で移動する。	"[When Summoned]\nYou can search your deck for one of the following cards, reveal\nit to your opponent, add it to your hand, and shuffle your deck\n""Miner of Aguma"", Priest of Kanatana"", Denizen of Machinas""\n""Village Girl of Demete"", ""Songbird of Poseido"", The Wanderers\nof Thanatos""\n[Passive]\nThis minion enters the Rest State when it moves to the base."					seesaa	1152	荒野の旅人	https://www.aicarddass.com/zenonzard/images/cardlist/cards/colorless_01_02_01_01.png?v=20201113	field_minion	フィールド・ミニオン	colorless	無色	1	PC:01 AWAKEN	14	セントール	R					
colorless_01_02_01r_00	colorless	ポリン	Pollin	1	200	0	【召喚時】\n自分のベースにミニオンでない無色マナしかない場合、自分はカードを1枚引く。\n【常時】\nこのミニオンはベースに移動するとき、レスト状態で移動する。	[When Summoned]\nIf you only have Neutral Mana that are\nnot minion cards in your base, draw one\ncard.\n[Passive]\nThis minion enters the Rest State when it\nmoves to the base.	BEYOND				gamerch	1154	ポリン	https://www.aicarddass.com/zenonzard/images/cardlist/cards/colorless_01_02_01r_00.png?v=20201113	field_minion	フィールド・ミニオン	colorless	無色	1	PC:01R BEYOND	12	モンスター	C					
colorless_01_02_02c_00	colorless	「テイマー」シリカ		1			【召喚時】&\nスイッチ：「黒の剣士」\n自分はデッキの中から種族「ドラゴン」を持つ赤の\nベース・ミニオンカード1枚を公開して手札に加えるこ\nとができる。その後、自分のデッキをシヤッフルす\n【常時】\nこのミニオンはベースに移動するとき、レスト状態で\n移動する。						ocr	1156	「テイマー」シリカ	https://www.aicarddass.com/zenonzard/images/cardlist/cards/colorless_01_02_02c_00.png?v=20201113	field_minion	フィールド・ミニオン	colorless	無色	1	EXCODE:02C SAO	9	ソード	C					
colorless_01_02_02c_01	colorless	「風の妖精」リーファ		1			《ベース》\n【後退時】\n自分はデッキの中から種族「ウイング」を持つ黄の\nベース・ミニオンカード1枚を公開して手札に加えるこ\nとができる。その後、自分のデッキをシヤッフルす\n【常時】\nこのミニオンはベースに移動するとき、レスト状態で\n移動する。						ocr	1157	「風の妖精」リーファ	https://www.aicarddass.com/zenonzard/images/cardlist/cards/colorless_01_02_02c_01.png?v=20201113	field_minion	フィールド・ミニオン	colorless	無色	1	EXCODE:02C SAO	9	ソード	C					
colorless_01_02_02c_02	colorless	「悪魔の樹」ギガスシダー		1			【破壊時】\n自分はデッキの中から種族「アイテム」を持つ緑の\nベース・ミニオンカード1枚をレスト状態でベース\nに置く。その後、自分のデッキをシャッフルする。\n【常時】\nこのミニオンはベースに移動するとき、レスト状態\nで移動する。						ocr	1158	「悪魔の樹」ギガスシダー	https://www.aicarddass.com/zenonzard/images/cardlist/cards/colorless_01_02_02c_02.png?v=20201113	field_minion	フィールド・ミニオン	colorless	無色	1	EXCODE:02C SAO	9	ソード	C					
colorless_01_02_02c_03	colorless	「電子の妖精」ユイ		1			【召喚時】\n自分のデッキを上から1枚見て、種族「黒の剣士」ま\nたは「閃光」を持つフィールド・ミニオンカードの場\n合、公開して手札に加える。それ以外の場合、デッキ\nの下に戻す。\n【常時】\nこのミニオンはベースに移動するとき、レスト状態で\n移動する。\nEPIＣ						ocr	1159	「電子の妖精」ユイ	https://www.aicarddass.com/zenonzard/images/cardlist/cards/colorless_01_02_02c_03.png?v=20201113	field_minion	フィールド・ミニオン	colorless	無色	1	EXCODE:02C SAO	9	ソード	E					
colorless_01_02_02r_00	colorless	マッピーラット	Mappirat	1			【召喚時】\n自分はデッキの中から種族「ニンフ」を持つ、DP0で有\n色のベース・ミニオンカード1枚を公開して手札に加える\nことができる。そうした場合、自分のデッキをシャッフル\nする。\n【常時】\nこのミニオンはベースに移動するとき、レスト状態で移動\nする。	[When Summoned]\nYou can search your deck for a Color <Base>\nMinion card belonging to the Nymph class that has\na DP of 0, reveal it to your opponent and add it\nto your hand. Then, shuffle your deck.\n[Passive]\nThis minion enters the Rest State when it moves\nto the base.					ocr	1155	マッピーラット	https://www.aicarddass.com/zenonzard/images/cardlist/cards/colorless_01_02_02r_00.png?v=20201113	field_minion	フィールド・ミニオン	colorless	無色	1	PC:02R DIVINE	10	ラット	C					
colorless_01_02_04_00	colorless	エマの第1魔法：グリード	Emma's Spells, Entry 1: Greed	1			[メイン】\n自分のデッキを上からX枚見て、その中の有色のカード1\n枚を公開して手札に加える。残りをランダムにデッキの下\n戻す。Xは自分の種族「エヴォーカー」を持つマナの数\nと同じとする。その後、この力一ドを除外する。\nＬEＧEND	This card is part of the Arcana class.\nThis card's cost cannot be changed.\n[Main]\nLook at the top X cards\nof our deck, where X is the\nnumber of minions beloniging to the Evoker class in your base, and select one color card. Reveal it to your hand opponent, and add it to your hand.\nPut the rest back on the bottom of your deck and banish this card.					ocr	1175	エマの第1魔法：グリード	https://www.aicarddass.com/zenonzard/images/cardlist/cards/colorless_01_02_04_00.png?v=20201113	magic	マジック	colorless	無色	1	PC:04 FORBIDDEN	6		L					
colorless_01_02_EX02_00	colorless	「ブリーダー」エリカ	Erika - The Breeder	1			【召喚時】&\nスイッチ：「黒の剣士」\n自分はデッキの中から種族「ドラゴン」を持つ赤の\nベース・ミニオンカード1枚を公開して手札に加えるこ\nとができる。その後、自分のデッキをシヤッフルす\n【常時】\nこのミニオンはベースに移動するとき、レスト状態で\n移動する。	Switch: Sable Knight\nYou can search your deck for a Red <Base>\nMinion card belonging to the Dragon class\nreveal it to your opponent and add it to your\nhand. Then, shuffle your deck.\nThis minion enters the Rest State when it\nmoves to the base.					ocr	1160	「ブリーダー」エリカ	https://www.aicarddass.com/zenonzard/images/cardlist/cards/colorless_01_02_EX02_00.png?v=20201113	field_minion	フィールド・ミニオン	colorless	無色	1	EX:02 幻影の剣士	7	ソード	C					
colorless_01_02_EX02_01	colorless	「幸運の導き手」リリ	Lily - Guide of Opulence	1			《ベース》\n【後退時】\n自分はデッキの中から種族「ウイング」を持つ黄の\nベース・ニオンカード1枚を公開して手札に加えるこ\nとができる。その後、自分のデッキをシャッフルす\n【常時】\nこのミニオンはベースに移動するとき、レスト状態で\n移動する。	<Base> [When Retreating]\nYou can search your deck for a Yellow <Base>\nMinion card belonging to the Winged class\nreveal it to your opponent and add it to your\nhand. Then, shuffle your deck.\n[Passive]\nThis minion enters the Rest State when it\nmoves to the base.					ocr	1161	「幸運の導き手」リリ	https://www.aicarddass.com/zenonzard/images/cardlist/cards/colorless_01_02_EX02_01.png?v=20201113	field_minion	フィールド・ミニオン	colorless	無色	1	EX:02 幻影の剣士	7	ソード	C					
colorless_01_02_EX02_02	colorless	ウェポンスケアクロウ	Bladed Scarecrow	1			【破壊時】\n自分はデッキの中から種族「アイテム」を持つ緑の\nベース・ミニオンカード1枚をレスト状態でベース\nに置く。その後、自分のデッキをシャッフルする。\n【常時】\nこのミニオンはベースに移動するとき、レスト状態\nで移動する。	[When Destroyed]\nYou can search your deck for a Green <Base>\nMinion card belonging to the Item class and\nplace it into your base in the Rest State.\nThen, shuffle your deck.\n[Passive]\nThis minion enters the Rest State when it\nmoves to the base.					ocr	1162	ウェポンスケアクロウ	https://www.aicarddass.com/zenonzard/images/cardlist/cards/colorless_01_02_EX02_02.png?v=20201113	field_minion	フィールド・ミニオン	colorless	無色	1	EX:02 幻影の剣士	7	ソード	C					
colorless_01_02_EX02_03	colorless	「エレメンタル」ナビ	Navi - The Element	1			【召喚時】\n自分のデッキを上から1枚見て、種族「黒の剣士」ま\nたは「閃光」を持つフィルド・ミニオンカードの場\n合、公開して手札に加える。それ以外の場合、デッ\nの下に戻す。\n【常時】\nこのミニオンはベースに移動するとき、\nレスト状態で\n移動する。	[When Summoned]\nLook at the top card of your deck and if it's a Field\nMinion belonging to the Sable Knight or Swift\nclass, reveal it to your opponent and add it to your\nhand. Otherwise, put the card on the bottom of your\ndeck.\n[Passive]\nThis minion enters the Rest State when it moves\nto the base.					ocr	1163	「エレメンタル」ナビ	https://www.aicarddass.com/zenonzard/images/cardlist/cards/colorless_01_02_EX02_03.png?v=20201113	field_minion	フィールド・ミニオン	colorless	無色	1	EX:02 幻影の剣士	7	ソード	E					
colorless_01_04_00_00	colorless	スライム・ブロック・トークン	Token Slime Block	1			（効果なし）						seesaa	1176	スライム・ブロック・トークン	https://www.aicarddass.com/zenonzard/images/cardlist/cards/colorless_01_04_00_00.png?v=20201113	token_minion	ミニオン・トークン	colorless	無色	1	ベーシック	15	モンスター	C					
colorless_01_04_00_01	colorless	ドラゴン『火』・トークン	Token Fire Dragon	1			【常時】\nこのミニオンはフォースにアタックできない。	[Passive]\nThis minion cannot attack Forces.					seesaa	1177	ドラゴン『火』・トークン	https://www.aicarddass.com/zenonzard/images/cardlist/cards/colorless_01_04_00_01.png?v=20201113	token_minion	ミニオン・トークン	colorless	無色	1	ベーシック	15	ドラゴン	Basic					
colorless_02_01_03_00	colorless	ガーゴイル	Gargoyle	2			【常時】\n自分の種族「エヴォーカー」を持つマナがある場\n合、このミ二オンをBP+100/DP+1する。	[Passive]\nIf you have a minion belonging to the\nEvoker class in your base, this minion gains\n+100BP/+1DP.					ocr	1195	ガーゴイル	https://www.aicarddass.com/zenonzard/images/cardlist/cards/colorless_02_01_03_00.png?v=20201113	field_minion	フィールド・ミニオン	colorless	無色	2	PC:03 EVOLVE	8	モンスター	C					
colorless_02_01_03_01	colorless	斧のミノタウロス	Axe-Wielding Minotaur	2			【召喚時】&【破壊時】\nこのターンに自分の種族\n天「エヴォーカー」を持つマ\nナが置かれている場合、自分は力一ドを1枚引く。	[When Summoned] & [When Destroyed]\nIf you have placed a minion belonging to\nthe Evoker class into your base this turn\ndraw one card.					ocr	1197	斧のミノタウロス	https://www.aicarddass.com/zenonzard/images/cardlist/cards/colorless_02_01_03_01.png?v=20201113	field_minion	フィールド・ミニオン	colorless	無色	2	PC:03 EVOLVE	8	ソード|モンスター	E					
colorless_02_01_04_00	colorless	モンスタースラグ	Slug Monster	2			【常時】\n自分がマジックを使用するたび、このミニオンに\nBP+100を付与する。	[Passive]\nminion receives +100BP.\nWhenever you use a Magic card, this					ocr	1201	モンスタースラグ	https://www.aicarddass.com/zenonzard/images/cardlist/cards/colorless_02_01_04_00.png?v=20201113	field_minion	フィールド・ミニオン	colorless	無色	2	PC:04 FORBIDDEN	6	モンスター	C					
colorless_02_01_04_01	colorless	放浪者ロロ	The Wanderer Lolo	2			【召唤時】\n自分はデッの中から種族「カドバトラ」を持つベー\nス・ニオド1枚を公開して手札に加るとができる。\nその後、自分のデッキをシッフルする。\n【自分のターン】\nこのニンは[コスト轻減]で何色としても数えられる。\n【常時】\nこのミ二オンは相手の効果で選択できない。	[When Summoned]\nYou can search your deck for a Base Minion card\nbelonging to the Card Battler class, reveal it to your opponent and\nadd it to your hand. Then, shuffle your deck.\n[On Your Turn]\nThis minion can be counted as any color for the {Cost\nReduction} effect.\n[Passive]\nThis minion cannot be selected as a target for your\nopponent's card effects.					ocr	1202	放浪者ロロ	https://www.aicarddass.com/zenonzard/images/cardlist/cards/colorless_02_01_04_01.png?v=20201113	field_minion	フィールド・ミニオン	colorless	無色	2	PC:04 FORBIDDEN	6	BS	L					
colorless_02_01_05_00	colorless	D-19 スカウトレンズ	D-19 Scouter	2			【加護時】\n&【破壊時】\n自分はカドを1枚引く	[When Boosted] & [When Destroyed]\nDraw one card.					ocr	1207	D-19 スカウトレンズ	https://www.aicarddass.com/zenonzard/images/cardlist/cards/colorless_02_01_05_00.png?v=20201113	field_minion	フィールド・ミニオン	colorless	無色	2	PC:05 GLORY	2	ソルジャー	C					
colorless_02_01_05_01	colorless	魔法サーカス団マーマン	Merman of the Magic Circus	2			【自分のターン\nこのターンに自分がマジックを使用している場合、\nこのミニオンは[潜入]を持つ。	[On Your Turn]\nIf you have used a Magic card this turn\nthis minion gains the {Infiltrate} effect for\nthe duration of the turn.					ocr	1208	魔法サーカス団マーマン	https://www.aicarddass.com/zenonzard/images/cardlist/cards/colorless_02_01_05_01.png?v=20201113	field_minion	フィールド・ミニオン	colorless	無色	2	PC:05 GLORY	2	アーティスト	C					
colorless_02_01_05_02	colorless	ストーン・スフィンクス	Stone Sphynx	2			【常時】\n自分のフィールド、ベース、トラッシュのいずれか\nこ「「戦場を巡る者」アルテガル」がいる場合、こ\nのミニオンをDP+2する。	[Passive]\nIf there is an Artegal - Roamer of the\nBattlefield on your field, in your base, or in\nyour trash, this minion gains +2DP.					ocr	1209	ストーン・スフィンクス	https://www.aicarddass.com/zenonzard/images/cardlist/cards/colorless_02_01_05_02.png?v=20201113	field_minion	フィールド・ミニオン	colorless	無色	2	PC:05 GLORY	2	モンスター|レギオン	R					
colorless_02_01_05_03	colorless	赤毛の探検家アスカ	Asuka - The Red-Headed Explorer	2			【召喚時】\n自分はデッキの中から「「戦場を巡る者」アルテガ\nル」１枚を公開して手札に加えることができる。そ\nの後、自分のデッキをシャッフルする。	"[When Summoned]\nYou can search your deck for one\n""Artegal - Roamer of the Battlefield"", reveal it to\nyour opponent, and add it to your hand.\nThen, shuffle your deck."					ocr	1210	赤毛の探検家アスカ	https://www.aicarddass.com/zenonzard/images/cardlist/cards/colorless_02_01_05_03.png?v=20201113	field_minion	フィールド・ミニオン	colorless	無色	2	PC:05 GLORY	2	ヒューマノイド|レギオン	C					
colorless_02_01_06_00	colorless	ダックラットナイト	Duckling Knight	1			【召唤時】\n自分はデッキの中から下記のうちカード1枚を公開して手札に\n加えることができる。その後、自分のデッキをシャッフルす\n「空賊ウォーカー「偏兵団オペレーター」「海賊バレル」\n【常時】\nこのミニオンはベースに移動するとき、レスト状態で移動す	"[When Summoned]\nYou can search your deck for one of the following\ncards, reveal it to your opponent, and add it to\nyour hand. Then, shuffle your deck.\nWalke the Sky Pirate"", Mercenary Operator"", or\n""Barl of the Ghost Fleet"".\n[Passive]\nThis minion enters the Rest State when it moves\nto the base."					ocr	1174	ダックラットナイト	https://www.aicarddass.com/zenonzard/images/cardlist/cards/colorless_02_01_06_00.png?v=20201113	field_minion	フィールド・ミニオン	colorless	無色	1	PC:06 HELIX	1	ラット	R					
colorless_02_01_06_01	colorless	ストーン・ドラゴニュート	Stone Dragonewt	2			【召喚時】\n自分の2つの色を持つミ二オンがいるか、自分の\nベスに2つの色を持つマナがある場合、自分は力一\nドを1枚引く。	[When Summoned]\nIf there is a Dual-Color Minion on your\nfield or a Dual-Color Mana in your base\ndraw one card.					ocr	1211	ストーン・ドラゴニュート	https://www.aicarddass.com/zenonzard/images/cardlist/cards/colorless_02_01_06_01.png?v=20201113	field_minion	フィールド・ミニオン	colorless	無色	2	PC:06 HELIX	1	ドラゴニュート	R					
colorless_02_01_06_02	colorless	「願望の天使」デザイア	Desyree - Angel of Longing	9+			【召喚時】\n自分の有色マナが6色ある場合、相手のミ二オン全\nてを破壊する。\n【自分のタ一ン終了時】\n相手のプレイヤーに1ダメージを与える。	[When Summoned]\nIf there are six different colors of mana in\nyour base, destroy all of your opponent's\nminions.\n[At the End of Your Turn]\nDeal 1 damage to your opponent's Life					ocr	1434	「願望の天使」デザイア	https://www.aicarddass.com/zenonzard/images/cardlist/cards/colorless_02_01_06_02.png?v=20201113	field_minion	フィールド・ミニオン	colorless	無色	9+	PC:06 HELIX	1	エンジェル	L					
colorless_02_01_EX04_00	colorless	仮面ライダースカル	Mukuro - Mask of Bones	2			【召唤時】\n自分の手札にある種族「仮面」を持つカ一ドを好き\nな枚数デッキの下に戻す。その後、自分は同じ枚数\nのカードを引く。\n【常時】\n自分の【変身時】を持つミ二オンが破壊されるた\nぴ、そのカードを手札に戻す。	[When Summoned]\nReturn any number of cards belonging to the\nMask class from your hand to the bottom of your\ndeck. If you do, draw the same number of cards\n[Passive]\nWhenever one of your minions with a [When\nMorphed] effect is destroyed, that card is returned\nto your hand.					ocr	1203	仮面ライダースカル	https://www.aicarddass.com/zenonzard/images/cardlist/cards/colorless_02_01_EX04_00.png?v=20201113	field_minion	フィールド・ミニオン	colorless	無色	2	EX:04 KAMEN RIDER	4	仮面|スケルトン	L					
colorless_02_01_EX04_01	colorless	仮面ライダーバルカン シューティングウルフ	Vulc01 - Shooter Mode	2			【自分のターン】\n自分のミニオンの数より相手のミニオンの数が多い場\n合、自分の手札にあるこのカードのフリーコストは1\n減らされる。\n【自分のターン】\nこのミニオンがダメージを与えるたぴ、種族「仮面」\nと「ソルジャー」を持つ無色のミニオンに変身でき	[On Your Turn]\nIf your opponent has more minions on the\nfield than you, the basic cost of this card while\nin your hand is reduced by 1.\n[On Your Turn]\nWhenever this minion deals damage, it can\nMorph into a Neutral Minion belonging to the\nMask and Soldier class.					ocr	1204	仮面ライダーバルカン シューティングウルフ	https://www.aicarddass.com/zenonzard/images/cardlist/cards/colorless_02_01_EX04_01.png?v=20201113	field_minion	フィールド・ミニオン	colorless	無色	2	EX:04 KAMEN RIDER	4	仮面|ソルジャー	R					
colorless_02_01_EX04c_00	colorless	骨仮面 ムクロ		2			【召喚時】\n自分の手札にある種族「仮面」を持つドを好き\nな枚数デッの下に戻す。その後、自分は同じ枚数\nのカードを引く。\n【常時】\n自分の【変身時】を持つミ二オンが破壊されるた\nぴ、その力ードを手札に戻す。						ocr	1205	骨仮面 ムクロ	https://www.aicarddass.com/zenonzard/images/cardlist/cards/colorless_02_01_EX04c_00.png?v=20201113	field_minion	フィールド・ミニオン	colorless	無色	2	EX:04 HEROIC_MASQUERADE	3	仮面|スケルトン	L					
colorless_02_01_EX04c_01	colorless	Vulc01 シューティングモード		2			【自分のターン】\n自分のミ二オンの数より相手のミニオンの数が多い場\n合、自分の手札にあるこのカードのフリーコストは1\n減らされる。\n【自分のターン】\nこのミニオンがダメージを与えるたぴ、種族「仮面」\nと「ソルジャー」を持つ無色のミニオンに変身でき						ocr	1206	Vulc01 シューティングモード	https://www.aicarddass.com/zenonzard/images/cardlist/cards/colorless_02_01_EX04c_01.png?v=20201113	field_minion	フィールド・ミニオン	colorless	無色	2	EX:04 HEROIC_MASQUERADE	3	仮面|ソルジャー	R					
colorless_02_02_00_00	colorless	ゴブリンソルジャー	Goblin Soldier	2	300	1	効果なし		Basic				gamerch	1182	ゴブリンソルジャー	https://www.aicarddass.com/zenonzard/images/cardlist/cards/colorless_02_02_00_00.png?v=20201113	field_minion	フィールド・ミニオン	colorless	無色	2	ベーシック	15	ゴブリン	Basic					
colorless_02_02_00_01	colorless	ハナルマジロ	Armadahlio	2	200	1	［再起］	Resurge	Basic				gamerch	1183	ハナルマジロ	https://www.aicarddass.com/zenonzard/images/cardlist/cards/colorless_02_02_00_01.png?v=20201113	field_minion	フィールド・ミニオン	colorless	無色	2	ベーシック	15	ビースト	Basic					
colorless_02_02_00_02	colorless	メイジコブラ	Cobra Mage	2	200	0	【破壊時】自分はカードを1枚引く。	[When Destroyed]\nDraw one card.	Basic				gamerch	1184	メイジコブラ	https://www.aicarddass.com/zenonzard/images/cardlist/cards/colorless_02_02_00_02.png?v=20201113	field_minion	フィールド・ミニオン	colorless	無色	2	ベーシック	15	ビースト	Basic					
colorless_02_02_00_03	colorless	マッドジャガード	Mad Jackuar	2	200	1	【破壊時】\n自分のフォース1つを1回復する。	[When Destroyed]\nRestore 1 point to one of your Forces.	Basic				gamerch	1185	マッドジャガード	https://www.aicarddass.com/zenonzard/images/cardlist/cards/colorless_02_02_00_03.png?v=20201113	field_minion	フィールド・ミニオン	colorless	無色	2	ベーシック	15	ハンター	Basic					
colorless_02_02_01_00	colorless	ダンシング・カトラス	Dancing Cutlass	2	100	1	【相手のターン】\nこのミニオンをBP+400する。	[On Your Opponent's Turn]\nThis minion gains +400BP.	AWAKEN				gamerch	1178	ダンシング・カトラス	https://www.aicarddass.com/zenonzard/images/cardlist/cards/colorless_02_02_01_00.png?v=20201113	field_minion	フィールド・ミニオン	colorless	無色	2	PC:01 AWAKEN	14	モンスター	C					
colorless_02_02_01_01	colorless	ボム・ウィスプ	Bomb Wisp	2	100	1	【破壊時】\nBP300以下のミニオン全てを破壊する。	[Passive]\nDeal 1 damage to your opponent's Life\npoints whenever your minions Transform or\nMetamorphose. This can be activated once per\nturn.\n[When Destroyed]\nAll minions with 300BP or lower are\ndestroyed.	AWAKEN				gamerch	1180	ボム・ウィスプ	https://www.aicarddass.com/zenonzard/images/cardlist/cards/colorless_02_02_01_01.png?v=20201113	field_minion	フィールド・ミニオン	colorless	無色	2	PC:01 AWAKEN	14	モンスター	R					
colorless_02_02_01_02	colorless	ゴライアス・ボアイーター	Goliath Boareater	2	300	1	【常時】\n自分のプレイヤーのライフが3以下である場合、このミニオンをBP+200/DP+1する。	[Passive]\nIf you have 3 Life points or lower, this\nminion gains +200BP/+1DP.	AWAKEN				gamerch	1181	ゴライアス・ボアイーター	https://www.aicarddass.com/zenonzard/images/cardlist/cards/colorless_02_02_01_02.png?v=20201113	field_minion	フィールド・ミニオン	colorless	無色	2	PC:01 AWAKEN	14	モンスター	R					
colorless_02_02_01_03	colorless	斥候パルパンサー	Gliding Panther Scouts	2	200	1	【アタック時】\nこのターン中、自分のミニオン全てをBP+100する。	[When Attacking]\nAll your minions gain +100BP for the\nduration of this turn.	AWAKEN				gamerch	1179	斥候パルパンサー	https://www.aicarddass.com/zenonzard/images/cardlist/cards/colorless_02_02_01_03.png?v=20201113	field_minion	フィールド・ミニオン	colorless	無色	2	PC:01 AWAKEN	14	ビースト	C					
colorless_02_02_01r_00	colorless	スパイクトード	Spike Toad	2	400	0	【常時】\nお互いのプレイヤーに与えられる、コスト3以下のミニオンからのDPによるダメージを1軽減する。	[Passive]\nThe DP damage dealt to you and your\nopponent's Life by minions with a cost of 3\nor lower is reduced by 1.	BEYOND				gamerch	1187	スパイクトード	https://www.aicarddass.com/zenonzard/images/cardlist/cards/colorless_02_02_01r_00.png?v=20201113	field_minion	フィールド・ミニオン	colorless	無色	2	PC:01R BEYOND	12	キマイラ	C					
colorless_02_02_02_00	colorless	「紅の鼠騎士」スカーレット	Scarlet - Knight of Crimson	2	200	1	【召喚時】\n自分の[加護]が付与されているミニオンがいるか、自分のベースに［加護］を持つマナがある場合、自分はカードを1枚引く。	[When Summoned]\nIf you have a minion that has received\nthe Boost effect, or if you have a minion with\na Boost effect in your base, draw one\ncard.					seesaa	1188	「紅の鼠騎士」スカーレット	https://www.aicarddass.com/zenonzard/images/cardlist/cards/colorless_02_02_02_00.png?v=20201113	field_minion	フィールド・ミニオン	colorless	無色	2	PC:02 CONTRACT	11	ラット	C					
colorless_02_02_02_01	colorless	グリーンミミック	Green Mimic	2	300	1	【常時】\nお互いの手札にある種族「デミゴッド」を持つフィールド・ミニオンカードのフリーコストを2増やす。	[Passive]\nIncrease the basic cost of the Field\nMinions belonging to the Demigod class in your\nand your opponent's hand by 2.					seesaa	1189	グリーンミミック	https://www.aicarddass.com/zenonzard/images/cardlist/cards/colorless_02_02_02_01.png?v=20201113	field_minion	フィールド・ミニオン	colorless	無色	2	PC:02 CONTRACT	11	モンスター	R					
colorless_02_02_02c_00	colorless	「ARアイドル」ユナ		2			《ベース》\n【後退時】\nこのタ一ン中、自分の[加護]が付与されているミ\nニオン全てをBP+200する。						ocr	1194	「ARアイドル」ユナ	https://www.aicarddass.com/zenonzard/images/cardlist/cards/colorless_02_02_02c_00.png?v=20201113	field_minion	フィールド・ミニオン	colorless	無色	2	EXCODE:02C SAO	9	ソード	R					
colorless_02_02_02c_04	colorless	「鍛冶屋」リズベット		2			【召喚時】\nスイッチ：「黒の剣士」\n自分はデッキの中から種族「アイテム」を持つベ-\nス・ミニオンカド1枚を公開して手札に加るこ\nとができる。その後、自分のデッキをシャッフルす\nEPⅠC						ocr	1192	「鍛冶屋」リズベット	https://www.aicarddass.com/zenonzard/images/cardlist/cards/colorless_02_02_02c_04.png?v=20201113	field_minion	フィールド・ミニオン	colorless	無色	2	EXCODE:02C SAO	9	ソード	E					
colorless_02_02_02c_05	colorless	イルファング・ザ・コボルドロード		2			【破壊時】\nお互いはカ一ドを1枚引く。						ocr	1193	イルファング・ザ・コボルドロード	https://www.aicarddass.com/zenonzard/images/cardlist/cards/colorless_02_02_02c_05.png?v=20201113	field_minion	フィールド・ミニオン	colorless	無色	2	EXCODE:02C SAO	9	ソード	C					
colorless_02_02_02r_00	colorless	はぐれメカ	Stray Bot	2			【常時】\n相手の手札にあるマジックカードのコストは変動し\nない。（コストは增減せず、0にならない)\n【ブロック時】\nこのミニオンをアクティブにする。	[Passive]\nThe cost of Magic cards in your\nopponent's hand cannot increase, decrease, or\nbecome 0.\n[When Blocking]\nThis minion enters the Active State.					ocr	1190	はぐれメカ	https://www.aicarddass.com/zenonzard/images/cardlist/cards/colorless_02_02_02r_00.png?v=20201113	field_minion	フィールド・ミニオン	colorless	無色	2	PC:02R DIVINE	10	モンスター	C					
colorless_02_02_02r_01	colorless	災いのゴブリン	Disaster Goblin	2			【召喚時】\n「スライム・ブロック・トークン」1体を、相手の\nフィールドに出す。そのミニオンに「【常時】この\nミニオンはブロックできない。」を付与する。	[When Summoned]\nOne Token Slime Block enters your\nopponent's field. That minion receives the\nfollowing effect\n[Passive] This minion cannot block.					ocr	1191	災いのゴブリン	https://www.aicarddass.com/zenonzard/images/cardlist/cards/colorless_02_02_02r_01.png?v=20201113	field_minion	フィールド・ミニオン	colorless	無色	2	PC:02R DIVINE	10	ゴブリン	C					
colorless_02_02_EX02_00	colorless	「エンチャンター」ジル	Jyl - The Enchanter	2			《ベース》\n【後退時】\nこのタ一ン中、自分の[加護]が付与されているミ\nニオン全てをBP+200する。	<Base> [When Retreating]\nAll your minions that have received the {\nBoost} effect gain +200BP for the duration\nof this turn.					ocr	1200	「エンチャンター」ジル	https://www.aicarddass.com/zenonzard/images/cardlist/cards/colorless_02_02_EX02_00.png?v=20201113	field_minion	フィールド・ミニオン	colorless	無色	2	EX:02 幻影の剣士	7	ソード	R					
colorless_02_02_EX02_04	colorless	「剣匠」ピンキー	Pinky - The Swordmaster	2			【召喚時】\nスイッチ：「黒の剣士」\n自分はデッキの中から種族「アイテム」を持つベ-\nス・ミニオンカー1枚を公開して手札加えるこ\nとができる。その後、自分のデッキをシャッフルす	[When Summoned] & Switch: Sable Knight\nYou can search your deck for a <Base>\nMinion card belonging to the Item class\nreveal it to your opponent and add it to your\nhand. Then, shuffle your deck.					ocr	1198	「剣匠」ピンキー	https://www.aicarddass.com/zenonzard/images/cardlist/cards/colorless_02_02_EX02_04.png?v=20201113	field_minion	フィールド・ミニオン	colorless	無色	2	EX:02 幻影の剣士	7	ソード	E					
colorless_02_02_EX02_05	colorless	ガラクタ・カンガルー	Junkaroo	2			【破壊時】\nお互いはカ一ドを１枚引く。	[When Destroyed]\nEach player draws one card.					ocr	1199	ガラクタ・カンガルー	https://www.aicarddass.com/zenonzard/images/cardlist/cards/colorless_02_02_EX02_05.png?v=20201113	field_minion	フィールド・ミニオン	colorless	無色	2	EX:02 幻影の剣士	7	ソード	C					
colorless_02_02_ex01_00	colorless	「翔の鼠騎士」フライト	Flight - Knight of Ascension	2	300	1	【常時】\n自分が「翔のフォース“ペガサス”」を選んでいる場合、このミニオンはベースに移動するとき、アクティブ状態で移動する。\n《ベース》\n自分が「翔のフォース“ペガサス”」を選んでいる場合、このマナはフィールドに移動するとき、アクティブ状態で移動する。	[Passive]\nIf you have chosen the Force of Ascension -\nPegasus, this minion enters the Active State\nwhen it moves to your base.\n<Base>\nIf you have chosen the Force of Ascension -\nPegasus, this minion enters the Active State\nwhen it moves to the field.	9Warriors				gamerch	1186	「翔の鼠騎士」フライト	https://www.aicarddass.com/zenonzard/images/cardlist/cards/colorless_02_02_ex01_00.png?v=20201113	field_minion	フィールド・ミニオン	colorless	無色	2	EX:01 魔術都市の9戦士	13	ラット	R					
colorless_03_01_03_00	colorless	グレイ・ピッグ	Gray Pig	3			【召喚時】\n自分の種族「アルカナ」を持つミニオン1体にBP+\n100/DP+1を付与する。	[When Summoned]\nSelect one of your minions belonging to\nthe Arcana class to receive +100BP/+1DP.					ocr	1244	グレイ・ピッグ	https://www.aicarddass.com/zenonzard/images/cardlist/cards/colorless_03_01_03_00.png?v=20201113	field_minion	フィールド・ミニオン	colorless	無色	3	PC:03 EVOLVE	8	ビースト	C					
colorless_03_01_03_01	colorless	アドベンチュラット	Adventurat	3			【召喚時】\n自分のトラッシュにある種族「ドラゴン」を持つ、\n有色のフィールド・ミニオンカード1枚を手札に戻	[When Summoned]\nReturn one Color Field Minion belonging\nto the Dragon class from your trash to\nyour hand.					ocr	1245	アドベンチュラット	https://www.aicarddass.com/zenonzard/images/cardlist/cards/colorless_03_01_03_01.png?v=20201113	field_minion	フィールド・ミニオン	colorless	無色	3	PC:03 EVOLVE	8	ラット	C					
colorless_03_01_03_02	colorless	ソードペッカー	Metalpecker	3			【召喚時】\n自分のデッキを上から3枚破棄する。	[When Summoned]\nDiscard the top three cards of your deck.					ocr	1246	ソードペッカー	https://www.aicarddass.com/zenonzard/images/cardlist/cards/colorless_03_01_03_02.png?v=20201113	field_minion	フィールド・ミニオン	colorless	無色	3	PC:03 EVOLVE	8	ウイング	C					
colorless_03_01_03_03	colorless	気高き騎士	The Virtuous Knight	2			【常時】\nお互いのマナ全てはスタンバイフェイズ以外でアク\nティブにならない。	[Passive]\nMana cannot enter the Active State\noutside of the Standby Phase.					ocr	1196	気高き騎士	https://www.aicarddass.com/zenonzard/images/cardlist/cards/colorless_03_01_03_03.png?v=20201113	field_minion	フィールド・ミニオン	colorless	無色	2	PC:03 EVOLVE	8	セントール	R					
colorless_03_01_04_00	colorless	サンドリーム	Sun Leo	3			【召喚時】\n自分の種族「エヴォカ」を持つマナがある場合、自分はカー\nドを１枚引く。\n自分の種族「エヴォーカ」を持つマナが3つ以上ある場合、この\nミニオンをBP+200/DP+1する\n【常時】\n自分の種族「ォーー」を持つマナが6つ以上る場合、\nミニオンは[撃]と[再起]を持つ。	[When Summoned]\nIf you have mana belonging to the Evoker class in your<Base>, draw one card.\n[Passive]\nIf you have three or more mana belonging to the Evoker\nclass in your base, this minion gains +200BP/+1DP.\n[Passive]\nIf you have six or more minions belonging to the Evoker\nclass in your base, this minion gains the {Charge} and {\nResurge} effect.					ocr	1252	サンドリーム	https://www.aicarddass.com/zenonzard/images/cardlist/cards/colorless_03_01_04_00.png?v=20201113	field_minion	フィールド・ミニオン	colorless	無色	3	PC:04 FORBIDDEN	6	ビースト	R					
colorless_03_01_04_02	colorless	ジャーニーラット	Journeyerrat	3			【召喚時】\n自分はデッキの中から種族「ラット」を持つミニオ\nンカ一ド1枚を公開して手札に加えることができ\nる。その後、自分のデッキをシャッフルする。	[When Summoned]\nYou can search your deck for a minion\ncard belonging to the Rodent class, reveal it\nto your opponent and add it to your\nhand. Then, shuffle your deck.					ocr	1251	ジャーニーラット	https://www.aicarddass.com/zenonzard/images/cardlist/cards/colorless_03_01_04_02.png?v=20201113	field_minion	フィールド・ミニオン	colorless	無色	3	PC:04 FORBIDDEN	6	ラット	R					
colorless_03_01_05_00	colorless	ブラック・カプラ	Black Cabra	3			【召喚時】\n自分はカードを１枚引く。	Revenge\n[When Summoned]\nDraw one card.					ocr	1260	ブラック・カプラ	https://www.aicarddass.com/zenonzard/images/cardlist/cards/colorless_03_01_05_00.png?v=20201113	field_minion	フィールド・ミニオン	colorless	無色	3	PC:05 GLORY	2	ビースト|レギオン	C					
colorless_03_01_05_01	colorless	戦天使ハンマー	Mallette the War Angel	3			【召唤時】\nこのターン中、自分の種族「エンジェル」を持つミ\n二オン1体をBP+200する。	Swoop\n[When Summoned]\nSelect one of your minions belonging to\nthe Angel class to gain +200BP for the\nduration of this turn.					ocr	1257	戦天使ハンマー	https://www.aicarddass.com/zenonzard/images/cardlist/cards/colorless_03_01_05_01.png?v=20201113	field_minion	フィールド・ミニオン	colorless	無色	3	PC:05 GLORY	2	エンジェル	C					
colorless_03_01_05_02	colorless	忍び寄るヴァンパイア	The Stealthy	3			【召喚時】\n自分のプレイヤーに1ダメージを与えることができ\nる。そうした場合、この三二オンにBP+200/DP\n+1を付与する。	[When Summoned]\nYou can deal 1 damage to your Life. If\nyou do, this minion receives +200BP/+1DP.					ocr	1259	忍び寄るヴァンパイア	https://www.aicarddass.com/zenonzard/images/cardlist/cards/colorless_03_01_05_02.png?v=20201113	field_minion	フィールド・ミニオン	colorless	無色	3	PC:05 GLORY	2		C					
colorless_03_01_05_03	colorless	宝石人ヘマタイト	Hematyte of the Gemfolk	3			【破壊時】\n自分のベースに「宝石人へマタイト」がない場合、\nこのカードをレスト状態でベースに置く。	[When Destroyed]\nIf there are no Hematyte of the Gemfolk\ncards in your base, move this card to\nyour base in the Rest State.					ocr	1258	宝石人ヘマタイト	https://www.aicarddass.com/zenonzard/images/cardlist/cards/colorless_03_01_05_03.png?v=20201113	field_minion	フィールド・ミニオン	colorless	無色	3	PC:05 GLORY	2	ジュエリスト	C					
colorless_03_01_05_04	colorless	ゴブリン・アーチャー	Goblin Archer	3			【召喚時】\nマナがある場合、相手のミ二オン1体にBP-300を\n付与する。\n【常時】\nお互いのミニオン全てはスタンバイフェイズ以外で\nアクティブにならない。	[When Summoned]\nIf you have a minion belonging to the\nLegion or Goblin class in your base, deal\n-300BP to one of your opponent's minions\n[Passive]\nMinions cannot enter the Active State\noutside of the Standby Phase.					ocr	1261	ゴブリン・アーチャー	https://www.aicarddass.com/zenonzard/images/cardlist/cards/colorless_03_01_05_04.png?v=20201113	field_minion	フィールド・ミニオン	colorless	無色	3	PC:05 GLORY	2	ゴブリン|レギオン	R					
colorless_03_01_06_00	colorless	ハニーファルコン	Honey Falcon	4			【召喚時】\nこのタン中、相手の色を1つしか持たないミニオ\nン１体のDPをOにする。	Swoop\n[When Summoned]\nReduce the DP of one of your opponent's\nMono-Color Minions to 0 for the duration\nof this turn.					ocr	1303	ハニーファルコン	https://www.aicarddass.com/zenonzard/images/cardlist/cards/colorless_03_01_06_00.png?v=20201113	field_minion	フィールド・ミニオン	colorless	無色	4	PC:06 HELIX	1	ウイング|レギオン	C					
colorless_03_01_06_01	colorless	オアシスタートル	Oasis Turtle	3			【自分の夕\n相手のミニオンがフィールドに出るたび、そのミニ\nオンIにBP-300を付与する。	Infiltrate\n[On Your Turn]\nWhenever one of your opponent's\nminions enters the field, that minion loses\n-300BP.					ocr	1262	オアシスタートル	https://www.aicarddass.com/zenonzard/images/cardlist/cards/colorless_03_01_06_01.png?v=20201113	field_minion	フィールド・ミニオン	colorless	無色	3	PC:06 HELIX	1	ビースト|レギオン	C					
colorless_03_01_EX03_00	colorless	交渉人ミクス	The Negotiator Mix	3			【召喚時】\n自分の札にある種族「BS」を持つミ二オンカ\nド1枚を破棄できる。そうした場合、自分は力ード\nを2枚引く。\n《ベース》\n【後退時】\n自分のミニオンカードでない無色マナ1つを、赤か\n黄か紫のマナに変更する。	[When Summoned]\nYou can discard one minion belonging to\nthe BS class. If you do, draw two cards\n<Base> [When Placed]\nChange one of your Neutral Mana that is\nnot a minion card into a Red, Yellow, or\nPurple Mana.					ocr	1253	交渉人ミクス	https://www.aicarddass.com/zenonzard/images/cardlist/cards/colorless_03_01_EX03_00.png?v=20201113	field_minion	フィールド・ミニオン	colorless	無色	3	EX:03 Battle Spirits	5	BS	R					
colorless_03_01_EX04_01	colorless	仮面ライダーバルカン アサルトウルフ	Vulc01 - Assault Mode	3			【自分のターン\nこのミニオンがダメージを与えるたび、種族「仮\n面」と「ソルジャー」を持つ無色のミニオンに変身で\nきる。\n【破壊時】&【変身時】\n自分の種族「仮面」を持つマナがある場合、自分は\nカードを１枚引く。	[On Your Turn]\nWhenever this minion deals damage, it\ncan Morph into a Neutral Minion belonging\nto the Mask and Soldier class.\n[When Destroyed] & [When Morphed]\nIf you have a minion belonging to the\nMask class in your base, draw one card					ocr	1254	仮面ライダーバルカン アサルトウルフ	https://www.aicarddass.com/zenonzard/images/cardlist/cards/colorless_03_01_EX04_01.png?v=20201113	field_minion	フィールド・ミニオン	colorless	無色	3	EX:04 KAMEN RIDER	4	仮面|ソルジャー	R					
colorless_03_01_EX04c_00	colorless	青炎の仮面 アクセラ	Axela - Mask of Blue Flames	3			【召喚時】\n自分はカドを2枚引く。その後、自分の手札2枚\nを、ランダムにデッキの下に戻す。\n【アタック時】\n自分のベースにあるコスト1のマナ1つを破壊でき\nる。そうした場合、自分のベースに無色マナを置\nき、このミニオンをアクティブにする。	[When Summoned]\nDraw two cards. Then, return two cards from your hand to the bottom of your deck in random order.\n[When Attacking]\nYou can destroy a mana that has a cost of 1 in your base. If you do, place a Neutral Mana into your base, and this minion enters the Active State.					ocr	1255	青炎の仮面 アクセラ	https://www.aicarddass.com/zenonzard/images/cardlist/cards/colorless_03_01_EX04c_00.png?v=20201113	field_minion	フィールド・ミニオン	colorless	無色	3	EX:04 HEROIC_MASQUERADE	3	仮面	L					
colorless_03_01_EX04c_01	colorless	Vulc01 アサルトモード		3			【自分の夕\nこのミニオンがダメージを与えるたび、種族「仮\n面」と「ソルジャー」を持つ無色のミニオンに変身で\nきる。\n【破壊時】&【変身時】\n自分の種族「仮面」を持つマナがある場合、自分は\nカードを１枚引く。						ocr	1256	Vulc01 アサルトモード	https://www.aicarddass.com/zenonzard/images/cardlist/cards/colorless_03_01_EX04c_01.png?v=20201113	field_minion	フィールド・ミニオン	colorless	無色	3	EX:04 HEROIC_MASQUERADE	3	仮面|ソルジャー	R					
colorless_03_02_00_00	colorless	鬼火	Blaze	3	200	1	【召喚時】\nこのターン中、他のミニオン1体をBP+300する。	[When Summoned]\nSelect one other minion to gain +300BP\nfor the duration of this turn.	Basic				gamerch	1225	鬼火	https://www.aicarddass.com/zenonzard/images/cardlist/cards/colorless_03_02_00_00.png?v=20201113	field_minion	フィールド・ミニオン	colorless	無色	3	ベーシック	15	モンスター	Basic					
colorless_03_02_00_01	colorless	メガロサウルス	Megalosaurus	3	500	1	効果なし		Basic				gamerch	1221	メガロサウルス	https://www.aicarddass.com/zenonzard/images/cardlist/cards/colorless_03_02_00_01.png?v=20201113	field_minion	フィールド・ミニオン	colorless	無色	3	ベーシック	15	ダイナソー	Basic					
colorless_03_02_00_02	colorless	ヒーリング・シープ	Healing Sheep	3	300	1	【召喚時】\n自分のプレイヤーを1回復する。	[When Summoned]\nRestore 1 Life point.	Basic				gamerch	1223	ヒーリング・シープ	https://www.aicarddass.com/zenonzard/images/cardlist/cards/colorless_03_02_00_02.png?v=20201113	field_minion	フィールド・ミニオン	colorless	無色	3	ベーシック	15	ビースト	Basic					
colorless_03_02_00_03	colorless	ゲイル・マウス	Gayl Mouse	3			襲撃	Charge					seesaa	1224	ゲイル・マウス	https://www.aicarddass.com/zenonzard/images/cardlist/cards/colorless_03_02_00_03.png?v=20201113	field_minion	フィールド・ミニオン	colorless	無色	3	ベーシック	15	ラット	Basic					
colorless_03_02_00_04	colorless	リトル・プランク	Little Trickster	3	300	1	【召喚時】自分のミニオンでない無色マナ1つを好きな色1つに変更する。	[When Summoned]\nChange one of your Neutral Mana that is\nnot a minion into the Color Mana of your\nchoice.	Basic				gamerch	1222	リトル・プランク	https://www.aicarddass.com/zenonzard/images/cardlist/cards/colorless_03_02_00_04.png?v=20201113	field_minion	フィールド・ミニオン	colorless	無色	3	ベーシック	15	スプライト	Basic					
colorless_03_02_01_00	colorless	ハーミットホルンクラブ	Hermit Horncrab	3	500	2	【召喚時】\nこのミニオンをレストする。	[When Summoned]\nThis minion enters the Rest State.	AWAKEN				gamerch	1217	ハーミットホルンクラブ	https://www.aicarddass.com/zenonzard/images/cardlist/cards/colorless_03_02_01_00.png?v=20201113	field_minion	フィールド・ミニオン	colorless	無色	3	PC:01 AWAKEN	14	ビースト	R					
colorless_03_02_01_01	colorless	ウィル・オー・ウィスプ	Will-o'-the-Wisp	3	200	1	【破壊時】\n無色マナ1つを置く。	[When Destroyed]\nPlace one Neutral Mana in your base.	AWAKEN				gamerch	1216	ウィル・オー・ウィスプ	https://www.aicarddass.com/zenonzard/images/cardlist/cards/colorless_03_02_01_01.png?v=20201113	field_minion	フィールド・ミニオン	colorless	無色	3	PC:01 AWAKEN	14	モンスター	C					
colorless_03_02_01_02	colorless	ウォーター・シューター	Water Shooter	3	300	1	【召喚時】\n相手のDP0のミニオン1体を破壊する。	[When Summoned]\nDestroy one of your opponent's minions\nwith a DP of 0.	AWAKEN				gamerch	1215	ウォーター・シューター	https://www.aicarddass.com/zenonzard/images/cardlist/cards/colorless_03_02_01_02.png?v=20201113	field_minion	フィールド・ミニオン	colorless	無色	3	PC:01 AWAKEN	14	ビースト	C					
colorless_03_02_01_03	colorless	祝福を授けるピクシー	Blessing Pixies	3	200	0	【常時】\n自分のプレイヤーにダメージを与えられるたび、自分はカードを1枚引く。この効果は重複しない。	[Passive]\nWhenever damage is dealt to your Life\ndraw one card. This effect cannot stack.	AWAKEN				gamerch	1213	祝福を授けるピクシー	https://www.aicarddass.com/zenonzard/images/cardlist/cards/colorless_03_02_01_03.png?v=20201113	field_minion	フィールド・ミニオン	colorless	無色	3	PC:01 AWAKEN	14	スプライト	C					
colorless_03_02_01_04	colorless	ゴブリンズ・クイーン	Goblin Queen	3	200	1	【召喚時】\n自分はデッキの中から、「ゴブリンズ・クイーン」以外の種族「ゴブリン」を持つミニオンカード1枚を公開して手札に加えることができる。そうした場合、自分のデッキをシャッフルする。	"[When Summoned]\nYou can search your deck for one minion\ncard belonging to the Goblin class that is\nnot ""Goblin Queen"". If you do so, reveal\nthe card to your opponent and add it to\nyour hand. Then, shuffle your deck."	AWAKEN				gamerch	1218	ゴブリンズ・クイーン	https://www.aicarddass.com/zenonzard/images/cardlist/cards/colorless_03_02_01_04.png?v=20201113	field_minion	フィールド・ミニオン	colorless	無色	3	PC:01 AWAKEN	14	ゴブリン	E					
colorless_03_02_01_05	colorless	練気獣エルサウル	Sly Colossaur	3	300	1	【常時】\n自分の破壊されたフォース1つ毎に、このミニオンをBP+200/DP+1する。	[Passive]\nthis minion receives +200BP/+1DP.\nFor each one of your Forces destroyed	AWAKEN				gamerch	1219	練気獣エルサウル	https://www.aicarddass.com/zenonzard/images/cardlist/cards/colorless_03_02_01_05.png?v=20201113	field_minion	フィールド・ミニオン	colorless	無色	3	PC:01 AWAKEN	14	モンスター	E					
colorless_03_02_01_06	colorless	アガリック・トータス	Toadstool Tortoise	3	200	1	［奪命］	Revenge	AWAKEN				gamerch	1214	アガリック・トータス	https://www.aicarddass.com/zenonzard/images/cardlist/cards/colorless_03_02_01_06.png?v=20201113	field_minion	フィールド・ミニオン	colorless	無色	3	PC:01 AWAKEN	14	ビースト	C					
colorless_03_02_01_07	colorless	「箱を抱く者」パンドリア	Pandoria - Bearer of Evils	3	300	1	【召喚時】\n自分はデッキの中からベース・ミニオンカード１枚を公開して手札に加えることができる。そうした場合、自分のデッキをシャッフルする。	[When Summoned]\nYou can search your deck for one <Base>\nMinion card, reveal it to your opponent and\nadd it to your hand. Then, shuffle your\ndeck.	AWAKEN				gamerch	1220	「箱を抱く者」パンドリア	https://www.aicarddass.com/zenonzard/images/cardlist/cards/colorless_03_02_01_07.png?v=20201113	field_minion	フィールド・ミニオン	colorless	無色	3	PC:01 AWAKEN	14	デミゴッド	L					
colorless_03_02_01r_00	colorless	ベテランゴブリン	Adept Goblin	3	300	1	【召喚時】\n相手のミニオン1体にBP-200を付与する。	[When Summoned]\nDeal -200BP to one of your opponent's\nminions.	BEYOND				gamerch	1229	ベテランゴブリン	https://www.aicarddass.com/zenonzard/images/cardlist/cards/colorless_03_02_01r_00.png?v=20201113	field_minion	フィールド・ミニオン	colorless	無色	3	PC:01R BEYOND	12	ゴブリン	C					
colorless_03_02_01r_01	colorless	ヤミーカクタス	Baby Cactus	3	300	1	【召喚時】\n自分はデッキの中からコスト2のマジックカード1枚を公開して手札に加えることができる。そうした場合、自分のデッキをシャッフルする。	[When Summoned]\nYou can search your deck for one Magic\ncard with a cost of 2, reveal it to your\nopponent, and add it to your hand. Then\nshuffle your deck.	BEYOND				gamerch	1230	ヤミーカクタス	https://www.aicarddass.com/zenonzard/images/cardlist/cards/colorless_03_02_01r_01.png?v=20201113	field_minion	フィールド・ミニオン	colorless	無色	3	PC:01R BEYOND	12	スプライト	E					
colorless_03_02_01r_02	colorless	「天知」プラトーナ	Platorna - The Wise	3	300	1	【召喚時】\n自分の手札を好きな枚数破棄する。\nその後、同じ枚数のカードを引く。\n破棄したカードをランダムにデッキの下に戻す。	[When Summoned]\nDiscard any number of cards from your\nhand. Then, draw the same number of\ncards. Put the cards you discarded on the\nbottom of your deck in random order.	BEYOND				gamerch	1231	「天知」プラトーナ	https://www.aicarddass.com/zenonzard/images/cardlist/cards/colorless_03_02_01r_02.png?v=20201113	field_minion	フィールド・ミニオン	colorless	無色	3	PC:01R BEYOND	12	モンスター	L					
colorless_03_02_02_00	colorless	ドラゴン・プリースト	Dragon Priest	3	100	0	【破壊時】\n「ドラゴン・トークン」1体を出す。	[When Destroyed]\nOne Token Dragon enters the field.					seesaa	1232	ドラゴン・プリースト	https://www.aicarddass.com/zenonzard/images/cardlist/cards/colorless_03_02_02_00.png?v=20201113	field_minion	フィールド・ミニオン	colorless	無色	3	PC:02 CONTRACT	11	ドラゴニュート	C					
colorless_03_02_02_01	colorless	グレー・ブロッブ	Gray Slime	3	100	0	【破壊時】\n相手のミニオン・トークンを全て破壊する。	[When Destroyed]\nDestroy all your opponent's Token\nMinions.					seesaa	1233	グレー・ブロッブ	https://www.aicarddass.com/zenonzard/images/cardlist/cards/colorless_03_02_02_01.png?v=20201113	field_minion	フィールド・ミニオン	colorless	無色	3	PC:02 CONTRACT	11	モンスター	C					
colorless_03_02_02_02	colorless	ドランゲール	Dragale	3	300	1	【常時】\n自分の手札にある種族「ドラゴン」を持つミニオンカードのフリーコストを1減らす。	[Passive]\nReduce the basic cost of the minion cards\nbelonging to the Dragon class in your\nhand by 1.					seesaa	1234	ドランゲール	https://www.aicarddass.com/zenonzard/images/cardlist/cards/colorless_03_02_02_02.png?v=20201113	field_minion	フィールド・ミニオン	colorless	無色	3	PC:02 CONTRACT	11	ドラゴニュート	R					
colorless_03_02_02c_00	colorless	ナメクジ研究員		3			【破壊時】\nこのターン中、相手のプレイヤーに「自分のミニオ\nン全てはアクティブにならない。」を与える。						ocr	1243	ナメクジ研究員	https://www.aicarddass.com/zenonzard/images/cardlist/cards/colorless_03_02_02c_00.png?v=20201113	field_minion	フィールド・ミニオン	colorless	無色	3	EXCODE:02C SAO	9	ソード	C					
colorless_03_02_02c_01	colorless	「冒険の始まり」キリト		3			ソード/黒の剣士						ocr	1240	「冒険の始まり」キリト	https://www.aicarddass.com/zenonzard/images/cardlist/cards/colorless_03_02_02c_01.png?v=20201113	field_minion	フィールド・ミニオン	colorless	無色	3	EXCODE:02C SAO	9	黒の剣士|ソード	C					
colorless_03_02_02c_02	colorless	死銃		3										1241	死銃	https://www.aicarddass.com/zenonzard/images/cardlist/cards/colorless_03_02_02c_02.png?v=20201113	field_minion	フィールド・ミニオン	colorless	無色	3	EXCODE:02C SAO	9	ソード	C					
colorless_03_02_02c_03	colorless	「妖精王の妃」ティターニア		3			【召喚時】&\nスイッチ：「黒の剣士」\n自分はカドを1枚引く。その後、自分の手札1枚\nをデッキの下に戻す。\n【自分の夕\n自分の種族「黒の剣士」を持つミニオンがいない場\n合、このミニオンはアタックできない。						ocr	1242	「妖精王の妃」ティターニア	https://www.aicarddass.com/zenonzard/images/cardlist/cards/colorless_03_02_02c_03.png?v=20201113	field_minion	フィールド・ミニオン	colorless	無色	3	EXCODE:02C SAO	9	閃光|ソード	E					
colorless_03_02_02r_00	colorless	ブルーミミック	Blue Mimic	3			【破壊時】\n相手のコスト3以下のミニオン1体を破壊する。	[When Destroyed]\nDestroy one of your opponent's minions\nwith a cost of 3 or lower.					ocr	1235	ブルーミミック	https://www.aicarddass.com/zenonzard/images/cardlist/cards/colorless_03_02_02r_00.png?v=20201113	field_minion	フィールド・ミニオン	colorless	無色	3	PC:02R DIVINE	10	モンスター	R					
colorless_03_02_02r_01	colorless	ミサイルドッグ	Rocket Canine	3			【アタック時】\n自分の「ロイヤルドッグ」がいる場合、自分はカー\nドを１枚引く。	"[When Attacking]\nIf you have a ""Loyal Canine Kaiser"" on\nthe field, draw one card."					ocr	1236	ミサイルドッグ	https://www.aicarddass.com/zenonzard/images/cardlist/cards/colorless_03_02_02r_01.png?v=20201113	field_minion	フィールド・ミニオン	colorless	無色	3	PC:02R DIVINE	10	ビースト	C					
colorless_03_02_02r_02	colorless	「不死鳥」スザク	Suzaku - Phoenix of the Five	3			【破壊時】\n自分のプレイヤーに「次に受けるダメージを0にす\nる」を付与する。\n《トラッシュ》\nこの力ーは効果で選択できない。	[When Destroyed]\nYou receive the following effect and banish\nthis minion\nThe next damage you receive to your Life\nwill be reduced to 0.\n<Trash>\nThis card cannot be selected as a target for\ncard effects.					ocr	1237	「不死鳥」スザク	https://www.aicarddass.com/zenonzard/images/cardlist/cards/colorless_03_02_02r_02.png?v=20201113	field_minion	フィールド・ミニオン	colorless	無色	3	PC:02R DIVINE	10	ファイブスター	L					
colorless_03_02_02r_03	colorless	「天知」プラトーナ		3			【召喚時】\n自分の手札を好きな枚数破棄する。\nその後、同じ枚数のカードを引く。\n破棄したカードをランダムにデッキの下に戻す。		BEYOND				gamerch	1239	「天知」プラトーナ	https://www.aicarddass.com/zenonzard/images/cardlist/cards/colorless_03_02_02r_03.png?v=20201113	field_minion	フィールド・ミニオン	colorless	無色	3	PC:02R DIVINE	10	モンスター	L					
colorless_03_02_EX02_00	colorless	ダンジョンアメーバ	Dungeon Ameba	3			【破壊時】\nこのターン中、相手のプレイヤーに「自分のミニオ\nン全てはアクティブにならない。」を与える。	[When Destroyed]\nYour opponent receives the following\neffect for the duration of this turn\nNone of your minions can enter the\nActive State.					ocr	1250	ダンジョンアメーバ	https://www.aicarddass.com/zenonzard/images/cardlist/cards/colorless_03_02_EX02_00.png?v=20201113	field_minion	フィールド・ミニオン	colorless	無色	3	EX:02 幻影の剣士	7	ソード	C					
colorless_03_02_EX02_01	colorless	「駆け出し」ソロ	Solo - Sprinter	3										1247	「駆け出し」ソロ	https://www.aicarddass.com/zenonzard/images/cardlist/cards/colorless_03_02_EX02_01.png?v=20201113	field_minion	フィールド・ミニオン	colorless	無色	3	EX:02 幻影の剣士	7	黒の剣士|ソード	C					
colorless_03_02_EX02_02	colorless	デスアロウ	Deadly Arrow	3				Revenge						1248	デスアロウ	https://www.aicarddass.com/zenonzard/images/cardlist/cards/colorless_03_02_EX02_02.png?v=20201113	field_minion	フィールド・ミニオン	colorless	無色	3	EX:02 幻影の剣士	7	ソード	C					
colorless_03_02_EX02_03	colorless	「封印の騎士」アメリア	Amelia - The Imprisoned Knight	3			【召喚時】\nスイッチ：「黒の剣士」\n自分はカドを1枚引く。その後、自分の手札1枚\nをデッキの下に戻す\n【自分の夕\n自分の種族「黒の剣士」を持つミ二オンがいない場\n合、このミニオンはアタックできない。	[When Summoned] & Switch: Sable Knight\nDraw one card. Then, put one card from\nyour hand on the bottom of your deck\n[On Your Turn]\nThis minion cannot attack if there is no\nminion belonging to the Sable Knight class\non your field.					ocr	1249	「封印の騎士」アメリア	https://www.aicarddass.com/zenonzard/images/cardlist/cards/colorless_03_02_EX02_03.png?v=20201113	field_minion	フィールド・ミニオン	colorless	無色	3	EX:02 幻影の剣士	7	閃光|ソード	E					
colorless_03_02_ex01_00	colorless	「知の鼠騎士」ウィズダム	Wisdom - Knight of Insight	3	200	1	【召喚時】\n自分が「知のフォース“ケイローン”」を選んでいる場合、自分のデッキを上から2枚見て、その中のカード1枚を公開して手札に加える。残りをランダムにデッキの下に戻す。	[When Summoned]\nIf you have chosen the Force of Insight -\nChiron, look at the top two cards of your\ndeck and select one card. Reveal it to your\nopponent and add it to your hand. Put\nthe rest back on the bottom of your deck in\nrandom order.	9Warriors				gamerch	1226	「知の鼠騎士」ウィズダム	https://www.aicarddass.com/zenonzard/images/cardlist/cards/colorless_03_02_ex01_00.png?v=20201113	field_minion	フィールド・ミニオン	colorless	無色	3	EX:01 魔術都市の9戦士	13	ラット	R					
colorless_03_02_ex01_01	colorless	「輪の鼠騎士」リング	Ryng - Knight of Eternity	3	300	1	【アタック時】&【ブロック時】\n自分が「輪のフォース“ウロボロス”」を選んでいる場合、このターン中、このミニオンをBP+300する。	[When Attacking] & [When Blocking]\nIf you have chosen the Force of Eternity -\nOuroboros, this minion gains +300BP for\nthe duration of this turn.	9Warriors				gamerch	1228	「輪の鼠騎士」リング	https://www.aicarddass.com/zenonzard/images/cardlist/cards/colorless_03_02_ex01_01.png?v=20201113	field_minion	フィールド・ミニオン	colorless	無色	3	EX:01 魔術都市の9戦士	13	ラット	R					
colorless_03_04_00_00	colorless	ドラゴン『水』・トークン	Token Water Dragon	3			【常時】\nこのミニオンはフォースにアタックできない。	[Passive]\nThis minion cannot attack Forces.					seesaa	1264	ドラゴン『水』・トークン	https://www.aicarddass.com/zenonzard/images/cardlist/cards/colorless_03_04_00_00.png?v=20201113	token_minion	ミニオン・トークン	colorless	無色	3	ベーシック	15	ドラゴン	Basic					
colorless_04_01_03_00	colorless	宝山のグリフォン	Gryphon of Lofty Treasures	4			【召喚時】\n自分はデッキの中から種族「エヴォーカー」を持つ\nベース・ミニオンカード1枚を公開して手札に加えるこ\nとができる。その後、自分のデッキをシャッフルす\n【自分のターン】\n自分の手札にある種族「アルカナ」を持つミニオン\nカードのフリーコストを1減らす	[When Summoned]\nYou can search your deck for one <Base>\nMinion belonging to the Evoker class, reveal it to\nyour opponent, and add it to your hand.\nThen, shuffle your deck.\n[On Your Turn]\nReduce the basic cost of minions belonging\nto the Arcana class in your hand by 1.					ocr	1291	宝山のグリフォン	https://www.aicarddass.com/zenonzard/images/cardlist/cards/colorless_04_01_03_00.png?v=20201113	field_minion	フィールド・ミニオン	colorless	無色	4	PC:03 EVOLVE	8	ウイング	C					
colorless_04_01_03_01	colorless	沼地のドラゴン	The Swamp Dragon	4			【自分の夕\nこのミニオンは種族「ドラゴン」または「ドラゴ\nニュート」を持たないミニオンにはブロックされな	Revenge\n[On Your Turn]\nOnly minions belonging to the Dragon or\nDragonewt class can block this minion's\nattacks.					ocr	1292	沼地のドラゴン	https://www.aicarddass.com/zenonzard/images/cardlist/cards/colorless_04_01_03_01.png?v=20201113	field_minion	フィールド・ミニオン	colorless	無色	4	PC:03 EVOLVE	8	ドラゴン	C					
colorless_04_01_03_02	colorless	「ラスの召喚獣・人」サムライ	Samurai Spirit - Of Lahrs	4			【自分の夕\nこのミ二オンは相手の効果で選択できない。\n【常時】\n自分の種族「エヴォーカ」を持つマナ1つ毎に、\nこのミ二オンをBP+100する。	[On Your Turn]\nThis minion cannot be selected as\ntarget for your opponent's effects.\n[Passive]\nThis minion gains +100BP for every\nminion belonging to the Evoker class in your base.					ocr	1293	「ラスの召喚獣・人」サムライ	https://www.aicarddass.com/zenonzard/images/cardlist/cards/colorless_04_01_03_02.png?v=20201113	field_minion	フィールド・ミニオン	colorless	無色	4	PC:03 EVOLVE	8	アルカナ|ソード	L					
colorless_04_01_05_00	colorless	ドラゴニュートの剣士	Dragonewt Swordsman	4			【召唤時】\n相手のコスト7以上のミニオン1体を破壊する。	Resurge\n[When Summoned]\nDestroy one of your opponent's minions\nwith a cost of 7 or higher.					ocr	1302	ドラゴニュートの剣士	https://www.aicarddass.com/zenonzard/images/cardlist/cards/colorless_04_01_05_00.png?v=20201113	field_minion	フィールド・ミニオン	colorless	無色	4	PC:05 GLORY	2	ドラゴニュート|レギオン	C					
colorless_04_01_06_00	colorless	「白帝」ビャッコ	Baihu - The White Emperor	5			【召喚時】\n自分のミニオンカードであるマナ1つを、フィール\nドにアクティブ状態で移動させることができる。\n【常時】\n自分のベース・ミニオンカードであるミニオン全て\nをBP+100/DP+1する。この効果は重複しない。\nLEＧEND	[When Summoned]\nYou can move one of your minions from\nyour base to the field and put it in the\nActive State.\n[Passive]\nAll your Base Minions gain +100BP/\n+1DP. This effect cannot stack.					ocr	1346	「白帝」ビャッコ	https://www.aicarddass.com/zenonzard/images/cardlist/cards/colorless_04_01_06_00.png?v=20201113	field_minion	フィールド・ミニオン	colorless	無色	5	PC:06 HELIX	1	ファイブスター	L					
colorless_04_01_EX04_01	colorless	仮面ライダーバルキリー ライトニングホーネット	Valk - Eolia LH	4			【召唤時】\nこのターン中、相手のミニオン全てをBP-100す	Swoop\n[When Summoned]\nAll of your opponent's minions lose\n-100BP for the duration of this turn.					ocr	1299	仮面ライダーバルキリー ライトニングホーネット	https://www.aicarddass.com/zenonzard/images/cardlist/cards/colorless_04_01_EX04_01.png?v=20201113	field_minion	フィールド・ミニオン	colorless	無色	4	EX:04 KAMEN RIDER	4	仮面	E					
colorless_04_01_EX04c_00	colorless	「竜砲士」バートル	Byrt - Dragon Blaster	4			【アタック時】\n相手の有色のミニオン1体をレストする\n【常時】\n自分の種族「仮面」を持つマナが6つ以上る場合、この二才ン\nは[襲撃]と[通]と[再起]と潜入]と[奪命]を持ち、\nBP+300/DP+1する。\n【常時】\n自分の種族「仮面」を持つ有色の二才ンは、相手の効果で選択\nできない。	[When Attacking]\nPut one of your opponent's Color Minions in the Rest State.\n[Passive]\nIf you have six or more mana belonging to the Mask in your base, this minion gains the {Charge}, {Pierce}, {Resurge}, {Infiltrate} and {Revenge} effects,\nas well as +300BP/+1DP.\n[Passive]\nYour Color Minions belonging to the Mask class cannot be selected as a target for your opponent's card effects.					ocr	1300	「竜砲士」バートル	https://www.aicarddass.com/zenonzard/images/cardlist/cards/colorless_04_01_EX04c_00.png?v=20201113	field_minion	フィールド・ミニオン	colorless	無色	4	EX:04 HEROIC_MASQUERADE	3	仮面	L					
colorless_04_01_EX04c_01	colorless	Valk エオリアLH		4			【召喚時】\nこのターン中、相手のミ二オン全てをBP-100す						ocr	1301	Valk エオリアLH	https://www.aicarddass.com/zenonzard/images/cardlist/cards/colorless_04_01_EX04c_01.png?v=20201113	field_minion	フィールド・ミニオン	colorless	無色	4	EX:04 HEROIC_MASQUERADE	3	仮面	E					
colorless_04_02_00_00	colorless	ロックイーター	Rockeater	4	500	2	効果なし		Basic				gamerch	1272	ロックイーター	https://www.aicarddass.com/zenonzard/images/cardlist/cards/colorless_04_02_00_00.png?v=20201113	field_minion	フィールド・ミニオン	colorless	無色	4	ベーシック	15	ダイナソー	Basic					
colorless_04_02_00_01	colorless	チャルチャルシオ	Chalchalsio	4	400	2	【常時】\nこのミニオンは、相手のマジックの効果で選択できない。	[Passive]\nThis minion cannot be selected as\ntarget for your opponent's Magic cards.	Basic				gamerch	1274	チャルチャルシオ	https://www.aicarddass.com/zenonzard/images/cardlist/cards/colorless_04_02_00_01.png?v=20201113	field_minion	フィールド・ミニオン	colorless	無色	4	ベーシック	15	トライブ	Basic					
colorless_04_02_00_02	colorless	「鉄塊」トリケラ・ライノス	Iron-Clad Trihorn	4	500	1	［再起］	Resurge	Basic				gamerch	1273	「鉄塊」トリケラ・ライノス	https://www.aicarddass.com/zenonzard/images/cardlist/cards/colorless_04_02_00_02.png?v=20201113	field_minion	フィールド・ミニオン	colorless	無色	4	ベーシック	15	ビースト	Basic					
colorless_04_02_00_03	colorless	ボム・ウォール	Bomb Wahl	4	500	0	【召喚時】\n相手のBP400以下のミニオン1体を破壊する。	[When Summoned]\nDestroy one of your opponent's minions\nwith 400BP or lower.	Basic				gamerch	1276	ボム・ウォール	https://www.aicarddass.com/zenonzard/images/cardlist/cards/colorless_04_02_00_03.png?v=20201113	field_minion	フィールド・ミニオン	colorless	無色	4	ベーシック	15	モンスター	Basic					
colorless_04_02_00_04	colorless	ハウリング・ダイアー	Howling Direwolf	4	400	1	【常時】\n他の自分のミニオン全てをBP+100する。	[Passive]\nAll your other minions gain +100BP.	Basic				gamerch	1275	ハウリング・ダイアー	https://www.aicarddass.com/zenonzard/images/cardlist/cards/colorless_04_02_00_04.png?v=20201113	field_minion	フィールド・ミニオン	colorless	無色	4	ベーシック	15	トライブ	Basic					
colorless_04_02_01_00	colorless	エレキタマス	Charged Hippo	4	500	1	【アタック時】\n相手のBP200以下のミニオン全てを破壊する。	[When Attacking]\nDestroy all your opponent's minions with\n200BP or lower.	AWAKEN				gamerch	1267	エレキタマス	https://www.aicarddass.com/zenonzard/images/cardlist/cards/colorless_04_02_01_00.png?v=20201113	field_minion	フィールド・ミニオン	colorless	無色	4	PC:01 AWAKEN	14	ビースト	C					
colorless_04_02_01_01	colorless	モンスター・ブック	Creature Book	4	400	1	【召喚時】\n自分のデッキを上から3枚見て、その中のフィールド・ミニオンカード1枚を公開して手札に加える。残りをランダムにデッキの下に戻す。	[When Summoned]\nLook at the top three cards of your deck\nand select one Field Minion. Reveal it to\nyour opponent and add it to your hand. Put\nthe rest back on the bottom of your deck\nin random order.	AWAKEN				gamerch	1268	モンスター・ブック	https://www.aicarddass.com/zenonzard/images/cardlist/cards/colorless_04_02_01_01.png?v=20201113	field_minion	フィールド・ミニオン	colorless	無色	4	PC:01 AWAKEN	14	モンスター	R					
colorless_04_02_01_02	colorless	アシッド・ドラゴン	Acid Dragon	4	500	1	【常時】\n自分のプレイヤーにダメージを与えられるたび、このミニオンにDP+1を付与する。	[Passive]\nWhenever damage is dealt to your Life, this minion receives +1DP.	AWAKEN				gamerch	1269	アシッド・ドラゴン	https://www.aicarddass.com/zenonzard/images/cardlist/cards/colorless_04_02_01_02.png?v=20201113	field_minion	フィールド・ミニオン	colorless	無色	4	PC:01 AWAKEN	14	ドラゴン	R					
colorless_04_02_01_03	colorless	雷龍ライトニングフォール	Lightningfall Dragon	4	600	1	【召喚時】\n相手の無色のミニオン1体を破壊する。	[When Summoned]\nDestroy one of your opponent's Neutral\nMinions.	AWAKEN				gamerch	1270	雷龍ライトニングフォール	https://www.aicarddass.com/zenonzard/images/cardlist/cards/colorless_04_02_01_03.png?v=20201113	field_minion	フィールド・ミニオン	colorless	無色	4	PC:01 AWAKEN	14	ドラゴン	E					
colorless_04_02_01_04	colorless	魔力喰い	Magic Eater	4	400	1	【自分のターン】\nこのターンに自分が本来のコストが4以上のマジックを使用している場合、自分の手札にあるこのカードのコストは0になる。	[On Your Turn]\nIf you have used a Magic card with an\noriginal cost of 4 or higher this turn, the cost\nof this card while in your hand becomes\n0 for the duration of the turn.	AWAKEN				gamerch	1271	魔力喰い	https://www.aicarddass.com/zenonzard/images/cardlist/cards/colorless_04_02_01_04.png?v=20201113	field_minion	フィールド・ミニオン	colorless	無色	4	PC:01 AWAKEN	14	モンスター	E					
colorless_04_02_01_05	colorless	ファンカリアス	Fain Callias	4	400	2	【召喚時】\n自分のプレイヤーか自分のフォース1つを1回復する。	[When Summoned]\nRestore 1 Life point or 1 Force point.	AWAKEN				gamerch	1266	ファンカリアス	https://www.aicarddass.com/zenonzard/images/cardlist/cards/colorless_04_02_01_05.png?v=20201113	field_minion	フィールド・ミニオン	colorless	無色	4	PC:01 AWAKEN	14	ウイング	C					
colorless_04_02_01_06	colorless	モルド	Mordo	4	400	2	【常時】\n他の自分のミニオンが破壊されるたび、このミニオンにBP+100を付与する。	[Passive]\nWhenever one of your other minions is\ndestroyed, this minion receives +100BP.	AWAKEN				gamerch	1265	モルド	https://www.aicarddass.com/zenonzard/images/cardlist/cards/colorless_04_02_01_06.png?v=20201113	field_minion	フィールド・ミニオン	colorless	無色	4	PC:01 AWAKEN	14	ビースト	C					
colorless_04_02_01r_00	colorless	ヒドゥンヴォルフ	Hidden Wolf	4	300	2	【召喚時】\n相手のミニオン1体毎に、このミニオンにBP+100を付与する。	[When Summoned]\nThis minion receives +1-0BP for each\nminion your opponent has on the field.	BEYOND				gamerch	1279	ヒドゥンヴォルフ	https://www.aicarddass.com/zenonzard/images/cardlist/cards/colorless_04_02_01r_00.png?v=20201113	field_minion	フィールド・ミニオン	colorless	無色	4	PC:01R BEYOND	12	ビースト	R					
colorless_04_02_02_00	colorless	オブシディアン・ドラゴン	Obsidian Dragon	4	400	2	【常時】\n他の自分の種族「ドラゴン」を持つミニオン全てをBP+200する。	[Passive]\nAll your other minions belonging to the\nDragon class receive +200BP.					seesaa	1280	オブシディアン・ドラゴン	https://www.aicarddass.com/zenonzard/images/cardlist/cards/colorless_04_02_02_00.png?v=20201113	field_minion	フィールド・ミニオン	colorless	無色	4	PC:02 CONTRACT	11	ドラゴン	C					
colorless_04_02_02_01	colorless	スレイビートル	Slay Beetle	4	400	1	【相手のターン】\n自分のフォース全ては、相手の効果で選択できない。	[On Your Opponent's Turn]\nYour Forces cannot be selected as targets\nfor your opponent's card effects.					seesaa	1281	スレイビートル	https://www.aicarddass.com/zenonzard/images/cardlist/cards/colorless_04_02_02_01.png?v=20201113	field_minion	フィールド・ミニオン	colorless	無色	4	PC:02 CONTRACT	11	モンスター	R					
colorless_04_02_02_02	colorless	スティール・センチピード	Steel Centipede	4	400	1	【アタック時】\nこのミニオンがダメージを与えるたび、そのダメージ分、自分のプレイヤーを回復する。	[When Attacking]\nWhenever this minion deals damage,\nrestore your Life points by the amount of\ndamage dealt.					seesaa	1282	スティール・センチピード	https://www.aicarddass.com/zenonzard/images/cardlist/cards/colorless_04_02_02_02.png?v=20201113	field_minion	フィールド・ミニオン	colorless	無色	4	PC:02 CONTRACT	11	モンスター	E					
colorless_04_02_02_03	colorless	密林王ブラックサーベルジャガー	Black Sabre Jaguar - King of the Jungle	4	500	1	【自分のターン】\n自分の[加護]を持つマナ全ては、レスト状態でも付与することができる。	[On Your Turn]\nAll mana with the Boost effect in your base can grant its effect even if they are in\nthe Rest State.					seesaa	1283	密林王ブラックサーベルジャガー	https://www.aicarddass.com/zenonzard/images/cardlist/cards/colorless_04_02_02_03.png?v=20201113	field_minion	フィールド・ミニオン	colorless	無色	4	PC:02 CONTRACT	11	ビースト	L					
colorless_04_02_02c_00	colorless	スリーピング・ナイツ		4			【常時】\n相手のミ二オンが1体以上手札に戻るたび、この\nターン中、このミ二オンと自分の種族「絶剣」または\n「閃光」を持つミ二才ン全てをBP+200/DP+1す						ocr	1287	スリーピング・ナイツ	https://www.aicarddass.com/zenonzard/images/cardlist/cards/colorless_04_02_02c_00.png?v=20201113	field_minion	フィールド・ミニオン	colorless	無色	4	EXCODE:02C SAO	9	ソード	C					
colorless_04_02_02c_01	colorless	「オーディナル・スケール」アスナ		4			【召喚時】\nスイッチ：「黒の剣士」\n自分のフォース1つを1回復する。						ocr	1288	「オーディナル・スケール」アスナ	https://www.aicarddass.com/zenonzard/images/cardlist/cards/colorless_04_02_02c_01.png?v=20201113	field_minion	フィールド・ミニオン	colorless	無色	4	EXCODE:02C SAO	9	閃光|ソード	R					
colorless_04_02_02c_02	colorless	「隠遁の管理者」カーディナル		4			【召喚時】&\nスイッチ：「黒の剣士]\n自分のスト2のミ二オン1体にBP+100/DP+1\nを付与する。						ocr	1289	「隠遁の管理者」カーディナル	https://www.aicarddass.com/zenonzard/images/cardlist/cards/colorless_04_02_02c_02.png?v=20201113	field_minion	フィールド・ミニオン	colorless	無色	4	EXCODE:02C SAO	9	ソード	E					
colorless_04_02_02c_03	colorless	「GGOの剣士」キリト		4			【常時】\nこのミニオンは、相手のマジックの効果で選択でき\nない。						ocr	1290	「GGOの剣士」キリト	https://www.aicarddass.com/zenonzard/images/cardlist/cards/colorless_04_02_02c_03.png?v=20201113	field_minion	フィールド・ミニオン	colorless	無色	4	EXCODE:02C SAO	9	黒の剣士|ソード	C					
colorless_04_02_02r_00	colorless	ドラゴンフライ	Dragonfly	4			【召喚時】\n相手のコスト1以下のミニオン全てを破壊する。	[When Summoned]\nDestroy all your opponent's minions with\na cost of 1 or lower.					ocr	1284	ドラゴンフライ	https://www.aicarddass.com/zenonzard/images/cardlist/cards/colorless_04_02_02r_00.png?v=20201113	field_minion	フィールド・ミニオン	colorless	無色	4	PC:02R DIVINE	10	ウイング	C					
colorless_04_02_02r_01	colorless	「憧れる者」アンジュ	Anju of Aspiration	3			【召喚時】\n自分はカードを1枚引く\n【常時】\nこのミ二オンには条件を無視して[加護]を付与させるこ\nとができる。\n【加護時】\n有色の加護である場合、加護しているマナをレスト状態で\nベスに移動させ、その色に応じた姿に大変身する。	[When Summoned]\nDraw one card.\n[Passive]\nThis minion can receive the {Boost} effect while\nignoring any required conditions.\n[When Boosted]\nIf Boosted by a Color Mana, move that mana to the<Base> in the Rest State. This card will Metamorphose\naccording to that color.					ocr	1238	「憧れる者」アンジュ	https://www.aicarddass.com/zenonzard/images/cardlist/cards/colorless_04_02_02r_01.png?v=20201113	field_minion	フィールド・ミニオン	colorless	無色	3	PC:02R DIVINE	10	デミゴッド	L					
colorless_04_02_02r_02	colorless	ゴブリンナイト	Goblin Knight	4			【自分のターン】\n100/DP+1する。この効果は重複しない。	Resurge\n[On Your Turn]\nIf you have a Goblin Queen on your\nfield, all your minions belonging to the Goblin\nclass gain + 100BP/+1DP. This effect\ncannot stack.					ocr	1285	ゴブリンナイト	https://www.aicarddass.com/zenonzard/images/cardlist/cards/colorless_04_02_02r_02.png?v=20201113	field_minion	フィールド・ミニオン	colorless	無色	4	PC:02R DIVINE	10	ゴブリン	E					
colorless_04_02_02r_03	colorless	雷龍ライトニングフォール		4	600	1	【召喚時】\n相手の無色のミニオン1体を破壊する。		AWAKEN				gamerch	1286	雷龍ライトニングフォール	https://www.aicarddass.com/zenonzard/images/cardlist/cards/colorless_04_02_02r_03.png?v=20201113	field_minion	フィールド・ミニオン	colorless	無色	4	PC:02R DIVINE	10	ドラゴン	E					
colorless_04_02_04_00	colorless	エマの第2魔法：ボーリング	Emma's Spells, Entry 2: Monotony	4			【メイン】\n相手のDPがX以下のミニオン1体を除外する。Xは\n自分の種族「エヴォーカー」を持つマナの数と同じ\nとする。その後、このカ一ドを除外する。	This card is part of the Arcana class.\nThis card's cost cannot be changed.\n[Main]\nBanish one of your opponent's minions with XDP or lower, where X is the number\nof minions belonging to the Evoker class in your base. Then, banish this card					ocr	1304	エマの第2魔法：ボーリング	https://www.aicarddass.com/zenonzard/images/cardlist/cards/colorless_04_02_04_00.png?v=20201113	magic	マジック	colorless	無色	4	PC:04 FORBIDDEN	6		L					
colorless_04_02_04_01	colorless	選ばれし探索者アレックス	The Chosen Explorer, Alex	4			【召喚時】\n自分のベスに「コ」がある場合、自分はカドを1枚引\nく。自分のべスに「」がない場合、代わに自分のべ\nスに「コア」1つを置く。\n【自分のターン】\nこのニオンは[コスト軽減で何色としても数えられる。\nＬEＧEND	Swoop\n[When Summoned]\nIf you have a Core in your base, draw one card. If\nyou do not have a Core in your base, place a Core\ninto your base instead.\n[On Your Turn]\nThis minion can be counted as any color for the {\nCost Reduction} effect.					ocr	1298	選ばれし探索者アレックス	https://www.aicarddass.com/zenonzard/images/cardlist/cards/colorless_04_02_04_01.png?v=20201113	field_minion	フィールド・ミニオン	colorless	無色	4	PC:04 FORBIDDEN	6	BS	L					
colorless_04_02_EX02_00	colorless	フェアリーシスターズ	Fairy Sisters	4			【常時】\n相手のミ二オンが1体以上手札に戻るたび、この\nターン中、このミ二オンと自分の種族「絶剣」または\n「閃光」を持つミ二オン全てをBP+200/DP+1す	[Passive]\nWhenever one or more of your\nopponent's minions returns to their hand, this\nminion and all your minions belonging to the\nSovereign Blade or Swift class gain\n+200BP/+1DP for the duration of the turn					ocr	1294	フェアリーシスターズ	https://www.aicarddass.com/zenonzard/images/cardlist/cards/colorless_04_02_EX02_00.png?v=20201113	field_minion	フィールド・ミニオン	colorless	無色	4	EX:02 幻影の剣士	7	ソード	C					
colorless_04_02_EX02_01	colorless	「士官」アメリア	Amelia - The Officer	4			【召喚時】\nスイッチ：「黒の剣士」\n自分のフォース1つを1回復する。	[When Summoned] & Switch: Sable Knight\nRestore 1 point to one of your Forces.					ocr	1295	「士官」アメリア	https://www.aicarddass.com/zenonzard/images/cardlist/cards/colorless_04_02_EX02_01.png?v=20201113	field_minion	フィールド・ミニオン	colorless	無色	4	EX:02 幻影の剣士	7	閃光|ソード	R					
colorless_04_02_EX02_02	colorless	「書架の魔導士」カナ	Alpha - Sorceress of the Tomes	4			【召喚時】&\nスイッチ：「黒の剣士」\n自分のスト2のミ二オン1体にBP+100/DP+1\nを付与する。	[When Summoned] & Switch: Sable Knight\nSelect one of your minions with a cost of\n2 to receive +100BP/+1DP.					ocr	1296	「書架の魔導士」カナ	https://www.aicarddass.com/zenonzard/images/cardlist/cards/colorless_04_02_EX02_02.png?v=20201113	field_minion	フィールド・ミニオン	colorless	無色	4	EX:02 幻影の剣士	7	ソード	E					
colorless_04_02_EX02_03	colorless	「潜伏者」ソロ	Solo - The Sneak	4			【常時】\nこのミニオンは、相手のマジックの効果で選択でき\nない。	[Passive]\nThis minion cannot be selected as\ntarget for your opponent's Magic cards.					ocr	1297	「潜伏者」ソロ	https://www.aicarddass.com/zenonzard/images/cardlist/cards/colorless_04_02_EX02_03.png?v=20201113	field_minion	フィールド・ミニオン	colorless	無色	4	EX:02 幻影の剣士	7	黒の剣士|ソード	C					
colorless_04_02_ex01_00	colorless	「凱の鼠騎士」ヴィクソン	Vikson - Knight of Triumph	4	400	2	【相手のターン終了時】\n自分が「凱のフォース“ミノタウロス”」を選んでいる場合、このターンに自分のプレイヤーがダメージを受けていないなら、このミニオンにBP+200を付与する。	[At the End of Your Opponent's Turn]\nIf you have chosen the Force of Triumph\n- Minotaur and didn't receive damage\nduring this turn, this minion receives\n+200BP.	9Warriors				gamerch	1277	「凱の鼠騎士」ヴィクソン	https://www.aicarddass.com/zenonzard/images/cardlist/cards/colorless_04_02_ex01_00.png?v=20201113	field_minion	フィールド・ミニオン	colorless	無色	4	EX:01 魔術都市の9戦士	13	ラット	R					
colorless_04_02_ex01_01	colorless	「悪の鼠騎士」イーブ	Eve - Knight of Sin	3	400	1	【召喚時】\n自分が「悪のフォース“サイクロプス”」を選んでいる場合、自分の手札にある本来のコストが2以下のフィールド・ミニオンカード1枚を出すことができる。（【召喚時】効果は発揮しない。）	[When Summoned]\nIf you have chosen the Force of Sin -\nCyclops, you can put down one Field Minion\ncard with a cost of 2 or lower from your\nhand onto the field. ([When Summoned]\nabilities will not activate.)	9Warriors				gamerch	1227	「悪の鼠騎士」イーブ	https://www.aicarddass.com/zenonzard/images/cardlist/cards/colorless_04_02_ex01_01.png?v=20201113	field_minion	フィールド・ミニオン	colorless	無色	3	EX:01 魔術都市の9戦士	13	ラット	R					
colorless_04_02_ex01_02	colorless	「混の鼠騎士」ミクス	Mixx - Knight of Fusion	4	400	1	【召喚時】\n自分が「混のフォース“キマイラ”」を選んでいる場合、無色マナ1つをレスト状態で置く。	[When Summoned]\nIf you have chosen the Force of Fusion -\nChimera, place one Neutral Mana into your base in the Rest State.	9Warriors				gamerch	1278	「混の鼠騎士」ミクス	https://www.aicarddass.com/zenonzard/images/cardlist/cards/colorless_04_02_ex01_02.png?v=20201113	field_minion	フィールド・ミニオン	colorless	無色	4	EX:01 魔術都市の9戦士	13	ラット	R					
colorless_04_04_00_00	colorless	ドラゴン・トークン	Token Dragon	4			（効果なし）						seesaa	1305	ドラゴン・トークン	https://www.aicarddass.com/zenonzard/images/cardlist/cards/colorless_04_04_00_00.png?v=20201113	token_minion	ミニオン・トークン	colorless	無色	4	ベーシック	15	ドラゴン	Basic					
colorless_04_04_00_01	colorless	ドラゴン『風』・トークン	Token Wind Dragon	4			【常時】\nこのミニオンはフォースにアタックできない。	[Passive]\nThis minion cannot attack Forces.					seesaa	1306	ドラゴン『風』・トークン	https://www.aicarddass.com/zenonzard/images/cardlist/cards/colorless_04_04_00_01.png?v=20201113	token_minion	ミニオン・トークン	colorless	無色	4	ベーシック	15	ドラゴン	Basic					
colorless_05_01_04_00	colorless	ウェイブスライム	Slime Wave	5			【召喚時】\n「スライム・ブロック・トークン」X体を出す。X\nは自分の種族「エヴォカ」を持つマナの数と同\nじとする。	"[When Summoned]\nSummon X copies of ""Token Slime Block""\nwhere X is the number of mana you have\nbelonging to the Evoker class in your base."					ocr	1338	ウェイブスライム	https://www.aicarddass.com/zenonzard/images/cardlist/cards/colorless_05_01_04_00.png?v=20201113	field_minion	フィールド・ミニオン	colorless	無色	5	PC:04 FORBIDDEN	6	モンスター	C					
colorless_05_01_04_01	colorless	星文学者リリア	The Astronomer Lilia	5			【自分のターン】\nこのミニオンがダメージを与えるたび、自分のデッキを上\nから3枚見て、その中の種族「光導」を持つフイールド・\nミニオンカード1枚を出す。残りをランダムにデッキの下\nに戻す。\n【自分のターン】\n自分の無色マナでフィールド・ミニオンカードのコストを\n支払う場合、全ての色のマナとして支払うことができる。\nＥＰIＣ	[On Your Turn]\nWhenever this minion deals damage, look at the\ntop three cards of your deck and select one Field\nMinion belonging to the Zodiac Deity class to enter\nyour field. Put the rest back on the bottom of your\ndeck in random order.\n[On Your Turn]\nWhen using Neutral Mana to pay the cost for\nField Minion, you can use those mana as any color.					ocr	1339	星文学者リリア	https://www.aicarddass.com/zenonzard/images/cardlist/cards/colorless_05_01_04_01.png?v=20201113	field_minion	フィールド・ミニオン	colorless	無色	5	PC:04 FORBIDDEN	6	BS	E					
colorless_05_01_05_00	colorless	「戦場を巡る者」アルテガル	Artegal - Roamer of the Battlefield	5			【召喚時】＆【進撃時】\nこのミ二オンは[異能]を発揮する。\n(自分が選ん\nだフォースによって効果が発揮される。\n【常時】\n他の自分の種族「レギオン」を持つミニオン全てを\nBP+200する。この効果は重複しない。	[When Summoned] & [When Advancing]\nThis minion causes an {Anomaly}. (The\neffect activated depends on the Forces you\nchoose.)\n[Passive]\nAll your other minions belonging to the\nLegion class gain +200BP. This effect cannot\nstack.					ocr	1344	「戦場を巡る者」アルテガル	https://www.aicarddass.com/zenonzard/images/cardlist/cards/colorless_05_01_05_00.png?v=20201113	field_minion	フィールド・ミニオン	colorless	無色	5	PC:05 GLORY	2	デミゴッド|レギオン	L					
colorless_05_01_05_01	colorless	「全てを許される者」パトラ	Patra - The Overindulged	5			【召喚時】\n相手の手札を見る。その中のカド1枚と同じカ-\nド１枚を公開して手札に加える。	[When Summoned]\nLook at your opponent's hand. Select one\ncard and add a copy to your hand after\nrevealing it to your opponent.					ocr	1345	「全てを許される者」パトラ	https://www.aicarddass.com/zenonzard/images/cardlist/cards/colorless_05_01_05_01.png?v=20201113	field_minion	フィールド・ミニオン	colorless	無色	5	PC:05 GLORY	2	デミゴッド	L					
colorless_05_01_06_00	colorless	「美を尊ぶ者」マリー	Mari - Champion of Beauty	6			【召喚時】\n自分の破壊されたフォス1つを本来のライフで復\n活させる。\n【相手の夕\n自分のプレイヤーに与えられるダメージをX軽減す\nる。Xは自分のフォスの数と同じとする。\nＬEＧEND	[When Summoned]\nResurrect one of your destroyed Forces\nand restore it to its initial amount of points\n[On Your Opponent's Turn]\nDamage dealt to your Life is reduced by\nX, where X is the number of Forces you\ncontrol.					ocr	1372	「美を尊ぶ者」マリー	https://www.aicarddass.com/zenonzard/images/cardlist/cards/colorless_05_01_06_00.png?v=20201113	field_minion	フィールド・ミニオン	colorless	無色	6	PC:06 HELIX	1	デミゴッド	L					
colorless_05_01_EX04_00	colorless	仮面ライダーエターナル	Eos - Masked Knight	5			【召喚時】\nお互いの【変身時】を持つミ二オン全てを手札に戻\n《トラッシュ》\n【自分のターン終了時】\n自分の種族「仮面」を持つ有色のミ二オンがいる場\n合、このカードをフィールドに出す。この効果は重\n複しない。	[When Summoned]\nReturn all minions with the [When\nMorphed] effect to the hand.\n<Trash> [At the End of Your Turn]\nIf you have a Color Minion belonging to\nthe Mask class on your field, this card\nenters the field. This effect cannot stack					ocr	1340	仮面ライダーエターナル	https://www.aicarddass.com/zenonzard/images/cardlist/cards/colorless_05_01_EX04_00.png?v=20201113	field_minion	フィールド・ミニオン	colorless	無色	5	EX:04 KAMEN RIDER	4	仮面	L					
colorless_05_01_EX04_01	colorless	仮面ライダーバルカン パンチングコング	Vulc01 - Gorilla Mode	5			【自分のターン】\n自分のミニオンの数より相手のミ二オンの数が多い場\n合、自分の手札にあるこのカードのフリーコストは2\n減らされる。\n【自分のターン】\nこのミニオンがダメーを与えるたぴ、種族「仮面」\nと「ソルジャー」を持つ無色のミニオンに変身でき	[On Your Turn]\nIf your opponent has more minions on the\nfield than you, the basic cost of this card is\nreduced by 2.\n[On Your Turn]\nWhenever this minion deals damage, it can\nMorph into a Neutral Minion belonging to the\nMask and Soldier class.					ocr	1341	仮面ライダーバルカン パンチングコング	https://www.aicarddass.com/zenonzard/images/cardlist/cards/colorless_05_01_EX04_01.png?v=20201113	field_minion	フィールド・ミニオン	colorless	無色	5	EX:04 KAMEN RIDER	4	仮面|ソルジャー	C					
colorless_05_01_EX04c_00	colorless	仮面の騎士 イーオス		5			【召喚時】\nお互いの【変身時】を持つミ二オン全てを手札に戻\n《トラッシュ》\n【自分のターン終了時】\n自分の種族「仮面」を持つ有色のミ二オンがいる場\n合、このカードをフィールドに出す。この効果は重\n複しない。\nＬEＧEND						ocr	1342	仮面の騎士 イーオス	https://www.aicarddass.com/zenonzard/images/cardlist/cards/colorless_05_01_EX04c_00.png?v=20201113	field_minion	フィールド・ミニオン	colorless	無色	5	EX:04 HEROIC_MASQUERADE	3	仮面	L					
colorless_05_01_EX04c_01	colorless	Vulc01 ゴリラモード		5			【自分のターン】\n自分のミ二オンの数より相手のミニオンの数が多い場\n合、自分の手札にあるこのカードのフリーコストは2\n減らされる。\n【自分のターン】\nこのミニオンがダメージを与えるたび、種族「仮面」\nと「ソルジャー」を持つ無色のミニオンに変身でき						ocr	1343	Vulc01 ゴリラモード	https://www.aicarddass.com/zenonzard/images/cardlist/cards/colorless_05_01_EX04c_01.png?v=20201113	field_minion	フィールド・ミニオン	colorless	無色	5	EX:04 HEROIC_MASQUERADE	3	仮面|ソルジャー	C					
colorless_05_02_00_00	colorless	ラヴァイソン	Leviathan	5	700	2	効果なし		Basic				gamerch	1315	ラヴァイソン	https://www.aicarddass.com/zenonzard/images/cardlist/cards/colorless_05_02_00_00.png?v=20201113	field_minion	フィールド・ミニオン	colorless	無色	5	ベーシック	15	モンスター	Basic					
colorless_05_02_00_01	colorless	スプリング・バイソン	Spiral Python	5	500	1	［襲撃］	Charge	Basic				gamerch	1316	スプリング・バイソン	https://www.aicarddass.com/zenonzard/images/cardlist/cards/colorless_05_02_00_01.png?v=20201113	field_minion	フィールド・ミニオン	colorless	無色	5	ベーシック	15	ビースト	Basic					
colorless_05_02_00_02	colorless	ツインテール・シザース	Two-Tailed Scorpion	5	500	2	【召喚時】\n自分はカードを1枚引く。	[When Summoned]\nDraw one card.	Basic				gamerch	1317	ツインテール・シザース	https://www.aicarddass.com/zenonzard/images/cardlist/cards/colorless_05_02_00_02.png?v=20201113	field_minion	フィールド・ミニオン	colorless	無色	5	ベーシック	15	モンスター	Basic					
colorless_05_02_01_00	colorless	フライング・クロース	Floating Cloth	5	300	1	［潜入］	Infiltrate	AWAKEN				gamerch	1308	フライング・クロース	https://www.aicarddass.com/zenonzard/images/cardlist/cards/colorless_05_02_01_00.png?v=20201113	field_minion	フィールド・ミニオン	colorless	無色	5	PC:01 AWAKEN	14	モンスター	C					
colorless_05_02_01_01	colorless	ホーリードラゴン	Divine Dragon	5	400	2	【破壊時】\n自分のプレイヤーを2回復する。	[When Destroyed]\nRestore 2 Life points.	AWAKEN				gamerch	1307	ホーリードラゴン	https://www.aicarddass.com/zenonzard/images/cardlist/cards/colorless_05_02_01_01.png?v=20201113	field_minion	フィールド・ミニオン	colorless	無色	5	PC:01 AWAKEN	14	ドラゴン	C					
colorless_05_02_01_02	colorless	ブロッブウォール	Blob Wahl	5	500	0	【召喚時】\n「スライム・ブロック・トークン」（無色・モンスター・コスト1・BP300/DP0）1体を出す。	[When Summoned]\nOne Token Slime Block (Neutral /\nMonster / Cost 1 / 300BP / ODP) enters your\nfield.	AWAKEN				gamerch	1309	ブロッブウォール	https://www.aicarddass.com/zenonzard/images/cardlist/cards/colorless_05_02_01_02.png?v=20201113	field_minion	フィールド・ミニオン	colorless	無色	5	PC:01 AWAKEN	14	モンスター	R					
colorless_05_02_01_03	colorless	スペルゲイザー・ヴォルフ	Spellgazer Wolf	5	400	1	【常時】\n自分がマジックを使用するたび、自分はカードを1枚引く。	[Passive]\nWhenever you use a Magic card, draw\none card.	AWAKEN				gamerch	1310	スペルゲイザー・ヴォルフ	https://www.aicarddass.com/zenonzard/images/cardlist/cards/colorless_05_02_01_03.png?v=20201113	field_minion	フィールド・ミニオン	colorless	無色	5	PC:01 AWAKEN	14	ビースト	R					
colorless_05_02_01_04	colorless	幸運のドリンキング・バニー	Lucky Lush Bunny	5	500	2	【召喚時】\n自分のプレイヤーと自分のフォース全てを1回復する。	[When Summoned]\nRestore 1 point to your Life and all your\nForces.	AWAKEN				gamerch	1311	幸運のドリンキング・バニー	https://www.aicarddass.com/zenonzard/images/cardlist/cards/colorless_05_02_01_04.png?v=20201113	field_minion	フィールド・ミニオン	colorless	無色	5	PC:01 AWAKEN	14	ヒューマノイド	E					
colorless_05_02_01_05	colorless	「双星に謳う者」ティルト＆ウェルト	Tillt  & Wellt - The Astral Choir	5	400	2	【自分のターン】\n自分のミニオンの【召喚時】効果は2回発揮する。この効果は重複しない。		AWAKEN				gamerch	1312	「双星に謳う者」ティルト＆ウェルト	https://www.aicarddass.com/zenonzard/images/cardlist/cards/colorless_05_02_01_05.png?v=20201113	field_minion	フィールド・ミニオン	colorless	無色	5	PC:01 AWAKEN	14	デミゴッド	L					
colorless_05_02_01_06	colorless	ワイズ・ドラマー	Wise Dramar	5	600	2	【召喚時】\n自分の手札にあるベース・ミニオンカード1枚を破棄できる。そうした場合、自分はカードを2枚引く。	[When Summoned]\nYou can discard one Base Minion card\nfrom your hand. If you do, draw two cards.	AWAKEN				gamerch	1314	ワイズ・ドラマー	https://www.aicarddass.com/zenonzard/images/cardlist/cards/colorless_05_02_01_06.png?v=20201113	field_minion	フィールド・ミニオン	colorless	無色	5	PC:01 AWAKEN	14	トライブ	R					
colorless_05_02_01_07	colorless	魔竜騎士ダストライド	Demon Knight Dustrider	5	500	2	【召喚時】&【自分のターン開始時】\n自分の移動権を1増やす。	[When Summoned] & [At the Start of\nYour Turn]\nIncrease your Movement by 1.	AWAKEN				gamerch	1313	魔竜騎士ダストライド	https://www.aicarddass.com/zenonzard/images/cardlist/cards/colorless_05_02_01_07.png?v=20201113	field_minion	フィールド・ミニオン	colorless	無色	5	PC:01 AWAKEN	14	ヒューマノイド	L					
colorless_05_02_01r_00	colorless	サファイア・ドラゴン	Sapphire Dragon	5	500	1	【自分のターン】\nこのミニオンは有色のミニオンにはブロックされない。	[On Your Turn]\nThis minion cannot be blocked by a Color\nMinion.	BEYOND				gamerch	1321	サファイア・ドラゴン	https://www.aicarddass.com/zenonzard/images/cardlist/cards/colorless_05_02_01r_00.png?v=20201113	field_minion	フィールド・ミニオン	colorless	無色	5	PC:01R BEYOND	12	ドラゴン	C					
colorless_05_02_01r_01	colorless	キャンセラーピューマ	Negation Puma	5	600	2	【常時】\n相手がマジックを使用するたび、このミニオンにBP+100/DP+1を付与する。	[Passive]\nWhenever your opponent uses a Magic\ncard, this minion receives +100BP/+1DP.	BEYOND				gamerch	1322	キャンセラーピューマ	https://www.aicarddass.com/zenonzard/images/cardlist/cards/colorless_05_02_01r_01.png?v=20201113	field_minion	フィールド・ミニオン	colorless	無色	5	PC:01R BEYOND	12	ビースト	E					
colorless_05_02_02_00	colorless	ゴブリン・アサシン	Assassin Goblin	5	400	2	奪命	Revenge					seesaa	1323	ゴブリン・アサシン	https://www.aicarddass.com/zenonzard/images/cardlist/cards/colorless_05_02_02_00.png?v=20201113	field_minion	フィールド・ミニオン	colorless	無色	5	PC:02 CONTRACT	11	ゴブリン	C					
colorless_05_02_02_01	colorless	モノアイドラゴン	Cyclops Dragon	5	500	1	【召喚時】\n相手の【破壊時】を持つミニオン1体を除外する。	[When Summoned]\nBanish one of your opponent's minions\nthat has a [When Destroyed] effect.					seesaa	1324	モノアイドラゴン	https://www.aicarddass.com/zenonzard/images/cardlist/cards/colorless_05_02_02_01.png?v=20201113	field_minion	フィールド・ミニオン	colorless	無色	5	PC:02 CONTRACT	11	ドラゴン	R					
colorless_05_02_02_03	colorless	「英雄」エラー・ド・ネジェル	Miss Tay Ken - The Great	5	600	1	【召喚時】\n相手のコスト8以上のミニオン全てを破壊する。	[When Summoned]\nDestroy all your opponent's minions with\na cost of 8 or higher.					seesaa	1325	「英雄」エラー・ド・ネジェル	https://www.aicarddass.com/zenonzard/images/cardlist/cards/colorless_05_02_02_03.png?v=20201113	field_minion	フィールド・ミニオン	colorless	無色	5	PC:02 CONTRACT	11	ヒューマノイド	L					
colorless_05_02_02c_00	colorless	「二刀流」キリト		5			【召喚時】\nこのミ二オンに[襲撃を付与し、他に自分のミ二オンが\nいない場合、このミ二オンに[再起]を付与する。\n【常時】\n【二刀流』\nこの二オには条件を無視して[加を付与るこ\nとができる。さらに、2つまで[加護を付与させること\nができる。\nLEＧEND						ocr	1328	「二刀流」キリト	https://www.aicarddass.com/zenonzard/images/cardlist/cards/colorless_05_02_02c_00.png?v=20201113	field_minion	フィールド・ミニオン	colorless	無色	5	EXCODE:02C SAO	9	黒の剣士|ソード	L					
colorless_05_02_02c_01	colorless	「パワードスーツ」エイジ		5			【自分の夕\n相手のミニオンが破壊されるたび、自分はカードを\n1枚引く。						ocr	1329	「パワードスーツ」エイジ	https://www.aicarddass.com/zenonzard/images/cardlist/cards/colorless_05_02_02c_01.png?v=20201113	field_minion	フィールド・ミニオン	colorless	無色	5	EXCODE:02C SAO	9	ソード	R					
colorless_05_02_02c_02	colorless	「オーディナル・スケール」キリト		5			【加護時】\n自分はカドを1枚引く						ocr	1330	「オーディナル・スケール」キリト	https://www.aicarddass.com/zenonzard/images/cardlist/cards/colorless_05_02_02c_02.png?v=20201113	field_minion	フィールド・ミニオン	colorless	無色	5	EXCODE:02C SAO	9	黒の剣士|ソード	R					
colorless_05_02_02c_03	colorless	「創世神」ステイシア		5			【召喚時】&\nスイッチ：「黒の剣士」\nこのタン中、このミ二オンに「自分の種族「黒の\n剣士」を持つミ二オン全ては、相手の効果で選択で\nきない。」を与える。\n【自分のターン】\n他の自分の種族「ソード」を持つミニオン全てを\nBP+100/DP+1する。						ocr	1332	「創世神」ステイシア	https://www.aicarddass.com/zenonzard/images/cardlist/cards/colorless_05_02_02c_03.png?v=20201113	field_minion	フィールド・ミニオン	colorless	無色	5	EXCODE:02C SAO	9	閃光|ソード	L					
colorless_05_02_02r_00	colorless	ロイヤルドッグ	Loyal Canine Kaiser	5			【常時】\n他の自分の種族「ビースト」を持つミニオン全てを\nBP+200する。	[Passive]\nAll your other minions belonging to the\nBeast class receive +200BP.					ocr	1326	ロイヤルドッグ	https://www.aicarddass.com/zenonzard/images/cardlist/cards/colorless_05_02_02r_00.png?v=20201113	field_minion	フィールド・ミニオン	colorless	無色	5	PC:02R DIVINE	10	ビースト	E					
colorless_05_02_02r_01	colorless	ルビードラゴン	Ruby Dragon	5			【召喚時】\n相手の[加護]が付与されているミ二オン1体を破壊\nする。	[When Summoned]\nDestroy one of your opponent's minions\nthat has received a Boost.					ocr	1327	ルビードラゴン	https://www.aicarddass.com/zenonzard/images/cardlist/cards/colorless_05_02_02r_01.png?v=20201113	field_minion	フィールド・ミニオン	colorless	無色	5	PC:02R DIVINE	10	ドラゴン	E					
colorless_05_02_EX02_00	colorless	「双竜刃」ソロ	Solo - Dual Dragon Blade	5			【召喚時】\nこのミニオンに[襲撃を付与し、\n他に自分のミ二才\nンがいない場合、このミ二オンに[再起]を付与す\n【常時】\nこのミニオンには条件を無視して[加護]を付与させ\nることができる。さらに、2つまで[加護]を付与さ\nせることができる	[When Summoned]\nThis minion receives the {Charge} effect\nand if you have no other minions on the field, it\nalso receives the {Resurge} effect.\n[Passive]\nThis minion can receive the {Boost} effect\nwhile ignoring any required conditions. It can\nalso receive the {Boost} effect up to two times					ocr	1333	「双竜刃」ソロ	https://www.aicarddass.com/zenonzard/images/cardlist/cards/colorless_05_02_EX02_00.png?v=20201113	field_minion	フィールド・ミニオン	colorless	無色	5	EX:02 幻影の剣士	7	黒の剣士|ソード	L					
colorless_05_02_EX02_01	colorless	アーマード・ファング	Armored Fangs	5			【自分の夕\n相手のミニオンが破壊されるたび、自分はカードを\n1枚引く。	[On Your Turn]\nWhenever one of your opponent's\nminions is destroyed, draw one card.					ocr	1334	アーマード・ファング	https://www.aicarddass.com/zenonzard/images/cardlist/cards/colorless_05_02_EX02_01.png?v=20201113	field_minion	フィールド・ミニオン	colorless	無色	5	EX:02 幻影の剣士	7	ソード	R					
colorless_05_02_EX02_02	colorless	「士官」ソロ	Solo - The Officer	5			【加護時】\n自分はカードを１枚引く。	[When Boosted]\nDraw one card.					ocr	1335	「士官」ソロ	https://www.aicarddass.com/zenonzard/images/cardlist/cards/colorless_05_02_EX02_02.png?v=20201113	field_minion	フィールド・ミニオン	colorless	無色	5	EX:02 幻影の剣士	7	黒の剣士|ソード	R					
colorless_05_02_EX02_03	colorless	「純潔の聖女」アメリア	Amelia - The Pure	5			【召喚時】&\nスイッチ：「黒の剣土」\nこのタ一ン中、このミ二オンに「自分の種族「黒の\n剣士」を持つミ二オン全ては、相手の効果で選択で\nきない。」を与える。\n【自分のターン】\n他の自分の種族「ソード」を持つミニオン全てを\nBP+100/DP+1する。	[When Summoned] & Switch: Sable Knight\nThis minion receives the following effect for the\nduration of this turn\nNone of your minions belonging to the Sable\nKnight class can be selected as targets for your\nopponent's card effects.\n[On Your Turn]\nAll your other minions belonging to the Sword\nclass receive + 100BP/+1DP.					ocr	1336	「純潔の聖女」アメリア	https://www.aicarddass.com/zenonzard/images/cardlist/cards/colorless_05_02_EX02_03.png?v=20201113	field_minion	フィールド・ミニオン	colorless	無色	5	EX:02 幻影の剣士	7	閃光|ソード	L					
colorless_05_02_EX02_04	colorless	「閃光の剣士」アメリア	Amelia - The Swift	5			【召喚時】\nスイッチ：「黒の剣士」\n自分はカドを1枚引く。\nＬEGEND	[When Summoned] & Switch: Sable Knight\nDraw one card.					ocr	1337	「閃光の剣士」アメリア	https://www.aicarddass.com/zenonzard/images/cardlist/cards/colorless_05_02_EX02_04.png?v=20201113	field_minion	フィールド・ミニオン	colorless	無色	5	EX:02 幻影の剣士	7	ソード	L					
colorless_05_02_cp_00	colorless	「SAO」アスナ		5			【召喚時】\nスイッチ：「黒の剣士」\n自分はカードを1枚引く。						ocr	1331	「SAO」アスナ	https://www.aicarddass.com/zenonzard/images/cardlist/cards/colorless_05_02_cp_00.png?v=20201113	field_minion	フィールド・ミニオン	colorless	無色	5	CAMPAIGN	16		L					
colorless_05_02_ex01_00	colorless	「聖の鼠騎士」ホリィ	Holy - Knight of Sanctity	5	500	1	【自分のターン終了時】\n自分が「聖のフォース“スフィンクス”」を選んでいる場合、自分はカードを1枚引く。	[At the End of Your Turn]\nIf you have chosen the Force of Sanctity -\nSphynx, draw one card.	9Warriors				gamerch	1318	「聖の鼠騎士」ホリィ	https://www.aicarddass.com/zenonzard/images/cardlist/cards/colorless_05_02_ex01_00.png?v=20201113	field_minion	フィールド・ミニオン	colorless	無色	5	EX:01 魔術都市の9戦士	13	ラット	R					
colorless_05_02_ex01_01	colorless	「甦の鼠騎士」リザ	Leeza - Knight of Rebirth	5	500	2	【相手のターン】\n自分が「甦のフォース“フェニックス”」を選んでいる場合、自分がカードを使用するたび、このミニオンをアクティブにする。	[On Your Opponent's Turn]\nIf you have chosen the Force of Rebirth -\nPhoenix, this minion enters the Active\nState whenever you play a card.	9Warriors				gamerch	1319	「甦の鼠騎士」リザ	https://www.aicarddass.com/zenonzard/images/cardlist/cards/colorless_05_02_ex01_01.png?v=20201113	field_minion	フィールド・ミニオン	colorless	無色	5	EX:01 魔術都市の9戦士	13	ラット	R					
colorless_05_02_ex01_02	colorless	「双の鼠騎士」ツイン	Twyn - Knight of Harmony	5	600	1	【自分のターン】\n自分が「双のフォース“オルトロス”」を選んでいる場合、自分の手札にあるこのカードのフリーコストは2減らされる。	[On Your Turn]\nIf you have chosen the Force of Harmony\n- Orthrus, the basic cost of this card while\nin your hand is reduced by 2.	9Warriors				gamerch	1320	「双の鼠騎士」ツイン	https://www.aicarddass.com/zenonzard/images/cardlist/cards/colorless_05_02_ex01_02.png?v=20201113	field_minion	フィールド・ミニオン	colorless	無色	5	EX:01 魔術都市の9戦士	13	ラット	R					
colorless_05_04_00_00	colorless	ドラゴン『雷』・トークン	Token Thunder Dragon	5			【常時】\nこのミニオンはフォースにアタックできない。	[Passive]\nThis minion cannot attack Forces.					seesaa	1347	ドラゴン『雷』・トークン	https://www.aicarddass.com/zenonzard/images/cardlist/cards/colorless_05_04_00_00.png?v=20201113	token_minion	ミニオン・トークン	colorless	無色	5	ベーシック	15	ドラゴン	Basic					
colorless_06_01_03_00	colorless	隻眼のライオン	One-Eyed Lion	6			【自分の夕\n相手の無色のミ二オンがいる場合、自分の手札にあ\nるこのカードのフリーコストは2減らされる。\n【相手の夕\nこのミ二オンは相手の効果で選択できない	[On Your Turn]\nIf there is a Neutral Minion on your\nopponent's field, the basic cost of this card\nwhile in your hand is reduced by 2.\n[On Your Opponents Turn]\nThis minion cannot be selected as\ntarget for your opponent's card effects					ocr	1365	隻眼のライオン	https://www.aicarddass.com/zenonzard/images/cardlist/cards/colorless_06_01_03_00.png?v=20201113	field_minion	フィールド・ミニオン	colorless	無色	6	PC:03 EVOLVE	8	モンスター	R					
colorless_06_01_03_01	colorless	マンティコア	Manticore	6			【召喚時】\n相手の種族「ドラゴン」\nを持つミニオン1体を破壊\nする。	Swoop\n[When Summoned]\nDestroy one of your opponent's minions\nbelonging to the Dragon class.					ocr	1366	マンティコア	https://www.aicarddass.com/zenonzard/images/cardlist/cards/colorless_06_01_03_01.png?v=20201113	field_minion	フィールド・ミニオン	colorless	無色	6	PC:03 EVOLVE	8	キマイラ	R					
colorless_06_01_03_02	colorless	ハーピー	Harpy	6			【召喚時】\nミニオンカードでない無色マナがある場合、色を1\nつ選択する。自分のミ二オンカードでない無色マナ\n全てを、選択した色に変更する。	[When Summoned]\nIf there are Neutral Mana in your base\nthat are not minions, select a color. All of\nyour Neutral Mana that are not minions are\nchanged to that color.					ocr	1367	ハーピー	https://www.aicarddass.com/zenonzard/images/cardlist/cards/colorless_06_01_03_02.png?v=20201113	field_minion	フィールド・ミニオン	colorless	無色	6	PC:03 EVOLVE	8	ウイング	E					
colorless_06_01_04_00	colorless	北斗七星龍ジーク・アポロドラゴン	The BigDipperDragon Sieg-Apollodragon	6			【召喚時】\n自分はデッキの中から種族「ブレイヴ」を持つベ-\nス・ミニオンカード1枚を、ベースに置くことがで\nきる。その後、自分のデッキをシャッフルする。\n【加護時】\n自分はカードを1枚引く。	[When Summoned]\nYou can search your deck for one Base\nMinion belonging to the Brave class and\nplace it into your base. Then, shuffle your\ndeck.\n[When Boosted]\nDraw one card.					ocr	1370	北斗七星龍ジーク・アポロドラゴン	https://www.aicarddass.com/zenonzard/images/cardlist/cards/colorless_06_01_04_00.png?v=20201113	field_minion	フィールド・ミニオン	colorless	無色	6	PC:04 FORBIDDEN	6	BS|ドラゴン	R					
colorless_06_01_06_00	colorless	「ファンタズムニンジャ」オボロ	Oboroh - Hidden Phantasm	7			【召喚時】\n相手のミ二オン全てにBP-Xを付与する。Xは自分\nの有色マナの色の種類数×100とする。\nＥＰＩＣ	Charge\n[When Summoned]\nDeal -XBP to all your opponent's minions\nwhere X is the number of unique mana\ncolors you have in your base x100.					ocr	1400	「ファンタズムニンジャ」オボロ	https://www.aicarddass.com/zenonzard/images/cardlist/cards/colorless_06_01_06_00.png?v=20201113	field_minion	フィールド・ミニオン	colorless	無色	7	PC:06 HELIX	1	ジャイアント	E					
colorless_06_01_06_02	colorless	スパイ・ゴブリン	Spy Goblin	2			【召喚時】\n次の相手のタン終了時まで、自分のプレイヤに\n「相手の三二オンの【召喚時】効果は発揮しな\nい。」を与える。	[When Summoned]\nYou receive the following effect until the\nend of your opponent's turn\nYour opponent's [When Summoned]\neffects do not activate.					ocr	1212	スパイ・ゴブリン	https://www.aicarddass.com/zenonzard/images/cardlist/cards/colorless_06_01_06_02.png?v=20201113	field_minion	フィールド・ミニオン	colorless	無色	2	PC:06 HELIX	1	ゴブリン|レギオン	E					
colorless_06_02_00_00	colorless	リボルバーコンドル	Revolver Condor	6	500	2	【召喚時】\n相手のプレイヤーに1ダメージを与える。	[When Summoned]\nDeal 1 damage to your opponent's Life.	Basic				gamerch	1354	リボルバーコンドル	https://www.aicarddass.com/zenonzard/images/cardlist/cards/colorless_06_02_00_00.png?v=20201113	field_minion	フィールド・ミニオン	colorless	無色	6	ベーシック	15	ウイング	Basic					
colorless_06_02_00_01	colorless	スパイクオクトパス	Spiked Octopus	6	900	2	効果なし		Basic				gamerch	1353	スパイクオクトパス	https://www.aicarddass.com/zenonzard/images/cardlist/cards/colorless_06_02_00_01.png?v=20201113	field_minion	フィールド・ミニオン	colorless	無色	6	ベーシック	15	モンスター	Basic					
colorless_06_02_00_02	colorless	ボンバルーン・ラット	Bon Balloon Mouse	6	700	2	［再起］	Resurge	Basic				gamerch	1355	ボンバルーン・ラット	https://www.aicarddass.com/zenonzard/images/cardlist/cards/colorless_06_02_00_02.png?v=20201113	field_minion	フィールド・ミニオン	colorless	無色	6	ベーシック	15	ラット	Basic					
colorless_06_02_01_00	colorless	エメラルド・ドラゴン	Emerald Dragon	6	700	2	［貫通］	Pierce	AWAKEN				gamerch	1349	エメラルド・ドラゴン	https://www.aicarddass.com/zenonzard/images/cardlist/cards/colorless_06_02_01_00.png?v=20201113	field_minion	フィールド・ミニオン	colorless	無色	6	PC:01 AWAKEN	14	ドラゴン	C					
colorless_06_02_01_01	colorless	ブレイブ・ドラマー	Brave Dramar	6	800	1	【アタック時】\nこのバトル中、他の自分のミニオン1体毎に、このミニオンをDP+1する。	[When Attacking]\nThis minion receives +1DP for every\nother minion on your field for the duration of\nthis battle.	AWAKEN				gamerch	1348	ブレイブ・ドラマー	https://www.aicarddass.com/zenonzard/images/cardlist/cards/colorless_06_02_01_01.png?v=20201113	field_minion	フィールド・ミニオン	colorless	無色	6	PC:01 AWAKEN	14	トライブ	C					
colorless_06_02_01_02	colorless	「魔犬」ケルベロス・クリムゾン	Crimson Cerberus - The Hellhound	6	800	2	【自分のターン】\nこのミニオンが相手のプレイヤーにダメージを与えるたび、相手のフォース全てに2ダメージを与える。	[On Your Turn]\nWhenever this minion deals damage to\nyour opponent's Life, it also deals 2 damage\nto each of your opponent's Forces.	AWAKEN				gamerch	1350	「魔犬」ケルベロス・クリムゾン	https://www.aicarddass.com/zenonzard/images/cardlist/cards/colorless_06_02_01_02.png?v=20201113	field_minion	フィールド・ミニオン	colorless	無色	6	PC:01 AWAKEN	14	モンスター	E					
colorless_06_02_01_03	colorless	「針を進める者」クロノリオンヌ	Chronorion - Mover of Time	6	400	2	【常時】\n自分の手札にある有色のカードのフリーコストを、お互いの破壊されたフォース1つ毎に1減らす。	[Passive]\nReduce the basic cost of the Color cards\nin your hand by 1 for each of your Forces\n[Passive]\nIncrease the basic cost of the Neutral\nField Minion cards in your opponent's hand\nby 1.	AWAKEN				gamerch	1351	「針を進める者」クロノリオンヌ	https://www.aicarddass.com/zenonzard/images/cardlist/cards/colorless_06_02_01_03.png?v=20201113	field_minion	フィールド・ミニオン	colorless	無色	6	PC:01 AWAKEN	14	デミゴッド	L					
colorless_06_02_01_04	colorless	「勇気奮わす者」ウォレス	Wallace - The Courageous	6	600	2	【常時】\n他の自分のミニオン全てをBP+100/DP+1する。	[Passive]\nAll your other minions gain + 100BP/\n+1DP.	AWAKEN				gamerch	1352	「勇気奮わす者」ウォレス	https://www.aicarddass.com/zenonzard/images/cardlist/cards/colorless_06_02_01_04.png?v=20201113	field_minion	フィールド・ミニオン	colorless	無色	6	PC:01 AWAKEN	14	デミゴッド	L					
colorless_06_02_01r_00	colorless	ガイオ・センチピード	Gaio Centipede	6	700	2	【自分のターン】\n自分の種族「デミゴッド」を持つミニオンがいる場合、自分の手札にあるこのカードのフリーコストは3減らされる。	[On Your Turn]\nIf you have a minion belonging to the\nDemigod class on the field, the basic cost of\nthis card while in your hand is reduced by\n3.	BEYOND				gamerch	1356	ガイオ・センチピード	https://www.aicarddass.com/zenonzard/images/cardlist/cards/colorless_06_02_01r_00.png?v=20201113	field_minion	フィールド・ミニオン	colorless	無色	6	PC:01R BEYOND	12	モンスター	R					
colorless_06_02_01r_01	colorless	「扉を開く者」アルカス	Arcas - Opener of Doors	6	600	2	【後退時】\n自分の手札にある本来のコストが6以下のフィールド・ミニオンカード1枚を出す。	<Base> [When Retreating]\nPut one Field Minion card with an\noriginal cost of 6 or lower from your hand onto\nthe field. ([When Summoned] abilities and\nChain effects will not activate.)	BEYOND				gamerch	1357	「扉を開く者」アルカス	https://www.aicarddass.com/zenonzard/images/cardlist/cards/colorless_06_02_01r_01.png?v=20201113	field_minion	フィールド・ミニオン	colorless	無色	6	PC:01R BEYOND	12	デミゴッド	L					
colorless_06_02_02_00	colorless	ギリーボア	Gilliboar	6	500	2	襲撃\n【召喚時】\n自分のプレイヤーか自分のフォース1つを1回復する。	Charge\n[When Summoned]\nRestore 1 Life point or 1 Force point.					seesaa	1358	ギリーボア	https://www.aicarddass.com/zenonzard/images/cardlist/cards/colorless_06_02_02_00.png?v=20201113	field_minion	フィールド・ミニオン	colorless	無色	6	PC:02 CONTRACT	11	ビースト	R					
colorless_06_02_02_01	colorless	暴風竜ストームギラ	Tempest Wyvern	6	500	1	飛来\n【召喚時】\n相手のBP400以下のミニオン1体をレストする。	Swoop\n[When Summoned]\nPut one of your opponent's minions with\n400BP or lower in the Rest State.					seesaa	1359	暴風竜ストームギラ	https://www.aicarddass.com/zenonzard/images/cardlist/cards/colorless_06_02_02_01.png?v=20201113	field_minion	フィールド・ミニオン	colorless	無色	6	PC:02 CONTRACT	11	ドラゴン	R					
colorless_06_02_02_02	colorless	ブラック・フレイム	Black Flame	6	400	2	潜入\n【常時】\n他に自分のミニオンがいない場合、このミニオンは相手の効果で選択できない。	Infiltrate\n[Passive]\nIf you have no other minions on the field\nthis minion cannot be selected as a target\nfor your opponent's effects.					seesaa	1360	ブラック・フレイム	https://www.aicarddass.com/zenonzard/images/cardlist/cards/colorless_06_02_02_02.png?v=20201113	field_minion	フィールド・ミニオン	colorless	無色	6	PC:02 CONTRACT	11	ビースト	E					
colorless_06_02_02c_00	colorless	「地神」テラリア		6			【召喚時】\nスイッチ：「黒の剣士」\n自分のプレイヤーを1回復する。\n【破壊時】\nミニオンとのバトルで破壊された場合、自分のプレ\nイヤーに1ダメージを与えることができる。そうし\nた場合、このカードをフィールドに出す。（【召喚\n時】効果は発揮しない。）						ocr	1364	「地神」テラリア	https://www.aicarddass.com/zenonzard/images/cardlist/cards/colorless_06_02_02c_00.png?v=20201113	field_minion	フィールド・ミニオン	colorless	無色	6	EXCODE:02C SAO	9	ソード	L					
colorless_06_02_02r_00	colorless	ホワイトバット	White Bat	6			【召喚時】\n自分の[加護]が付与されているミ二オンがいる場\n合、相手のプレイヤに1ダメージを与え、自分のプ\nレイヤーを1回復する。	[When Summoned]\nIf you have a minion that has received\nthe Boost effect, deal 1 damage to your\nopponent's Life and restore 1 point to your\nLife.					ocr	1361	ホワイトバット	https://www.aicarddass.com/zenonzard/images/cardlist/cards/colorless_06_02_02r_00.png?v=20201113	field_minion	フィールド・ミニオン	colorless	無色	6	PC:02R DIVINE	10	ウイング	R					
colorless_06_02_02r_01	colorless	グレーターイーグル	Prime Eagle	6			【相手の夕\n自分のプレイヤーが相手のミニオンにアタックされ\nるたぴ、このミニオンをアクティブにする。	[On Your Opponent's Turn]\nWhenever your Life is attacked by one of\nyour opponent's minions, this minion\nenters the Active State.					ocr	1362	グレーターイーグル	https://www.aicarddass.com/zenonzard/images/cardlist/cards/colorless_06_02_02r_01.png?v=20201113	field_minion	フィールド・ミニオン	colorless	無色	6	PC:02R DIVINE	10	ウイング	R					
colorless_06_02_EX02_00	colorless	「妖精姫」リリ	Lily - The Fairy Princess	6			【召喚時】&\nスイッチ：「黒の剣士」\n自分のプレイヤーを1回復する。\n【破壊時】\nミニオンとのバトルで破壊された場合、自分のプレ\nイヤーに1ダメージを与えることができる。そうし\nた場合、このカードをフィールドに出す。\n（【召喚\n時】効果は発揮しない。）	[When Summoned] & Switch: Sable Knight\nRestore 1 Life point.\n[When Destroyed]\nIf this minion is destroyed in battle, you\ncan deal 1 damage to your Life. If you do\nthis card enters your field. ([When\nSummoned] abilities will not activate.)					ocr	1368	「妖精姫」リリ	https://www.aicarddass.com/zenonzard/images/cardlist/cards/colorless_06_02_EX02_00.png?v=20201113	field_minion	フィールド・ミニオン	colorless	無色	6	EX:02 幻影の剣士	7	ソード	L					
colorless_06_02_EX02_01	colorless	「幻影の剣士」ソロ	Solo - Revenant of the Sword	6			【召喚時】\nスイッチ：\n「閃光]\n自分はデッキの中から種族「アイテム」を持つベ-\nス・ミニオンカード1枚を公開して手札に加える。\nその後、自分のデッキをシャッフルする。\n【アタック時】\nプレイヤーにアタックした場合、相手のBP300以\n下のミ二オン1体を破壊する。	[When Summoned] & Switch: Swift\nYou can search your deck for a Base Minion card\nbelonging to the Item class, reveal it to your\nopponent and add it to your hand. Then, shuffle your\ndeck.\n[When Attacking]\nIf this minion attacks your opponent's Life\ndestroy one of your opponent's minions with 300 BP or\nlower.					ocr	1369	「幻影の剣士」ソロ	https://www.aicarddass.com/zenonzard/images/cardlist/cards/colorless_06_02_EX02_01.png?v=20201113	field_minion	フィールド・ミニオン	colorless	無色	6	EX:02 幻影の剣士	7	ソード	L					
colorless_06_02_cp_00	colorless	「SAO」キリト		6			【召喚時】&\nスイッチ：「閃光」\n自分はデッキの中から種族「アイテム」を持つベ-\nス・ミニオンカード1枚を公開して手札に加える。\nその後、自分のデッキをシャッフルする。\n【アタック時】\nプレイヤーにアタックした場合、相手のBP300以\n下のミニオン1体を破壊する。\nＬEGEND						ocr	1363	「SAO」キリト	https://www.aicarddass.com/zenonzard/images/cardlist/cards/colorless_06_02_cp_00.png?v=20201113	field_minion	フィールド・ミニオン	colorless	無色	6	CAMPAIGN	16		L					
colorless_07_01_03_00	colorless	フレイム・ドラゴン	Eruption Dragon	7			【召喚時】\n相手のミ二オン全てにBP-200を付与する。	[When Summoned]\nDeal -200BP to all your opponent's\nminions.					ocr	1390	フレイム・ドラゴン	https://www.aicarddass.com/zenonzard/images/cardlist/cards/colorless_07_01_03_00.png?v=20201113	field_minion	フィールド・ミニオン	colorless	無色	7	PC:03 EVOLVE	8	ドラゴン	R					
colorless_07_01_03_01	colorless	ゴブリンの騎馬隊	Mounted Goblin	7			【召喚時】\n手札に戻す。この効果で戻したミ二オン1体毎に、\nこの三二オンにBP+100/DP+1を付与する。\nE P I Ｃ	Charge\nPierce\n[When Summoned]\nReturn all your minions belonging to the\nGoblin class to your hand. For each\nminion returned to your hand by this effect\nthis minion receives +100BP/+1DP.					ocr	1391	ゴブリンの騎馬隊	https://www.aicarddass.com/zenonzard/images/cardlist/cards/colorless_07_01_03_01.png?v=20201113	field_minion	フィールド・ミニオン	colorless	無色	7	PC:03 EVOLVE	8	ゴブリン	E					
colorless_07_01_03_02	colorless	「ラスの召喚獣・地」リュウジン	Ryu Jin Terra - Of Lahrs	7			【召喚時】\n相手のフォース1つを破壊する。破壊するフオース\nがない場合、このミ二オンにBP+100/DP+1を付\n与する。	[When Summoned]\nDestroy one of your opponent's Forces. If\nthere are no Forces to destroy, this\nminion receives +100BP/+1DP.					ocr	1392	「ラスの召喚獣・地」リュウジン	https://www.aicarddass.com/zenonzard/images/cardlist/cards/colorless_07_01_03_02.png?v=20201113	field_minion	フィールド・ミニオン	colorless	無色	7	PC:03 EVOLVE	8	アルカナ|ドラゴニュート	L					
colorless_07_01_05_00	colorless	「守護竜」パールドラゴン	Pearl - The Protector	7			【召喚時】\n自分のフィールド、ベース、トラッシュのいずれか\nに「「戦場を巡る者」アルテガル」がいる場合、相\n手のミニオン１体を破壊する。\n【常時】\nこのミニオンは、相手のマジックの効果で選択でき\nない。\nＥP IＣ	[When Summoned]\nIf there is an Artegal - Roamer of the\nBattlefield on your field, in your base, or in your\ntrash, destroy one of your opponent's\nminions.\n[Passive]\nThis minion cannot be selected as a target\nfor your opponent's Magic card effects.					ocr	1398	「守護竜」パールドラゴン	https://www.aicarddass.com/zenonzard/images/cardlist/cards/colorless_07_01_05_00.png?v=20201113	field_minion	フィールド・ミニオン	colorless	無色	7	PC:05 GLORY	2	ドラゴン|レギオン	E					
colorless_07_01_05_01	colorless	砂竜ザカルダー	Zakaldar of the Desert	7			【召喚時】\n相手のマナ1つを無色マナに変更する。	[When Summoned]\nChange one of your opponent's mana to\nNeutral Mana.					ocr	1399	砂竜ザカルダー	https://www.aicarddass.com/zenonzard/images/cardlist/cards/colorless_07_01_05_01.png?v=20201113	field_minion	フィールド・ミニオン	colorless	無色	7	PC:05 GLORY	2	ドラゴン	L					
colorless_07_01_06_00	colorless	シュネーシュトゥルム・シメーレ	Schneesturm Schimare	6			【自分の夕\nこのミニオンは色を1つしか持たないミニオンと無\n色のミニオンにはブロックされない。	Resurge\n[On Your Turn]\nThis minion cannot be blocked by\nMono-Color Minions or Neutral Minions.					ocr	1371	シュネーシュトゥルム・シメーレ	https://www.aicarddass.com/zenonzard/images/cardlist/cards/colorless_07_01_06_00.png?v=20201113	field_minion	フィールド・ミニオン	colorless	無色	6	PC:06 HELIX	1	キマイラ|ハンター	R					
colorless_07_01_EX04c_00	colorless	Vulc01 ランペイジモード	Vulc01 - Rampaging Mode	7			【アタック時】\n自分のフィールド・ミニオンカードであるマナ1つを、\nフィールドにアクティブ状態で移動させることができる。\n【変身時】\n自分の移動権を1消費する。消費した場合、自分のデッキ\nから種族「仮面」を持つフィールド・ミニオンカード1枚\nをレスト状態でベースに置く。その後、自分のデッキを\nシャッフルする。	[When Attacking] You can move one of your Field Minions from your base to the field and put it in the Active State.\n[When Morphed] Reduce Movement by 1. If you do, you can search your deck for a Field Minion card belonging to the Mask class\nand place it into your base in the Rest Place. Then, shuffle your deck.					ocr	1397	Vulc01 ランペイジモード	https://www.aicarddass.com/zenonzard/images/cardlist/cards/colorless_07_01_EX04c_00.png?v=20201113	field_minion	フィールド・ミニオン	colorless	無色	7	EX:04 HEROIC_MASQUERADE	3		L					
colorless_07_02_00_00	colorless	告死獣ヌエ	Nue - Beast of Death	7	600	2	【召喚時】\n相手のBP500以下のミニオン1体を破壊する。	[When Summoned]\nDestroy one of your opponent's minions\nwith 500BP or lower.	Basic				gamerch	1377	告死獣ヌエ	https://www.aicarddass.com/zenonzard/images/cardlist/cards/colorless_07_02_00_00.png?v=20201113	field_minion	フィールド・ミニオン	colorless	無色	7	ベーシック	15	キマイラ	Basic					
colorless_07_02_01_00	colorless	ガルガンチュア・イーグル	Gargantuan Eagle	7	700	2	［飛来］	Swoop	AWAKEN				gamerch	1374	ガルガンチュア・イーグル	https://www.aicarddass.com/zenonzard/images/cardlist/cards/colorless_07_02_01_00.png?v=20201113	field_minion	フィールド・ミニオン	colorless	無色	7	PC:01 AWAKEN	14	ウイング	C					
colorless_07_02_01_01	colorless	「魔術の巨人」マジクル・ベイル	Magic Veil - The Caster	7	800	2	【召喚時】\nこのターン終了時、自分のマナ全てをアクティブにする。	[When Summoned]\nAll your mana returns to the Active State\nwhen this turn ends.	AWAKEN				gamerch	1375	「魔術の巨人」マジクル・ベイル	https://www.aicarddass.com/zenonzard/images/cardlist/cards/colorless_07_02_01_01.png?v=20201113	field_minion	フィールド・ミニオン	colorless	無色	7	PC:01 AWAKEN	14	ゴレイム	R					
colorless_07_02_01_02	colorless	「時を一巡させる者」エンリコ	Enrico - Revolver of Time	7	600	2	【召喚時】\nお互いは手札を全て破棄する。その後、お互いはカードを5枚引く。	[When Summoned]\nBoth players discard all the cards in their\nhand. Then, each player draws five\ncards.	AWAKEN			https://gamerch.com/zenonzard/97347	gamerch	1376	「時を一巡させる者」エンリコ	https://www.aicarddass.com/zenonzard/images/cardlist/cards/colorless_07_02_01_02.png?v=20201113	field_minion	フィールド・ミニオン	colorless	無色	7	PC:01 AWAKEN	14	デミゴッド	L					
colorless_07_02_01r_00	colorless	「長雷槍」カルナール	Karna - Master of Thunder	7	700	2	［襲撃］［再起］	Charge\nResurge	BEYOND				gamerch	1380	「長雷槍」カルナール	https://www.aicarddass.com/zenonzard/images/cardlist/cards/colorless_07_02_01r_00.png?v=20201113	field_minion	フィールド・ミニオン	colorless	無色	7	PC:01R BEYOND	12	セントール	R					
colorless_07_02_01r_01	colorless	ゴルゴンシャーマン	Gorgon Shamanka	7	500	2	【自分のターン終了時】\n種族「モンスター」を持たないミニオン全てにBP-200を付与する。	[At the End of Your Turn]\nDeal -200BP to all minions that do not\nbelong to the Monster class.	BEYOND				gamerch	1381	ゴルゴンシャーマン	https://www.aicarddass.com/zenonzard/images/cardlist/cards/colorless_07_02_01r_01.png?v=20201113	field_minion	フィールド・ミニオン	colorless	無色	7	PC:01R BEYOND	12	モンスター	E					
colorless_07_02_01r_02	colorless	「炎魔」バルドロード	Baldrod - The Blazing Demon	7	700	2	【召喚時】\n相手のBP1200以下のミニオン1体を破壊する。\n自分のフォース全てに1ダメージを与える。	[When Summoned]\nDestroy one of your opponent's minions\nwith 1200BP or lower. Receive 1 damage\nto all your Forces.	BEYOND				gamerch	1382	「炎魔」バルドロード	https://www.aicarddass.com/zenonzard/images/cardlist/cards/colorless_07_02_01r_02.png?v=20201113	field_minion	フィールド・ミニオン	colorless	無色	7	PC:01R BEYOND	12	モンスター	L					
colorless_07_02_02_00	colorless	咆竜ブラスティオス	Howl Blastios	7	1000	3	効果なし						seesaa	1383	咆竜ブラスティオス	https://www.aicarddass.com/zenonzard/images/cardlist/cards/colorless_07_02_02_00.png?v=20201113	field_minion	フィールド・ミニオン	colorless	無色	7	PC:02 CONTRACT	11	ドラゴン	C					
colorless_07_02_02_01	colorless	「二艘槍」ハーゲン	Hargen - Wielders of Dual Spears	7	400	2	【召喚時】\nこのターン中、このミニオンをBP+300する。\n【アタック時】\nターンに1回、このミニオンをアクティブにする。	[When Summoned]\nThis minion gains +300BP for the\nduration of this turn.\n[When Attacking]\nPut this minion in the Active State once\nper turn.					seesaa	1384	「二艘槍」ハーゲン	https://www.aicarddass.com/zenonzard/images/cardlist/cards/colorless_07_02_02_01.png?v=20201113	field_minion	フィールド・ミニオン	colorless	無色	7	PC:02 CONTRACT	11	セントール	E					
colorless_07_02_02c_00	colorless	「氷の狙撃手」シノン		7			【召喚時】\nスイッチ：「黒の剣士」\n『狙撃』\n相手の無色のミ二オン1体を破壊する。破壊するミ\nニオンがいない場合、相手のプレイヤーに1ダメー\nジを与える。						ocr	1387	「氷の狙撃手」シノン	https://www.aicarddass.com/zenonzard/images/cardlist/cards/colorless_07_02_02c_00.png?v=20201113	field_minion	フィールド・ミニオン	colorless	無色	7	EXCODE:02C SAO	9	ソード	L					
colorless_07_02_02c_01	colorless	ザ・スカル・リーパー		7			【召喚時】\nBP300以下のミ二オン全てを破壊する。						ocr	1388	ザ・スカル・リーパー	https://www.aicarddass.com/zenonzard/images/cardlist/cards/colorless_07_02_02c_01.png?v=20201113	field_minion	フィールド・ミニオン	colorless	無色	7	EXCODE:02C SAO	9	ソード	R					
colorless_07_02_02c_02	colorless	ザ・フェイタルサイズ		7			【自分の夕\n自分のミ二オンがいない場合、自分の手札にあるこ\nのカードのフリーコストは3減らされる。						ocr	1389	ザ・フェイタルサイズ	https://www.aicarddass.com/zenonzard/images/cardlist/cards/colorless_07_02_02c_02.png?v=20201113	field_minion	フィールド・ミニオン	colorless	無色	7	EXCODE:02C SAO	9	ソード	R					
colorless_07_02_02r_00	colorless	アントラー・タイガー	Anttiger	7			【召喚時】\n自分のマナ1つをアクティブにする。\n【加護時】\nこのミニオンに「【アタック時】相手のBP400以\n下のミ二オン１体を破壊する。」を付与する。	[When Summoned]\nPut one of your mana in the Active State\n[When Boosted]\nThis minion receives the following ability\n[When Attacking] Destroy one of your\nopponent's minions with 400BP or lower					ocr	1385	アントラー・タイガー	https://www.aicarddass.com/zenonzard/images/cardlist/cards/colorless_07_02_02r_00.png?v=20201113	field_minion	フィールド・ミニオン	colorless	無色	7	PC:02R DIVINE	10	キマイラ	C					
colorless_07_02_02r_01	colorless	「炎狼」ヴォルト	Bolt - The Wildfire Wolf	7			【召喚時】\n相手のミ二オンの数と同じになるように、\n「「炎	[When Summoned]\nCopies of Bolt - The Wildfire Wolf enter\nyour field until you have the same\nnumber of minions as your opponent.					ocr	1386	「炎狼」ヴォルト	https://www.aicarddass.com/zenonzard/images/cardlist/cards/colorless_07_02_02r_01.png?v=20201113	field_minion	フィールド・ミニオン	colorless	無色	7	PC:02R DIVINE	10	ビースト	E					
colorless_07_02_04_00	colorless	導化姫トリックスター	The ClownPrincess Trickster	7			【召喚時】\n自分はカードを1枚引く。その後、自分のトラッ\nシュにあるカード1枚を手札に戻す	[When Summoned]\nDraw one card. Then, return one card\nfrom your trash to your hand.					ocr	1396	導化姫トリックスター	https://www.aicarddass.com/zenonzard/images/cardlist/cards/colorless_07_02_04_00.png?v=20201113	field_minion	フィールド・ミニオン	colorless	無色	7	PC:04 FORBIDDEN	6	BS	L					
colorless_07_02_EX02_00	colorless	「必中の射手」リタ	Rita - The Flawless	7			【召喚時】&\nスイッチ：\n「黒の剣士」\n相手の無色のミ二オン1体を破壊する。破壊するミ\nニオンがいない場合、相手のプレイヤーに1ダメー\nジを与える。\nLEＧEND	[When Summoned] & Switch: Sable Knight\nDestroy one of your opponent's Neutral\nMinions. If there are no applicable minions\ndeal 1 damage to your opponent's Life.					ocr	1393	「必中の射手」リタ	https://www.aicarddass.com/zenonzard/images/cardlist/cards/colorless_07_02_EX02_00.png?v=20201113	field_minion	フィールド・ミニオン	colorless	無色	7	EX:02 幻影の剣士	7	ソード	L					
colorless_07_02_EX02_01	colorless	リフレクション・リザード	Reflection Lizard	7			【召喚時】\nBP300以下のミニオン全てを破壊する。	[When Summoned]\nDestroy all minions with 300BP or lower.					ocr	1394	リフレクション・リザード	https://www.aicarddass.com/zenonzard/images/cardlist/cards/colorless_07_02_EX02_01.png?v=20201113	field_minion	フィールド・ミニオン	colorless	無色	7	EX:02 幻影の剣士	7	ソード	R					
colorless_07_02_EX02_02	colorless	ロア・クリーチャー	The Bellower	7			【自分の夕\n自分のミ二オンがいない場合、自分の手札にあるこ\nのカードのフリーコストは3減らされる。	[On Your Turn]\nThe basic cost of this card while in your\nhand is reduced by 3 when you have no\nminions on the field.					ocr	1395	ロア・クリーチャー	https://www.aicarddass.com/zenonzard/images/cardlist/cards/colorless_07_02_EX02_02.png?v=20201113	field_minion	フィールド・ミニオン	colorless	無色	7	EX:02 幻影の剣士	7	ソード	R					
colorless_07_02_ex01_00	colorless	「酒場の看板娘」カレン	Kahren - The Lovely Barmaid	7	700	2	【アタック時】\n自分のプレイヤーを1回復する。\n【常時】\nフォースが破壊されるたび、このミニオンをアクティブにする。	[When Attacking]\nRestore 1 Life point.\n[Passive]\nWhenever a Force is destroyed, this minion enters the Active State.					card-image	1378	「酒場の看板娘」カレン	https://www.aicarddass.com/zenonzard/images/cardlist/cards/colorless_07_02_ex01_00.png?v=20201113	field_minion	フィールド・ミニオン	colorless	無色	7	EX:01 魔術都市の9戦士	13	ヒューマノイド	E					
colorless_08_01_06_00	colorless	「狭間から救う者」ロビン	Robynn - Savior from the Shadows	6			【召喚時】\nお互いの除外エリアにあるフィールド・ミニオン\nカードと同じミニオン1体を、自分のフィールドに出	[When Summoned]\nCreate a copy of a Field Minion card that\nhas been banished from this game and put\nit on your field.					ocr	1373	「狭間から救う者」ロビン	https://www.aicarddass.com/zenonzard/images/cardlist/cards/colorless_08_01_06_00.png?v=20201113	field_minion	フィールド・ミニオン	colorless	無色	6	PC:06 HELIX	1	デミゴッド	L					
colorless_08_01_EX04_00	colorless	仮面ライダーアークゼロ	Arc - Mask of Sanctity	8			【破壊時】\n相手の【召喚時】または【変身時】を持つミ二オン\n1体を除外する。この効果で除外したミ二オンと同\nじミニオン1体を自分のフィールドに出す。\n【アタック時】\nターンに1回、このミニオンをアクティブにする。	[When Destroyed]\nBanish one of your opponent's minions with\na [When Summoned] or [When Morphed]\neffect. Then, a copy of the minion banished by\nthis effect enters your field.\n[When Attacking]\nOnce per turn, this minion enters the Active\nState.					ocr	1410	仮面ライダーアークゼロ	https://www.aicarddass.com/zenonzard/images/cardlist/cards/colorless_08_01_EX04_00.png?v=20201113	field_minion	フィールド・ミニオン	colorless	無色	8	EX:04 KAMEN RIDER	4	仮面	L					
colorless_08_01_EX04c_00	colorless	聖具のマスク アーク		8			【破壊時】\n相手の【召喚時】または【変身時】を持つミ二オン\n1体を除外する。この効果で除外したミ二オンと同\nじミニオン1体を自分のフィールドに出す。\n【アタック時】\nターンに1回、このミニオンをアクティブにする。						ocr	1411	聖具のマスク アーク	https://www.aicarddass.com/zenonzard/images/cardlist/cards/colorless_08_01_EX04c_00.png?v=20201113	field_minion	フィールド・ミニオン	colorless	無色	8	EX:04 HEROIC_MASQUERADE	3	仮面	L					
colorless_08_02_01_00	colorless	地の天使ウリエル	The Archangel Uriel	8	800	2	【召喚時】\n自分の手札が4枚になるようにカードを引く。	[When Summoned]\nDraw cards until you have a total of four\nin your hand.	AWAKEN				gamerch	1402	地の天使ウリエル	https://www.aicarddass.com/zenonzard/images/cardlist/cards/colorless_08_02_01_00.png?v=20201113	field_minion	フィールド・ミニオン	colorless	無色	8	PC:01 AWAKEN	14	エンジェル	R					
colorless_08_02_01_01	colorless	ギガ・サイクロプス	Giga Cyclops	8	800	3	【自分のターン】\nこのミニオンはコスト3以下のミニオンにはブロックされない。	[On Your Turn]\nThis minion cannot be blocked by\nminion with a cost of 3 or lower.	AWAKEN				gamerch	1401	ギガ・サイクロプス	https://www.aicarddass.com/zenonzard/images/cardlist/cards/colorless_08_02_01_01.png?v=20201113	field_minion	フィールド・ミニオン	colorless	無色	8	PC:01 AWAKEN	14	ジャイアント	R					
colorless_08_02_01_02	colorless	災厄竜ダスカース	Duskurse - The Devastator	8	800	2	【自分のターン】\n自分の手札にあるこのカードのフリーコストは、お互いのミニオン1体毎に1減らされる。	[On Your Turn]\nThe basic cost of this card while in your\nhand is reduced by 1 for each minion that\nis on the field.	AWAKEN				gamerch	1403	災厄竜ダスカース	https://www.aicarddass.com/zenonzard/images/cardlist/cards/colorless_08_02_01_02.png?v=20201113	field_minion	フィールド・ミニオン	colorless	無色	8	PC:01 AWAKEN	14	ドラゴン	E					
colorless_08_02_02_00	colorless	「悪夢」ハイドラ	Hydra - The Dragon Nightmare	8	700	1	【自分のターン終了時】\n「ドラゴン・トークン」1体を出す。	[At the End of Your Turn]\nOne Token Dragon enters your field.					seesaa	1404	「悪夢」ハイドラ	https://www.aicarddass.com/zenonzard/images/cardlist/cards/colorless_08_02_02_00.png?v=20201113	field_minion	フィールド・ミニオン	colorless	無色	8	PC:02 CONTRACT	11	ドラゴン	E					
colorless_08_02_02c_00	colorless	ソードゴーレム		8			【破壊時】\nこのターン終了時、自分のトラッシュにある\nドゴレム」1枚を手札に戻す。						ocr	1406	ソードゴーレム	https://www.aicarddass.com/zenonzard/images/cardlist/cards/colorless_08_02_02c_00.png?v=20201113	field_minion	フィールド・ミニオン	colorless	無色	8	EXCODE:02C SAO	9	ソード	R					
colorless_08_02_02c_01	colorless	「太陽神」ソルス		8			【召喚時】&\nスイッチ：「黒の剣士」\n相手のBP400以下のミ二オン全てを破壊する。破\n壊するミ二オンがいない場合、次の自分のターン終\n了時まで、自分の種族「黒の剣士」または「閃光」\nを持つミ二オン1体をBP+300/DP+1する。						ocr	1407	「太陽神」ソルス	https://www.aicarddass.com/zenonzard/images/cardlist/cards/colorless_08_02_02c_01.png?v=20201113	field_minion	フィールド・ミニオン	colorless	無色	8	EXCODE:02C SAO	9	ソード	L					
colorless_08_02_02r_00	colorless	「蛇巨人」サーペンティーア	Serpenteer - The Reptilian Behemoth	8			【常時】\n他の自分の種族「モンスター」を持つミニオン全て\nに[奪命]を与える。	Revenge\n[Passive]\nAll your other minions belongin\nto the\nMonster class gain the Revenge effect.					ocr	1405	「蛇巨人」サーペンティーア	https://www.aicarddass.com/zenonzard/images/cardlist/cards/colorless_08_02_02r_00.png?v=20201113	field_minion	フィールド・ミニオン	colorless	無色	8	PC:02R DIVINE	10	モンスター	E					
colorless_08_02_EX02_00	colorless	ヒュージ・スタチュー	Gargangoyle	8			【破壊時】\nこのターン終了時、自分のトラッシュにある「	[When Destroyed]\nAt the end of this turn, return one\nGargangoyle from your trash to your hand.					ocr	1408	ヒュージ・スタチュー	https://www.aicarddass.com/zenonzard/images/cardlist/cards/colorless_08_02_EX02_00.png?v=20201113	field_minion	フィールド・ミニオン	colorless	無色	8	EX:02 幻影の剣士	7	ソード	R					
colorless_08_02_EX02_01	colorless	「黄天の射手」リタ	Rita - The Divine Shot	8			【召喚時】&\nスイッチ：「黒の剣士」\n相手のBP400以下のミ二オン全てを破壊する。破\n壊する二オンがいない場合、次の自分のタン終\n了時まで、自分の種族「黒の剣士」または「閃光」\nを持つミ二オン1体をBP+300/DP+1する。	Swoop\n[When Summoned] & Switch: Sable Knight\nDestroy all your opponent's minions with\nAOOBP or lower. If there are no minions to\ndestroy, select one of your minions belonging to\nthe Sable Knight or Swift class to gain\n+300BP/+1DP until the end of your next turn.					ocr	1409	「黄天の射手」リタ	https://www.aicarddass.com/zenonzard/images/cardlist/cards/colorless_08_02_EX02_01.png?v=20201113	field_minion	フィールド・ミニオン	colorless	無色	8	EX:02 幻影の剣士	7	ソード	L					
colorless_08_02_ex01_00	colorless	「記憶を覗く者」メモリア	Memoria - The Seer	7	800	2	【自分のターン】\n自分の手札にあるこのカードのフリーコストは、自分の破壊されたフォース1つ毎に3減らされる。\n【召喚時】\n全フォースの中から1つを選択する。このミニオンにそのフォースの固有能力を付与する。	{On Your Turn]\nReduce the basic cost of this card in your\nhand by 3 for each of your destroyed Forces\n[When Summoned]\nSelect one Force out of all the Forces. This\nminion receives the attributes of that Force.	9Warriors				card-image	1379	「記憶を覗く者」メモリア	https://www.aicarddass.com/zenonzard/images/cardlist/cards/colorless_08_02_ex01_00.png?v=20201113	field_minion	フィールド・ミニオン	colorless	無色	7	EX:01 魔術都市の9戦士	13	デミゴッド	L					
colorless_09_01_03_00	colorless	均衡のドラゴン	Dragon of Equilibrium	9+			【召喚時】\n自分の種族「アルカナ」を持つミニオンがいる場\n合、相手のコスト4以下のミニオン全てを破壊する。	Pierce\n[When Summoned]\nIf you have a minion belonging to the\nArcana class on your field, destroy all your\nopponent's minions with a cost of 4 or\nlower.					ocr	1420	均衡のドラゴン	https://www.aicarddass.com/zenonzard/images/cardlist/cards/colorless_09_01_03_00.png?v=20201113	field_minion	フィールド・ミニオン	colorless	無色	9+	PC:03 EVOLVE	8	ドラゴン	E					
colorless_09_01_04_00	colorless	アラクネ	Arachnena	9+			【召喚時】\nミニオン1体を破壊する。\n【自分の夕-\nこのタンに自分が種族「アルカナ」を持つカード\nを使用していない場合、このミニオンはアタックと\n移動ができない。	[When Summoned]\nDestroy one minion.\n[On Your Turn]\nIf you haven't used a card belonging to\nthe Arcana class this turn, this minion\ncannot attack or move.					ocr	1423	アラクネ	https://www.aicarddass.com/zenonzard/images/cardlist/cards/colorless_09_01_04_00.png?v=20201113	field_minion	フィールド・ミニオン	colorless	無色	9+	PC:04 FORBIDDEN	6	モンスター	E					
colorless_09_01_05_00	colorless	「運命の糸を紡ぐ者」クロートー	Clotho - Weaver of Destiny	9+			【召喚時】\n自分のフォース1つを選択する。自分のデッキを上\nからX枚（最大4枚）見て、その中のフィールド・\nミニオンカード全てを出す。Xは選択したフォース\nのライフと同じとする。残りをランダムにデッキの\n下に戻す。	[When Summoned]\nSelect one of your Forces. Look at the top\nX cards of your deck (maximum of four)\nwhere X is equal to the number of Force\npoints of the selected Force, and put all of\nthe Field Minions on your field. Put the\nrest back on the bottom of your deck in\nrandom order.					ocr	1424	「運命の糸を紡ぐ者」クロートー	https://www.aicarddass.com/zenonzard/images/cardlist/cards/colorless_09_01_05_00.png?v=20201113	field_minion	フィールド・ミニオン	colorless	無色	9+	PC:05 GLORY	2	デミゴッド	L					
colorless_09_02_01_00	colorless	「反射の巨人」クリスタル・ベイル	Crystal Veil - The Reflector	9+	900	3	［再起］\n【常時】\nこのミニオンは相手のミニオンとマジックの効果で選択できない。	Resurge\n[Passive]\nThis minion cannot be selected as\ntarget for the effects of minions on your\nopponent's field or their Magic cards.	AWAKEN				gamerch	1413	「反射の巨人」クリスタル・ベイル	https://www.aicarddass.com/zenonzard/images/cardlist/cards/colorless_09_02_01_00.png?v=20201113	field_minion	フィールド・ミニオン	colorless	無色	9+	PC:01 AWAKEN	14	ゴレイム	E					
colorless_09_02_01_01	colorless	炎龍ヘルファイアー	Hellfire Dragon	9+	800	2	【召喚時】\nBP500以下のミニオン全てを破壊する。	[When Summoned]\nDestroy all minions with 500BP or lower.	AWAKEN				gamerch	1414	炎龍ヘルファイアー	https://www.aicarddass.com/zenonzard/images/cardlist/cards/colorless_09_02_01_01.png?v=20201113	field_minion	フィールド・ミニオン	colorless	無色	9+	PC:01 AWAKEN	14	ドラゴン	E					
colorless_09_02_01_02	colorless	「運命の図柄を描く者」ラケシス	Lachesis - Decider of Fate	9+	500	1	【召喚時】\n相手のプレイヤーのライフと自分のフォース1つのライフを交換する。	[When Summoned]\nSwitch your opponent's Life points with\none of your Force's points.	AWAKEN			https://gamerch.com/zenonzard/74429	gamerch	1415	「運命の図柄を描く者」ラケシス	https://www.aicarddass.com/zenonzard/images/cardlist/cards/colorless_09_02_01_02.png?v=20201113	field_minion	フィールド・ミニオン	colorless	無色	9+	PC:01 AWAKEN	14	デミゴッド	L					
colorless_09_02_02c_00	colorless	「最高司祭」アドミニストレータ		9+			【召喚時】\n自分の種族「アイテム」を持つマナ1つ毎に、自分\nはカードを１枚引く。						ocr	1418	「最高司祭」アドミニストレータ	https://www.aicarddass.com/zenonzard/images/cardlist/cards/colorless_09_02_02c_00.png?v=20201113	field_minion	フィールド・ミニオン	colorless	無色	9+	EXCODE:02C SAO	9	ソード	E					
colorless_09_02_02c_01	colorless	「ゲームマスター」茅場晶彦		9+			【常時】\n『システム管理権限]\n他のBP1000以下のミ二オン全ては、アタックも\nブロックも移動もできない。\n【自分のター\nン開始時】\nミ二オン全てにBP+100を付与する。						ocr	1419	「ゲームマスター」茅場晶彦	https://www.aicarddass.com/zenonzard/images/cardlist/cards/colorless_09_02_02c_01.png?v=20201113	field_minion	フィールド・ミニオン	colorless	無色	9+	EXCODE:02C SAO	9	ソード	L					
colorless_09_02_02r_00	colorless	復讐のドラゴン		9+	900	3	【召喚時】\n自分の破壊されたフォース1つ毎に、相手のミニオン1体を破壊する。		9Warriors				gamerch	1417	復讐のドラゴン	https://www.aicarddass.com/zenonzard/images/cardlist/cards/colorless_09_02_02r_00.png?v=20201113	field_minion	フィールド・ミニオン	colorless	無色	9+	PC:02R DIVINE	10	ドラゴン	E					
colorless_09_02_EX02_00	colorless	黒衣の魔導士	Magician of the Dark Robe	9+			【召喚時】\n自分の種族\n「アイテム」を持つマナ1つ毎に、自分\nはカードを１枚引く。	Revenge\n[When Summoned]\nDraw one card for each of your mana\nbelonging to the Item class.					ocr	1421	黒衣の魔導士	https://www.aicarddass.com/zenonzard/images/cardlist/cards/colorless_09_02_EX02_00.png?v=20201113	field_minion	フィールド・ミニオン	colorless	無色	9+	EX:02 幻影の剣士	7	ソード	E					
colorless_09_02_EX02_01	colorless	無貌の巨神	Ethereal Giant	9+			【常時】\n他のBP1000以下のミ二オン全ては、アタックも\nブロックも移動もできない。\n【自分のタ一ン開始時】\nミニオン全てにBP+100を付与する。	[Passive]\nNo other minions with 1000BP or lower\ncan attack, block, or move.\n[At the Start of Your Turn]\nAll minions receive +100BP.					ocr	1422	無貌の巨神	https://www.aicarddass.com/zenonzard/images/cardlist/cards/colorless_09_02_EX02_01.png?v=20201113	field_minion	フィールド・ミニオン	colorless	無色	9+	EX:02 幻影の剣士	7	ソード	L					
colorless_09_02_ex01_00	colorless	復讐のドラゴン	Vengeful Dragon	9	900	3	【召喚時】\n自分の破壊されたフォース1つ毎に、相手のミニオン1体を破壊する。	[When Summoned]\nDestroy one of your opponent's minions\nfor each one of your Forces destroyed.	9Warriors				card-image	1416	復讐のドラゴン	https://www.aicarddass.com/zenonzard/images/cardlist/cards/colorless_09_02_ex01_00.png?v=20201113	field_minion	フィールド・ミニオン	colorless	無色	9	EX:01 魔術都市の9戦士	13	ドラゴン	E					
colorless_10_01_03_00	colorless	九神龍「界」アクアマリン	Lord Larimar - The Terrestrial	9+			【召喚時】\nお互いのミニオンカードでない無色マナ全てを破壊\nする。\nLEＧEND	Infiltrate\n[When Summoned]\nDestroy all Neutral Mana that are not\nminion cards.					ocr	1430	九神龍「界」アクアマリン	https://www.aicarddass.com/zenonzard/images/cardlist/cards/colorless_10_01_03_00.png?v=20201113	field_minion	フィールド・ミニオン	colorless	無色	9+	PC:03 EVOLVE	8	ドラゴン	L					
colorless_10_01_03_01	colorless	「ラスの召喚獣・天」シンリュウ	Shin Ryu Aether - Of Lahrs	9+			【召喚時】\n他のミニオン全てを破壊する。	[When Summoned]\nDestroy all other minions.					ocr	1431	「ラスの召喚獣・天」シンリュウ	https://www.aicarddass.com/zenonzard/images/cardlist/cards/colorless_10_01_03_01.png?v=20201113	field_minion	フィールド・ミニオン	colorless	無色	9+	PC:03 EVOLVE	8	アルカナ|ドラゴン	L					
colorless_10_01_05_00	colorless	九神龍「静」アイロス	Lord Airos - The Serene	9+			【常時】\n以外のミニオン全てはア\nクティブにならない。	"Resurge\n[Passive]\nMinions cannot enter the Active State\nunless they are named ""Lord Airos - The\nSerene""."					ocr	1433	九神龍「静」アイロス	https://www.aicarddass.com/zenonzard/images/cardlist/cards/colorless_10_01_05_00.png?v=20201113	field_minion	フィールド・ミニオン	colorless	無色	9+	PC:05 GLORY	2	ドラゴン	L					
colorless_10_02_04_00	colorless	エマの第3魔法：ワンモア	Emma's Spells, Entry 3: Encore	9+			このカードは種族「アルカナ」を持つ。\nこのカードのコストは変動しない。\n自分の手札が10枚になるようにカードを引く。そ\nの後、自分のミニオン全てと自分のマナ全てをアク\nティブにする。その後、このカードを除外する。	This card is part of the Arcana class.\nThis card's cost cannot be changed.\n[Main]\nDraw until you ‘have ten cards. Then, all your minions and mana enter the Active State. Then, banish this card.					ocr	1435	エマの第3魔法：ワンモア	https://www.aicarddass.com/zenonzard/images/cardlist/cards/colorless_10_02_04_00.png?v=20201113	magic	マジック	colorless	無色	9+	PC:04 FORBIDDEN	6		L					
colorless_11_01_EX03_00	colorless	天魔王ゴッド・ゼクス	The HeavenlyDemonGod God-Sechs	9+			【常時】\nこのミニオンは、相手のマジックの効果で選択でき\n【常時】\n自分のベースに有色マナが3色以上ある場合、相手\nのミニオン全てはアクティブにならない。\nＬEGEND	Cost Reduction: R, W,\n[Passive]\nThis minion cannot be selected as a target for\nyour opponent's Magic cards.\n[Passive]\nIf you have mana of three or more different colors\nin your base, your opponent's minions cannot\nenter the Active State.					ocr	1436	天魔王ゴッド・ゼクス	https://www.aicarddass.com/zenonzard/images/cardlist/cards/colorless_11_01_EX03_00.png?v=20201113	field_minion	フィールド・ミニオン	colorless	無色	9+	EX:03 Battle Spirits	5	BS	L					
colorless_12_02_04_00	colorless	超龍騎神グラン・サジット・ノヴァ	The SuperCentaurusDeity Grand-Sagitto-Nova	9+			【アタック時】\nこのミニオンがプレイヤーにアタックした場合、自\n分の種族「ドラゴン」または「光導」を持つミニオ\nン1体毎に、自分のプレイヤーを1回復し、相手の\nプレイヤーに1ダメージを与える。	Swoop\nCost Reduction: Colors\n[When Attacking]\nFor each minion belonging to the Dragon\nor Zodiac Deity class on your field\nrestore 1 Life point and deal 1 damage to your\nopponent's Life if this minion attacks\nyour opponent's Life.					ocr	1438	超龍騎神グラン・サジット・ノヴァ	https://www.aicarddass.com/zenonzard/images/cardlist/cards/colorless_12_02_04_00.png?v=20201113	field_minion	フィールド・ミニオン	colorless	無色	9+	PC:04 FORBIDDEN	6	BS|光導	L					
green_00_00_03_00	green	「観測の召喚士」ラバー Lv1	Amora - Conjurer of Wisdom Lv.1				《ベース》\n【配置時】\n「「ラバーの召喚獣」ユグシルLv1」1枚を手札に\n加える。\n《ベース》\nこのマナは移動できない。\nRＡRＥ	<Base> [When Placed]\nAdd one Yggsil - Of Amora Lv.1 to your\nhand.\n<Base>\nThis minion cannot move.					ocr	564	「観測の召喚士」ラバー Lv1	https://www.aicarddass.com/zenonzard/images/cardlist/cards/green_00_00_03_00.png?v=20201113	base_minion	ベース・ミニオン	green	緑		PC:03 EVOLVE	8	エヴォーカー	R					
green_00_00_03_01	green	「観測の召喚士」ラバー Lv2	Amora - Conjurer of Wisdom Lv.2				《ベース》\n【配置時】\n「「ラバーの召喚獣」ユグシルLv2」1枚を手札に\n加える。\n《ベース》\nこのマナは移動できない。\nRＡRＥ	<Base> [When Placed]\nAdd one Yggsil - Of Amora Lv.2 to your\nhand.\n<Base>\nThis minion cannot move.					ocr	565	「観測の召喚士」ラバー Lv2	https://www.aicarddass.com/zenonzard/images/cardlist/cards/green_00_00_03_01.png?v=20201113	base_minion	ベース・ミニオン	green	緑		PC:03 EVOLVE	8	エヴォーカー	R					
green_00_00_03_02	green	「観測の召喚士」ラバー Lv3	Amora - Conjurer of Wisdom Lv.3				《ベース》\n【配置時】\n「「ラバーの召喚獣」ユグシルLv3」1枚を手札に\n加える。\n《ベース》\nこのマナは移動できない。\nRＡRＥ	<Base> [When Placed]\nAdd one Yggsil - Of Amora Lv.3 to your\nhand.\n<Base>\nThis minion cannot move.					ocr	566	「観測の召喚士」ラバー Lv3	https://www.aicarddass.com/zenonzard/images/cardlist/cards/green_00_00_03_02.png?v=20201113	base_minion	ベース・ミニオン	green	緑		PC:03 EVOLVE	8	エヴォーカー	R					
green_00_00_03_03	green	「深森の召喚士」オーブ Lv1	Ove - Conjurer of the Forest Abyss Lv.1				《ベース》\n【配置時】\n「「オーブの召喚獣」ムーンクイーンLv1」1枚を\n手札に加える。\n《ベース》\nこのマナは移動できない。\nＬEＧEND	<Base> [When Placed]\nAdd one Lunar Monarch - Of Ove Lv. 1\nto your hand.\n<Base>\nThis minion cannot move.					ocr	567	「深森の召喚士」オーブ Lv1	https://www.aicarddass.com/zenonzard/images/cardlist/cards/green_00_00_03_03.png?v=20201113	base_minion	ベース・ミニオン	green	緑		PC:03 EVOLVE	8	エヴォーカー	L					
green_00_00_03_04	green	「深森の召喚士」オーブ Lv2	Ove - Conjurer of the Forest Abyss Lv.2				《ベース》\n【配置時】\n「「オーブの召喚獣」ムーンクイーンLv2」1枚を\n手札に加える。\n《ベース》\nこのマナは移動できない。\nＬEＧEND	<Base> [When Placed]\nAdd one Lunar Monarch - Of Ove Lv.2\nto your hand.\n<Base>\nThis minion cannot move.					ocr	568	「深森の召喚士」オーブ Lv2	https://www.aicarddass.com/zenonzard/images/cardlist/cards/green_00_00_03_04.png?v=20201113	base_minion	ベース・ミニオン	green	緑		PC:03 EVOLVE	8	エヴォーカー	L					
green_00_00_03_05	green	「深森の召喚士」オーブ Lv3	Ove - Conjurer of the Forest Abyss Lv.3				《ベース》\n【配置時】\n「「オーブの召喚獣」ムーンクイーンLv3」1枚を\n手札に加える。\n《ベース》\nこのマナは移動できない。	"<Base> [When Placed]\nAdd one Lunar Monarch - Of Ove Lv.3""\nto your hand.\n<Base>\nThis minion cannot move."					ocr	569	「深森の召喚士」オーブ Lv3	https://www.aicarddass.com/zenonzard/images/cardlist/cards/green_00_00_03_05.png?v=20201113	base_minion	ベース・ミニオン	green	緑		PC:03 EVOLVE	8	エヴォーカー	L					
green_00_00_04_00	green	「翠色の魔術師」ジャック	Jak - The Green Wizard				《ベース》\n【配置時】\n「ャックの第1魔法：グロウ」1枚を手札に加え\n《ベース》\nこのマナは移動できない。	rs\n<Base> [When Placed]\nAdd one Jak's Spells, Entry 1: Growth\nto your hand.\n<Base>\nThis minion cannot move.					ocr	573	「翠色の魔術師」ジャック	https://www.aicarddass.com/zenonzard/images/cardlist/cards/green_00_00_04_00.png?v=20201113	base_minion	ベース・ミニオン	green	緑		PC:04 FORBIDDEN	6	エヴォーカー	R					
green_00_00_04_01	green	「蔦の魔術師」ウィップ	Lashly - The Ivy Wizard				《ベース》\n【配置時】\n「ウィップの第1魔法：ヒル」1枚を手札に加え\n《ベース》\nこのマナは移動できない。\nＥＰＩＣ	<Base> [When Placed]\nAdd one Lashly's Spells, Entry 1\nRejuvenate to your hand.\n<Base>\nThis minion cannot move.					ocr	574	「蔦の魔術師」ウィップ	https://www.aicarddass.com/zenonzard/images/cardlist/cards/green_00_00_04_01.png?v=20201113	base_minion	ベース・ミニオン	green	緑		PC:04 FORBIDDEN	6	エヴォーカー	E					
green_00_00_05_00	green	獣人クーン	Wereraccoon				【進撃時】\n自分の手札にある種族「トライブ」を持つベース・\nミニオンカード1枚を、レスト状態でベースに置く\nことができる。	[When Advancing]\nYou can place a Base Minion belonging to\nthe Tribal class from your hand into your\nbase in the Rest State.					ocr	586	獣人クーン	https://www.aicarddass.com/zenonzard/images/cardlist/cards/green_00_00_05_00.png?v=20201113	base_minion	ベース・ミニオン	green	緑		PC:05 GLORY	2	トライブ	C					
green_00_00_05_01	green	獣人シバ	Wereshiba				【常時】\n自分のマナが3つ以上ある場合、このミニオンを\nBP+300する。\n【アタック時】\n他の自分の種族「トライブ」を持つミニオンがいる\n場合、相手のコスト4以下のミニオン1体をレスト\nする。	oo\n[Passive]\nIf there are three or more mana in your<Base>, this minion gains +300BP.\n[When Attacking]\nIf you have another minion belonging to the\nTribal class on the field, put one of your\nopponent's minions with a cost of 4 or lower in\nthe Rest State.		PC:05 GLORY	Rare		ocr	587	獣人シバ	https://www.aicarddass.com/zenonzard/images/cardlist/cards/green_00_00_05_01.png?v=20201113	base_minion	ベース・ミニオン	green	緑		PC:05 GLORY	2	トライブ	R					
green_00_00_05_02	green	「鎖剣」獣人ウルフロット	Werewolf - The Chain Swordsman				【常時】\n自分のマナが6つ以上ある場合、このミニオンを\nBP+400/DP+1する。\n【常時】\n他の自分の種族「トライブ」を持つミニオンがいる\n場合、このミニオンは[貫通]を持つ。	[Passive] If there are six or more mana in your<Base>, this minion gains +400BP/+1DP.\n[Passive]\nIf you have another minion belonging to\nthe Tribal class on the field, this minion\ngains the {Pierce} effect.					ocr	588	「鎖剣」獣人ウルフロット	https://www.aicarddass.com/zenonzard/images/cardlist/cards/green_00_00_05_02.png?v=20201113	base_minion	ベース・ミニオン	green	緑		PC:05 GLORY	2	トライブ	E					
green_00_00_EX03_00	green	兵堂 剣蔵 Lv1	Kenzo Hyoudo Lv.1	0			《ベース》\n【配置時】\n「マッハジー」1枚を手札に加える。その後、\n堂剣蔵」をLv2にする。\n《ベース》\nこのマナは移動できない。	"=e\noe\nCe\n<Base> [When Placed]\nAdd one ""MachG"" to your hand. Kenzo\nHyoudo becomes Lv.2.\n<Base>\nThis minion cannot move."					ocr	575	兵堂 剣蔵 Lv1	https://www.aicarddass.com/zenonzard/images/cardlist/cards/green_00_00_EX03_00.png?v=20201113	base_minion	ベース・ミニオン	green	緑	0	EX:03 Battle Spirits	5	カードバトラー	E					
green_00_00_EX03_01	green	兵堂 剣蔵 Lv2	Kenzo Hyoudo Lv.2	0			《ベース》\n【配置時】\n「剣王獣ビャク・ガロウ」1枚を手札に加える。そ\n《ベース》\nこのマナは移動できない。	"<Base> [When Placed]\nAdd one ""The BladeKingBeast\nByak-Garo' to your hand. Kenzo Hyoudo becomes\nLv.3.\n<Base>\nThis minion cannot move."					ocr	576	兵堂 剣蔵 Lv2	https://www.aicarddass.com/zenonzard/images/cardlist/cards/green_00_00_EX03_01.png?v=20201113	base_minion	ベース・ミニオン	green	緑	0	EX:03 Battle Spirits	5	カードバトラー	E					
green_00_00_EX03_02	green	兵堂 剣蔵 Lv3	Kenzo Hyoudo Lv.3	0			《ベース》\n【配置時】\n「ストームアタック」1枚を手札に加える。\n《ベース》\nこのマナは移動できない。	"<Base>[When Placed]\nAdd one ""Storm Attack"" to your hand.\nThis minion cannot move."					ocr	577	兵堂 剣蔵 Lv3	https://www.aicarddass.com/zenonzard/images/cardlist/cards/green_00_00_EX03_02.png?v=20201113	base_minion	ベース・ミニオン	green	緑	0	EX:03 Battle Spirits	5	カードバトラー	E					
green_00_00_EX03_03	green	百瀬 華実	Kazitsu Momose	0			《ベス》【配置時】\n自分のミニオンカーでない無色マナ1つを「コ」変更する。\n次の相手のターン中、自分のプレイヤーに「自分のプレイヤーか\nフォースにダメー与らるたび、「コア」1つベースに置\nく。」を与える。\n《ベス》【自分のタ終了時】\n自分のベースにある「コア」全てをアクティブにする。\n《ベス》\nこのマナは移動できない。	— —\n<Base> [When Placed]\nChange one of your Neutral Mana that is not a minion card\ninto a Core. During your opponent's next turn, you receive\nthe following effect\nPlace one Core into your base whenever your Life or one\nof your Forces takes damage.\n<Base> [At the End of Your Turn]\nAll of the Cores in your base enter the Active State.\n<Base>\nThis minion cannot move.					ocr	578	百瀬 華実	https://www.aicarddass.com/zenonzard/images/cardlist/cards/green_00_00_EX03_03.png?v=20201113	base_minion	ベース・ミニオン	green	緑	0	EX:03 Battle Spirits	5	カードバトラー	R					
green_00_00_EX03_04	green	刃狼ベオ・ウルフ	The BladeWolf Beo-Wulf	0			《付与能力》\n[貫通]	Boost: BS + Cost 4 or Higher\n<Boost Ability> {Pierce}					ocr	579	刃狼ベオ・ウルフ	https://www.aicarddass.com/zenonzard/images/cardlist/cards/green_00_00_EX03_04.png?v=20201113	base_minion	ベース・ミニオン	green	緑	0	EX:03 Battle Spirits	5		C					
green_00_00_EX04_00	green	ダブルドライバー	Bird of Prey Mask				《付与能力》\n【破壊時】\nこのカードをフィールドに出す。そうした場合、自\n分のデッキを上から5枚破棄し、種族「仮面」を持\nつ緑のミニオンに変身する。\nＥＰIＣ	Boost: Green + Mask\n<Boost Ability> [When Destroyed]\nThis card enters your field. If it does\ndiscard the top five cards of your deck, and\nthis minion Morphs into a Green Minion\nbelonging to the Mask class.					ocr	580	ダブルドライバー	https://www.aicarddass.com/zenonzard/images/cardlist/cards/green_00_00_EX04_00.png?v=20201113	base_minion	ベース・ミニオン	green	緑		EX:04 KAMEN RIDER	4	アイテム|仮面	E					
green_00_00_EX04_01	green	プリズムビッカー	Blazing Sword of Ancients				《付与能力》\n【アタック時】\n相手のコスト7以下のミニオン1体をレストする。	Boost: Mask\n<Boost Ability> [When Attacking]\nPut one of your opponent's minions with\na cost of 7 or lower in the Rest State.					ocr	581	プリズムビッカー	https://www.aicarddass.com/zenonzard/images/cardlist/cards/green_00_00_EX04_01.png?v=20201113	base_minion	ベース・ミニオン	green	緑		EX:04 KAMEN RIDER	4	アイテム|仮面	R					
green_00_00_EX04_02	green	ハードボイルダー	Sly Speedster				【配置時】\n自分の種族「仮面」を持つ二才ンがいる場合、自分の移動権を1增や\n《付与能カ》【自分のタ一ン】\n自分の二がこのタ既に変身していても、この二オンは変身\nできる。自分のミ二オンがこのターに1回以上変身している場合、こ\nの三二才ンが変身するび、この[加護を除外、緑マナ1つべ一\nスに置く。	Boost: Cost 2 or Higher\n<Base> [When Placed]\nIf you have a minion belonging to the Mask class on the\nfield, increase your Movement by 1.\n<Boost Ability> [On Your Turn]\nThis minion can Morph even if one of your minions has\nalready Morphed this turn. If this minion Morphs and one of\nyour minions has already Morphed this turn, remove this { Boost} and place one Green Mana into your base.					ocr	582	ハードボイルダー	https://www.aicarddass.com/zenonzard/images/cardlist/cards/green_00_00_EX04_02.png?v=20201113	base_minion	ベース・ミニオン	green	緑		EX:04 KAMEN RIDER	4	アイテム|仮面	C					
green_00_00_EX04c_00	green	猛禽の仮面					《付与能力》\n【破壊時】\nこのカードをフィールドに出す。そうした場合、自\n分のデッキを上から5枚破棄し、種族「仮面」を持\nつ緑のミニオンに変身する。						ocr	583	猛禽の仮面	https://www.aicarddass.com/zenonzard/images/cardlist/cards/green_00_00_EX04c_00.png?v=20201113	base_minion	ベース・ミニオン	green	緑		EX:04 HEROIC_MASQUERADE	3	アイテム|仮面	E					
green_00_00_EX04c_01	green	古刀 焔					《付与能力》\n【アタック時】\n相手のコスト7以下のミニオン1体をレストする。						ocr	584	古刀 焔	https://www.aicarddass.com/zenonzard/images/cardlist/cards/green_00_00_EX04c_01.png?v=20201113	base_minion	ベース・ミニオン	green	緑		EX:04 HEROIC_MASQUERADE	3	アイテム|仮面	R					
green_00_00_EX04c_02	green	機巧駿車					【配置時】\n自分の種族「仮面」を持つ三二才ンがいる場合、自分の移動権を1增や\n《付与能カ》【自分のタン】\n自分のニオがこのタン既に変身していても、このニ才ンは変身\nできる。自分のミ二オンがこのターに1回以上変身している場合、こ\nの三二才ンが変身するび、この[加護を除外し、緑マナ1つべ一\nスに置く。						ocr	585	機巧駿車	https://www.aicarddass.com/zenonzard/images/cardlist/cards/green_00_00_EX04c_02.png?v=20201113	base_minion	ベース・ミニオン	green	緑		EX:04 HEROIC_MASQUERADE	3	アイテム|仮面	C					
green_00_01_00_00	green	デメテーの村娘	Village Girl of Demete		300	1	《デッキ》\nこのカードは何枚でもデッキに入れられる。\n【常時】\nこのカードはブロックできない。	<Deck>\nA deck can have any number of this card.\n[Passive]\nThis minion cannot block.	Basic				gamerch	555	デメテーの村娘	https://www.aicarddass.com/zenonzard/images/cardlist/cards/green_00_01_00_00.png?v=20201113	base_minion	ベース・ミニオン	green	緑		ベーシック	15	エルフ	Basic					
green_00_01_01_00	green	デメテーの守護者	Guardian of Demete		100	1	【常時】\nこのミニオンはブロックできない。\n《ベース》【自分のターン終了時】\nこのマナをアクティブにする。	ey\n[Passive]\nThis minion cannot block.\n<Base>[At the End of Your Turn]\nThis mana enters the Active State.	AWAKEN				gamerch	554	デメテーの守護者	https://www.aicarddass.com/zenonzard/images/cardlist/cards/green_00_01_01_00.png?v=20201113	base_minion	ベース・ミニオン	green	緑		PC:01 AWAKEN	14	エルフ	R					
green_00_01_01r_00	green	エルフの剣士	Elven Swordsman		300	1	【常時】\nこのミニオンはブロックできない。\n【配置時】\n自分の［貫通］を持つミニオン1体にBP+100/DP+1を付与する。	=.\n[Passiyi af\nThis minion cannot block.\n<Base> [When Placed]\nOne of your minions with the Pierce\neffect receieves +100BP/+1DP	BEYOND				gamerch	556	エルフの剣士	https://www.aicarddass.com/zenonzard/images/cardlist/cards/green_00_01_01r_00.png?v=20201113	base_minion	ベース・ミニオン	green	緑		PC:01R BEYOND	12	エルフ	E					
green_00_01_02_00	green	「種精」ピットボック	Peach Pit - The Seed Sprite		300	0	［加護:緑］	Boost:Green	CONTRACT				gamerch	557	「種精」ピットボック	https://www.aicarddass.com/zenonzard/images/cardlist/cards/green_00_01_02_00.png?v=20201113	base_minion	ベース・ミニオン	green	緑		PC:02 CONTRACT	11	ニンフ	C					
green_00_01_02_01	green	「樹精」グリーフィ	Grifi - The Tree Sprite		100	1	［加護:緑+コスト4以上］\n«付与能力»【アタック時】\n相手のフォース1つをレストする。	Boost: Green + Cost 4 or higher\n<Boost Ability> [When Attacking]\nPut one of your opponent's Forces in the\nRest State.	CONTRACT				gamerch	558	「樹精」グリーフィ	https://www.aicarddass.com/zenonzard/images/cardlist/cards/green_00_01_02_01.png?v=20201113	base_minion	ベース・ミニオン	green	緑		PC:02 CONTRACT	11	ニンフ	E					
green_00_01_02c_00	green	「少女」アリス					【常時】\nこのミニオンはブロックできない。\n《ベース》\n【配置時】\nフィールドに自分の種族「ソード」を持つミニオン\nが2体以上いる場合、自分のプレイヤーを1回復す						ocr	561	「少女」アリス	https://www.aicarddass.com/zenonzard/images/cardlist/cards/green_00_01_02c_00.png?v=20201113	base_minion	ベース・ミニオン	green	緑		EXCODE:02C SAO	9	ソード	C					
green_00_01_02c_01	green	夜空の剣					《付与能力》\n【アタック時】\nこのターン中、相手のレスト状態であるミニオン1\n体をBP-4O0する。						ocr	562	夜空の剣	https://www.aicarddass.com/zenonzard/images/cardlist/cards/green_00_01_02c_01.png?v=20201113	base_minion	ベース・ミニオン	green	緑		EXCODE:02C SAO	9	アイテム|ソード	R					
green_00_01_02c_02	green	青薔薇の剣					《付与能力》\n【アタック時】\n相手の有色のミニオン1体をレストする。\nEPIＣ						ocr	563	青薔薇の剣	https://www.aicarddass.com/zenonzard/images/cardlist/cards/green_00_01_02c_02.png?v=20201113	base_minion	ベース・ミニオン	green	緑		EXCODE:02C SAO	9	アイテム|ソード	E					
green_00_01_02r_00	green	「苔精」チャッチャラクー	Chachalka - The Moss Sprite				《付与能カ》【相手のターン\n自分のプレイヤーにダメージを与えられるたび、こ\nのミニオンをアクティブにする。\nRＡＲE	Boost: Green\n<Boost Ability> [On Your Opponent's\nTurn]\nWhenever damage is dealt to your Life,\nthis minion enters the Active State.					ocr	559	「苔精」チャッチャラクー	https://www.aicarddass.com/zenonzard/images/cardlist/cards/green_00_01_02r_00.png?v=20201113	base_minion	ベース・ミニオン	green	緑		PC:02R DIVINE	10	ニンフ	R					
green_00_01_02r_01	green	「泉精」ファウ	Kascade - The Fountain Sprite				《ベース》\n【配置時】\n相手のコスト5以上のミニオン1体をレストする。	/<<Base> [When Placed]\nPut one of your opponent's minions with\na cost of 5 or higher in the Rest state\nBoost:Green + Cost 6 or Higher					ocr	560	「泉精」ファウ	https://www.aicarddass.com/zenonzard/images/cardlist/cards/green_00_01_02r_01.png?v=20201113	base_minion	ベース・ミニオン	green	緑		PC:02R DIVINE	10	ニンフ	E					
green_00_01_EX02_00	green	金木犀のフェアリー	Fairy of the Osmanthus				【常時】\nこのミニオンはブロックできない。\n《ベース》\n【配置時】\nフィールドに自分の種族「ソード」を持つミニオン\nが2体以上いる場合、自分のプレイヤーを1回復す	[Passive]\nThis minion cannot block.\n<Base> [When Placed]\nIf you have two or more minions on the\nfield belonging to the Sword class, restore 1\nLife point.					ocr	570	金木犀のフェアリー	https://www.aicarddass.com/zenonzard/images/cardlist/cards/green_00_01_EX02_00.png?v=20201113	base_minion	ベース・ミニオン	green	緑		EX:02 幻影の剣士	7	ソード	C					
green_00_01_EX02_01	green	霊樹の神剣	Arbor - The Mystical Saber				《付与能力》\n【アタック時】\nこのターン中、相手のレスト状態であるミニオン1\n体をBP-400する。	Boost: Cost 4 or Higher\n<Boost Ability> [When Attacking]\nSelect one of your opponent's minions\nthat is in the Rest State to lose -400BP for\nthe duration of this turn.					ocr	571	霊樹の神剣	https://www.aicarddass.com/zenonzard/images/cardlist/cards/green_00_01_EX02_01.png?v=20201113	base_minion	ベース・ミニオン	green	緑		EX:02 幻影の剣士	7	アイテム|ソード	R					
green_00_01_EX02_02	green	青刃アイスブレイド	Glacier - The Sapphire Saber				《付与能力》\n【アタック時】\n相手の有色のミニオン1体をレストする。	Boost: Sword Cost 4 or Higher\n<Boost Ability> [When Attacking]\nPut one of your opponent's Color Minions\nin the Rest State.					ocr	572	青刃アイスブレイド	https://www.aicarddass.com/zenonzard/images/cardlist/cards/green_00_01_EX02_02.png?v=20201113	base_minion	ベース・ミニオン	green	緑		EX:02 幻影の剣士	7	アイテム|ソード	E					
green_01_01_03_00	green	モルフェオ「ラクーン」	Morpheo Raqun	1			【破壊時】\n自分の種族「エヴォーカー」を持つ、緑または無色\nのマナがある場合、緑マナ1つをレスト状態でベー\nスに置く。\n【常時】\nこのミニオンはベースに移動するとき、レスト状態\nで移動する。	[When Destroyed]\nIf you have Green or Neutral Mana\nbelonging to the Evoker class in your base, place one\nGreen Mana into your base in the Rest State\n[Passive]\nThis minion enters the Rest State when it\nmoves to your base.					ocr	591	モルフェオ「ラクーン」	https://www.aicarddass.com/zenonzard/images/cardlist/cards/green_01_01_03_00.png?v=20201113	field_minion	フィールド・ミニオン	green	緑	1	PC:03 EVOLVE	8	モルフェオ	R					
green_01_01_05_00	green	獣人シャムム	Werecat	1			【常時】\nこのミニオンはベースに移動するとき、レスト状態\nで移動する。	Chain: Tribal\n[Passive]\nThis minion enters the Rest State when it\nmoves to the base.					ocr	594	獣人シャムム	https://www.aicarddass.com/zenonzard/images/cardlist/cards/green_01_01_05_00.png?v=20201113	field_minion	フィールド・ミニオン	green	緑	1	PC:05 GLORY	2	トライブ	C					
green_01_01_EX03_00	green	ダンデラビット	Danderabbit	1			【召喚時】\n他の自分の[加護]が付与されていない、種族\nBS」を持つミニオン1体に「コア」1つを付与する。\n【常時】\nこのミニオンはベースに移動するとき、\nレスト状態\nで移動する。	[When Summoned]\nSelect one of your other minions\nbelonging to the BS class that has not received\n{Boost} to receive a Core.\n[Passive]\nThis minion enters the Rest State when it\nmoves to the base.					ocr	592	ダンデラビット	https://www.aicarddass.com/zenonzard/images/cardlist/cards/green_01_01_EX03_00.png?v=20201113	field_minion	フィールド・ミニオン	green	緑	1	EX:03 Battle Spirits	5	BS	C					
green_01_01_EX03_01	green	マッハジー	MachG	1			【自分の夕\nこのミニオンは移動できない。	Swoop\n[On Your Turn]\nThis minion cannot move.					ocr	593	マッハジー	https://www.aicarddass.com/zenonzard/images/cardlist/cards/green_01_01_EX03_01.png?v=20201113	field_minion	フィールド・ミニオン	green	緑	1	EX:03 Battle Spirits	5	BS|モンスター	E					
green_01_02_01_00	green	モルフェオ「ラビィ」	Morpheo Bun	1	200	0	【常時】\n自分の「デメテーの村娘」が置かれるたび、自分のプレイヤーを1回復する。\n【常時】\nこのミニオンはベースに移動するとき、レスト状態で移動する。	[Passive]\nWhenever a Village Girl of Demete card\nis placed into your base, restore 1 Life\npoint.\n[Passive]\nThis minion enters the Rest State when it\nmoves to the base.	AWAKEN				gamerch	589	モルフェオ「ラビィ」	https://www.aicarddass.com/zenonzard/images/cardlist/cards/green_01_02_01_00.png?v=20201113	field_minion	フィールド・ミニオン	green	緑	1	PC:01 AWAKEN	14	モルフェオ	C					
green_01_02_02_00	green	ツパ=チョカ	Treeshrew Choka	1(緑1)	200	0	【加護時】\nこのミニオンにDP+1を付与する。\n【常時】\nこのミニオンはベースに移動するとき、レスト状態で移動する。	[When Boosted]\nThis minion receives +1DP.\n[Passive]\nThis minion enters the Rest State when it\nmoves to the base.	CONTRACT				gamerch	590	ツパ=チョカ	https://www.aicarddass.com/zenonzard/images/cardlist/cards/green_01_02_02_00.png?v=20201113	field_minion	フィールド・ミニオン	green	緑	1	PC:02 CONTRACT	11	ビースト	R					
green_01_02_03_00	green	マジックブースト	Magic Boost	1			（メイン】ノ【フラッシュ】\nこのターン中、自分のミ二オン1体を、自分の緑マ\nナ1つ毎にBP+100する。	[Main]/[Flash]\nSelect one of your minions. For each\nGreen Mana in your base, that minion gains\n+100BP for the duration of the turn.					ocr	599	マジックブースト	https://www.aicarddass.com/zenonzard/images/cardlist/cards/green_01_02_03_00.png?v=20201113	magic	マジック	green	緑	1	PC:03 EVOLVE	8		C					
green_01_02_04_00	green	ブリガンテの要撃	Pregator's Ambush	1			【メイン]\n相手のレスト状態であるミニオン1体にBP-300を\n付与する。自分の種族「ビースト」を持つミ二オン\nがいる場合、さらに、そのミニオンをアクティブに\nして、このターン中、そのミニオンは必ずブロック\nする。	[Main]\nDeal -300BP to one of your opponent's\nminions that is in the Rest State. If you have a minion belonging to the Beast class on your field, the selected minion enters the Active State\nand must block during this turn.					ocr	600	ブリガンテの要撃	https://www.aicarddass.com/zenonzard/images/cardlist/cards/green_01_02_04_00.png?v=20201113	magic	マジック	green	緑	1	PC:04 FORBIDDEN	6		C					
green_01_02_04_01	green	ジャックの第1魔法：グロウ	Jak's Spells, Entry 1: Growth	1			【メイン】\n自分はデッキの中から「「翠色の魔術師」ジャッ\nク以外の緑のベース・三ニオンカード1枚を公開し\nて手札に加えることができる。その後、自分のデッ\nキをシャッフルし、このカードを除外して「ジャッ\nクの第2魔法：ミスト」1枚を手札に加える。	"“This card is part of of the Arcana class.\n[Main]\nYou can search your deck for a Green Base\nMinion that is not named ""Jak - The Green\nWizard"", reveal it to va Opponent, and add it\nto you your hand. Then, shuffle your deck,\nbanish this card, and add one ""Jak's Spells, Entry: Mist"" to your hand."					ocr	601	ジャックの第1魔法：グロウ	https://www.aicarddass.com/zenonzard/images/cardlist/cards/green_01_02_04_01.png?v=20201113	magic	マジック	green	緑	1	PC:04 FORBIDDEN	6		R					
green_01_02_04_02	green	ウィップの第1魔法：ヒール	Lashly's Spells, Entry 1: Rejuvenate	1			【メイン】\n自分のプレイヤーを1回復する。その後、このカ\nグ」１枚を手札に加える。	"This card is part of the Arcana class.\n[Main]\nRestore 1 Life point. Then, banish this\ncard and add one ""Lashly's Spells, Entry 2: Topple"" to your hand."					ocr	602	ウィップの第1魔法：ヒール	https://www.aicarddass.com/zenonzard/images/cardlist/cards/green_01_02_04_02.png?v=20201113	magic	マジック	green	緑	1	PC:04 FORBIDDEN	6		E					
green_01_02_05_00	green	拳法の修行	Kenpo Training	1			【メイン】ノ【フラッシュ】\nこのターン中、自分の種族「トライブ」を持つミニ\nオン1体をBP+500する。自分のターンである場\n合、さらに、自分の移動権を１増やす。	[Main]/[Flash]\nSelect one of your minions belonging to\nthe Tribal class to gain +500BP for the\nduration of this turn. If it is your turn\nincrease your Movement by 1.					ocr	603	拳法の修行	https://www.aicarddass.com/zenonzard/images/cardlist/cards/green_01_02_05_00.png?v=20201113	magic	マジック	green	緑	1	PC:05 GLORY	2		C					
green_01_02_05_01	green	大獣斧 Lv1	Beastly Swing Lv.1	1			【メイン】\n自分のプレイヤーに「自分の種族「トライブ」を持\nつミ二オン全ては相手の効果で破壊または除外され\nない。」を付与する。この効果は重複しない。\n進化：このカードを手札から使用したとき\n「大獣斧」をLv2こする。	[Main] You receive the following effect (this effect cannot stack): Your minions belonging to the Tribal class\ncannot be destroyed or banished by your\nopponent's card effects.\nEvolve: Use this card from your hand\nBeastly Swing becomes Lv.2.					ocr	604	大獣斧 Lv1	https://www.aicarddass.com/zenonzard/images/cardlist/cards/green_01_02_05_01.png?v=20201113	magic	マジック	green	緑	1	PC:05 GLORY	2		L					
green_01_03_00_00	green	バインディングアイヴィ	Binding Ivy	1	-	-	【メイン】/【フラッシュ】\nミニオン1体かフォース1つをレストする。	[Main]/ [Flash] Put one minion or one Force in the Rest\nState.	Basic				gamerch	596	バインディングアイヴィ	https://www.aicarddass.com/zenonzard/images/cardlist/cards/green_01_03_00_00.png?v=20201113	magic	マジック	green	緑	1	ベーシック	15		Basic					
green_01_03_01_00	green	ヒーリング	Healing	1	-	-	【メイン】/【フラッシュ】\n自分のプレイヤーを1回復する。自分の種族「ツリーフォーク」を持つミニオンがいる場合、自分はカードを1枚引く。	[When Summoned]\nRestore 1 Life point.	AWAKEN				gamerch	595	ヒーリング	https://www.aicarddass.com/zenonzard/images/cardlist/cards/green_01_03_01_00.png?v=20201113	magic	マジック	green	緑	1	PC:01 AWAKEN	14		C					
green_01_03_01r_00	green	フォーリングロック	Falling Rock	1			【メイン】\nレスト状態であるBP400以下のミニオン1体を破壊する。	[Main] Destroy a minion with 400BP or lower that is in the Rest State.	BEYOND				gamerch	597	フォーリングロック	https://www.aicarddass.com/zenonzard/images/cardlist/cards/green_01_03_01r_00.png?v=20201113	magic	マジック	green	緑	1	PC:01R BEYOND	12		C					
green_01_03_02r_00	green	マイナーヒール	Minor Aid	1			【メイン】ノ【フラッシュ】\n自分のプレイヤーを1回復する。相手のミニオンが\n4体以上である場合、代わりに3回復する。	[Main]/ [Flash] Restore 1 Life point. If your opponent has four or more minions on the field, then restore 3 points instead.					ocr	598	マイナーヒール	https://www.aicarddass.com/zenonzard/images/cardlist/cards/green_01_03_02r_00.png?v=20201113	magic	マジック	green	緑	1	PC:02R DIVINE	10		C					
green_02_00_06_00	green	獣人ゼブラ	Werezebra	9+			【進擊時】\n他の自分の種族「トライブ」を持つミニオンがいる\n場合、自分のプレイヤーを1回復する。\n【常時】\n自分のマナが3つ以上ある場合、このミニオンを\nBP+300する。	[When Advancing]\nIf you have another minion belonging to the Tribal class on your field, restore 1 Life point.\n[Passive]\nIf there are three or more mana in your<Base>, this minion gains +300BP.		PC:06 HELIX	Common		ocr	751	獣人ゼブラ	https://www.aicarddass.com/zenonzard/images/cardlist/cards/green_02_00_06_00.png?v=20201113	base_minion	ベース・ミニオン	green	緑	9+	PC:06 HELIX	1	トライブ	C					
green_02_00_06_01	green	「森の幻影」獣人ギンロウ	Werehusky - Forest Phantom	4			《ペス》【配置時】\n自分の種族トライブ」を持つマナが（このマナを含めて）3つ以上の場合、\n自分の移動権を1增やす。\n【進整時】\n自分のデッキを上から2枚見て、その中の種族「トブ」を持つニオン\nカード1枚公開して手札に加る。残りンダにッキの下に戻す。\n【常時】\nこのニは、相手のースニーでいニンにはロツ\nクない。このニオンは、相手のース・ニオンーであミニ才\nンだけロックできる。	<Base> [When Placed]\nIf you have three or more mana belonging to the Tribal class in\nyour base (including this one), increase your Movement by 1.\n[When Advancing]\nLook at the top two cards of your deck and select one minion\nbelonging to the Tribal class. Reveal it to your opponent and add it\nto your hand. Put the rest back on the bottom of your deck in\nrandom order.\n[Passive]\nThis minion can only block and be blocked by Base Minions.					ocr	688	「森の幻影」獣人ギンロウ	https://www.aicarddass.com/zenonzard/images/cardlist/cards/green_02_00_06_01.png?v=20201113	base_minion	ベース・ミニオン	green	緑	4	PC:06 HELIX	1	トライブ	L					
green_02_01_03_00	green	デメテーの秘術師	Manipulator of Demete	2			《べ\nこのマナで種族「アルカナ」を持つカードのコスト\nを支払うとき、緑コスト2マナ分支払える。	<Base>\nWhen paying for the mana cost of a card\nbelonging to the Arcana class, this card\ncan act as two Green Mana.					ocr	611	デメテーの秘術師	https://www.aicarddass.com/zenonzard/images/cardlist/cards/green_02_01_03_00.png?v=20201113	field_minion	フィールド・ミニオン	green	緑	2	PC:03 EVOLVE	8	エルフ	C					
green_02_01_04_00	green	「デメテーの姉妹」シャーリー	Demete Sisters - Sharlie	2			【アタック時】\n相手のコスト3以下のミニオン1体をレストする。	[When Attacking]\nPut one of your opponent's minions with\na cost of 3 or lower in the Rest State.					ocr	614	「デメテーの姉妹」シャーリー	https://www.aicarddass.com/zenonzard/images/cardlist/cards/green_02_01_04_00.png?v=20201113	field_minion	フィールド・ミニオン	green	緑	2	PC:04 FORBIDDEN	6	エルフ	C					
green_02_01_05_00	green	モルフェオ「コリー」	Morpheo Colly	2			【召喚時】\n自分はデッキの中から種族「トライブ」を持つベー\nス・ミニオンカード1枚を公開して手札に加えるこ\nとができる。その後、自分のデッキをシャッフルす	[When Summoned]\nYou can search your deck for a <Base>\nMinion card belonging to the Tribal class\nreveal it to your opponent and add it to your\nhand. Then, shuffle your deck.					ocr	618	モルフェオ「コリー」	https://www.aicarddass.com/zenonzard/images/cardlist/cards/green_02_01_05_00.png?v=20201113	field_minion	フィールド・ミニオン	green	緑	2	PC:05 GLORY	2	モルフェオ	E					
green_02_01_05_01	green	デメテーの巫師	Master Shaman of Demete	2			《ベース》\n自分が「凱のフォース“ミノタウロス”」を選んでい\nる場合、このマナで種族「エルフ」または「レギオ\nン」を持つフィールド・ミニオンカードのコストを\n支払うとき、緑コスト2マナ分支払える。	<Base>\nIf you have chosen the Force of Triumph\n- Minotaur, this card can act as two Green\nMana when paying the mana cost of\nField Minion belonging to the Elf or Legion\nclass.					ocr	619	デメテーの巫師	https://www.aicarddass.com/zenonzard/images/cardlist/cards/green_02_01_05_01.png?v=20201113	field_minion	フィールド・ミニオン	green	緑	2	PC:05 GLORY	2	エルフ|レギオン	R					
green_02_01_EX03_00	green	メイパロット	Maparrot	2			【召喚時】\n自分の手札にある種族「カードバトラー」を持つ\nベース・ミニオンカード1枚を、レスト状態でベース\nに置くことができる。その後、置かれたマナの【配\n置時】効果を発揮させる。	[When Summoned]\nYou can place a Base Minion belonging to\nthe Card Battler class from your hand\ninto your base. [When Placed] abilities of the\nplaced minion will activate.					ocr	615	メイパロット	https://www.aicarddass.com/zenonzard/images/cardlist/cards/green_02_01_EX03_00.png?v=20201113	field_minion	フィールド・ミニオン	green	緑	2	EX:03 Battle Spirits	5	BS|ウイング	C					
green_02_01_EX04_00	green	仮面ライダーW サイクロンジョーカー	Masked Ninja - Terra Form	2			【自分のターン】\nこのミニオンがダメージを与えるたび、種族「仮\n面」を持つ緑のミ二オンに変身できる。\n【自分の夕\nこのミニオンがレスト状態である場合、このミニオ\nンは相手の効果で選択できない。	[On Your Turn]\nWhenever this minion deals damage, it can\nMorph into a Green Minion belonging to the\nMask class.\n[On Your Turn]\nIf this minion is in the Rest State, it cannot\nbe selected as a target for your opponent's\neffects.					ocr	616	仮面ライダーW サイクロンジョーカー	https://www.aicarddass.com/zenonzard/images/cardlist/cards/green_02_01_EX04_00.png?v=20201113	field_minion	フィールド・ミニオン	green	緑	2	EX:04 KAMEN RIDER	4	仮面	R					
green_02_01_EX04c_00	green	仮面忍 地ノ型		2			【自分のターン】\nこのミニオンがダメージを与えるたび、種族「仮\n面」を持つ緑のミ二オンに変身できる。\n【自分のター\nこのミニオンがレスト状態である場合、このミニオ\nンは相手の効果で選択できない。						ocr	617	仮面忍 地ノ型	https://www.aicarddass.com/zenonzard/images/cardlist/cards/green_02_01_EX04c_00.png?v=20201113	field_minion	フィールド・ミニオン	green	緑	2	EX:04 HEROIC_MASQUERADE	3	仮面	R					
green_02_02_00_00	green	「盲目の風読み」メリエルナ	Marielna - Master of the Wind	2	300	0	【召喚時】\n自分の手札にある緑のベース・ミニオンカード1枚を、レスト状態で置くことができる。	[When Summoned]\nYou can place a Green Base Minion card\nfrom your hand into your base in the Rest\nState. ([When Placed] abilities will not\nactivate.)	Basic				gamerch	605	「盲目の風読み」メリエルナ	https://www.aicarddass.com/zenonzard/images/cardlist/cards/green_02_02_00_00.png?v=20201113	field_minion	フィールド・ミニオン	green	緑	2	ベーシック	15	エルフ	Basic					
green_02_02_00_01	green	マーチャルーカ	Marchalluka	2	300	1	効果なし		Basic				gamerch	606	マーチャルーカ	https://www.aicarddass.com/zenonzard/images/cardlist/cards/green_02_02_00_01.png?v=20201113	field_minion	フィールド・ミニオン	green	緑	2	ベーシック	15	トライブ	Basic					
green_02_02_01r_00	green	ローレルツォーク	Laurel Treewalker	2	200	1	【後退時】\n自分の緑マナ1つをアクティブにする。	<Base> [When Retreating]\nPut one of your Green Mana in the Active\nState.	BEYOND				gamerch	607	ローレルツォーク	https://www.aicarddass.com/zenonzard/images/cardlist/cards/green_02_02_01r_00.png?v=20201113	field_minion	フィールド・ミニオン	green	緑	2	PC:01R BEYOND	12	ツリーフォーク	C					
green_02_02_02c_00	green	「初等練士」ティーゼ		2			【召喚時】\nスイッチ：「氷剣」\n他の自分の種族「ソード」を持つミニオンがいる場\n合、自分の種族「アイテム」を持つマナ1つをアク\nティブにする。						ocr	610	「初等練士」ティーゼ	https://www.aicarddass.com/zenonzard/images/cardlist/cards/green_02_02_02c_00.png?v=20201113	field_minion	フィールド・ミニオン	green	緑	2	EXCODE:02C SAO	9	ソード	C					
green_02_02_02c_03	green	シャーロット		2			【ブロック時】\nこのミニオンにBP+100を付与する。						ocr	609	シャーロット	https://www.aicarddass.com/zenonzard/images/cardlist/cards/green_02_02_02c_03.png?v=20201113	field_minion	フィールド・ミニオン	green	緑	2	EXCODE:02C SAO	9	ソード	C					
green_02_02_02r_00	green	スロース・キーパー	Sloth's Keeper	2			【常時】\nお互いの手札にある無色のフィールド・ミ二オン\nカードのフリーコストを1増やす。\n【破壊時】\n相手のフォース1つをレストする。	[Passive]\nIncrease the basic cost of Neutral Field\nMinion cards in both hands by 1.\n[When Destroyed]\nPut one of your opponent's Forces in the\nRest State.					ocr	608	スロース・キーパー	https://www.aicarddass.com/zenonzard/images/cardlist/cards/green_02_02_02r_00.png?v=20201113	field_minion	フィールド・ミニオン	green	緑	2	PC:02R DIVINE	10	トライブ	R					
green_02_02_04_00	green	縛壊	Restrain and Rip	2			【フラッシュ】\nこのターン中、自分のプレイヤーに「自分のプレイ\nヤーに相手のミニオンからDPによるダメージが与\nえられるたぴ、そのミニオンを破壊する。」を与え	[Flash]\nFor the duration of this turn, you receive\nthe following effect:\nIf your opponent's minion deals DP damage to your Life, that minion is destroyed.					ocr	627	縛壊	https://www.aicarddass.com/zenonzard/images/cardlist/cards/green_02_02_04_00.png?v=20201113	magic	マジック	green	緑	2	PC:04 FORBIDDEN	6		C					
green_02_02_04_01	green	ジャックの第2魔法：ミスト	Jak's Spells, Entry 2: Mist	2			このカードは種族「アルカナ」を持つ。\n次の相手のターン終了時まで、自分のプレイヤーに\n与えられるダメージを1軽減する。その後、この\nト」１枚を手札に加える。	This card is part of the Arcana class.\n[Main] Damage dealt to your Life is reduced by 1\nuntil the end of your opponent's turn. Then, banish this card and add one Jak's\nSpells, Entry 3: Harvest to your hand.					ocr	628	ジャックの第2魔法：ミスト	https://www.aicarddass.com/zenonzard/images/cardlist/cards/green_02_02_04_01.png?v=20201113	magic	マジック	green	緑	2	PC:04 FORBIDDEN	6		R					
green_02_02_EX02_00	green	「従者」マニー	Harriet - The Attendant	2			【召喚時】&\nスイッチ：「氷剣」\n他の自分の種族「ソード」を持つミニオンがいる場\n合、自分の種族「アイテム」を持つマナ1つをアク\nティブにする。	[When Summoned] & Switch: Frozen Blade\nIf you have another minion belonging to\nthe Sword class on the field, select one of\nyour mana belonging to the Sword class to\nenter the Active State.					ocr	613	「従者」マニー	https://www.aicarddass.com/zenonzard/images/cardlist/cards/green_02_02_EX02_00.png?v=20201113	field_minion	フィールド・ミニオン	green	緑	2	EX:02 幻影の剣士	7	ソード	C					
green_02_02_EX02_03	green	コケグモ	Moss Spider	2			【ブロック時】\nこのミニオンにBP+100を付与する。	[When Blocking]\nThis minion receives +100BP.					ocr	612	コケグモ	https://www.aicarddass.com/zenonzard/images/cardlist/cards/green_02_02_EX02_03.png?v=20201113	field_minion	フィールド・ミニオン	green	緑	2	EX:02 幻影の剣士	7	ソード	C					
green_02_02_EX03_00	green	グラストラップ	Grass Trap	2			【メインノフラッシュ】\n相手のミニオン1体か相手のフォース1つをレスト\nする。それは次のスタンバイフェイズ終了時までア\nクティブにならない。	[Main]/ [Flash]\nPut one of your opponent's minions or\none of their Forces in the Rest State. The target cannot return to the Active State until the end of the of the next Standby Phase.					ocr	629	グラストラップ	https://www.aicarddass.com/zenonzard/images/cardlist/cards/green_02_02_EX03_00.png?v=20201113	magic	マジック	green	緑	2	EX:03 Battle Spirits	5		R					
green_02_02_EX04_00	green	ジョーカーエクストリーム	Twin Strike	2			【メインノフラッシュ】\n相手のミニオン1体か相手のフォース1つをレスト\nする。\n《トラッシュ》\n自分のミニオンが変身するたび、このカードを手札\nに戻す。この効果は重複しない。	: [Main]/ [Flash]\nPut one of your opponent's minions or one of their Forces in the Rest State.\n<Trash> Whenever one of your minions Morphs,\nreturn this card to your hand. This effect\ncannot stack.					ocr	630	ジョーカーエクストリーム	https://www.aicarddass.com/zenonzard/images/cardlist/cards/green_02_02_EX04_00.png?v=20201113	magic	マジック	green	緑	2	EX:04 KAMEN RIDER	4		E					
green_02_02_EX04c_00	green	双身撃		2			【メイン】ノ【フラッシュ】\n相手のミニオン1体か相手のフォース1つをレスト\nする。\n《トラッシュ》\n自分のミニオンが変身するたび、このカードを手札\nに戻す。この効果は重複しない。						ocr	631	双身撃	https://www.aicarddass.com/zenonzard/images/cardlist/cards/green_02_02_EX04c_00.png?v=20201113	magic	マジック	green	緑	2	EX:04 HEROIC_MASQUERADE	3		E					
green_02_03_01_00	green	ウォールオブエアー	Aero Wall	2	-	-	【フラッシュ】\nこのターン中、自分のプレイヤーに与えられるダメージを1軽減する。	Damage dealt to your Life is reduced by 1 for the duration of this turn.	AWAKEN				gamerch	621	ウォールオブエアー	https://www.aicarddass.com/zenonzard/images/cardlist/cards/green_02_03_01_00.png?v=20201113	magic	マジック	green	緑	2	PC:01 AWAKEN	14		R					
green_02_03_01r_00	green	トーンダウン	Tone Down	2			【フラッシュ】\nこのターン中、相手のミニオン1体のDPを0にする。	[Flash] Reduce the DP of one of your opponent's minions to 0 for the duration of this turn.	BEYOND				gamerch	622	トーンダウン	https://www.aicarddass.com/zenonzard/images/cardlist/cards/green_02_03_01r_00.png?v=20201113	magic	マジック	green	緑	2	PC:01R BEYOND	12		C					
green_02_03_02_00	green	アニマ	Anima	2(緑1)			【メイン】\n自分はデッキの中から緑の種族「ニンフ」を持つベース・ミニオンカード1枚を、レスト状態でベースに置く。その後、自分のデッキをシャッフルする。	[On Your Turn]\nWhenever this minion deals damage, it\ncan Morph into a Blue Minion belonging to\nthe Mask class.\n[When Morphed]\nThis minion enters the Active State.	CONTRACT				gamerch	623	アニマ	https://www.aicarddass.com/zenonzard/images/cardlist/cards/green_02_03_02_00.png?v=20201113	magic	マジック	green	緑	2	PC:02 CONTRACT	11		C					
green_02_03_02c_00	green	アリスのお弁当		2			【メイン】ノ【フラッシュ】\nこのターン中、ミニオン1体をBP+300して、DP\nを0にする。						ocr	625	アリスのお弁当	https://www.aicarddass.com/zenonzard/images/cardlist/cards/green_02_03_02c_00.png?v=20201113	magic	マジック	green	緑	2	EXCODE:02C SAO	9		C					
green_02_03_02r_00	green	ビースト・スタンピード	Beast Stampede	2			【フラッシュ】\nこのターン中、自分の緑のミニオン全てをBP+\n300する。	All of your Green minions gain +300BP for the duration of this turn.					ocr	624	ビースト・スタンピード	https://www.aicarddass.com/zenonzard/images/cardlist/cards/green_02_03_02r_00.png?v=20201113	magic	マジック	green	緑	2	PC:02R DIVINE	10		R					
green_02_03_EX02_00	green	ランチタイム	Lunchtime	2			【メインノ【フラッシュ】\nこのターン中、ミニオン1体をBP+300して、DP\nを0にする。	[Main] / [Flash]\nSelect one minion. For the duration of\nthis turn, it gains +300BP and has its DP\nreduced to 0.					ocr	626	ランチタイム	https://www.aicarddass.com/zenonzard/images/cardlist/cards/green_02_03_EX02_00.png?v=20201113	magic	マジック	green	緑	2	EX:02 幻影の剣士	7		C					
green_03_01_03_00	green	グレイト・タイガー	Grand Tiger	3			【常時】\n相手のミニオンがフィールドに出るたび、\nこのター\nン中、そのミニオンをBP-100する。	Resurge\n[Passive]\nWhenever one of your opponent's\nminions enters the field, that minion loses\n-100BP for the duration of the turn.					ocr	642	グレイト・タイガー	https://www.aicarddass.com/zenonzard/images/cardlist/cards/green_03_01_03_00.png?v=20201113	field_minion	フィールド・ミニオン	green	緑	3	PC:03 EVOLVE	8	トライブ	C					
green_03_01_03_01	green	「デメテーの貴公子」アノーリオン	Anolian - Noble Youth of Demete	3			【召喚時】\n自分の有色のベース・ミニオンカードであるマナ1\nつと同じカド1枚を手札に加える。	[When Summoned]\nCreate a copy of one of your Color <Base>\nMinions in your base and add it to your\nhand.					ocr	643	「デメテーの貴公子」アノーリオン	https://www.aicarddass.com/zenonzard/images/cardlist/cards/green_03_01_03_01.png?v=20201113	field_minion	フィールド・ミニオン	green	緑	3	PC:03 EVOLVE	8	エルフ|ソード	L					
green_03_01_03_02	green	「ラバーの召喚獣」ユグシル Lv1	Yggsil - Of Amora Lv.1	3			進化：手札から「ツリーフォーク」が召喚されたとき	Evoive: Summon minion from the Treefolk class\nAmora - Conjurer of Wisdom Lv.1 and\nYggsil - Of Amora Lv.1 become Lv.2.					ocr	644	「ラバーの召喚獣」ユグシル Lv1	https://www.aicarddass.com/zenonzard/images/cardlist/cards/green_03_01_03_02.png?v=20201113	field_minion	フィールド・ミニオン	green	緑	3	PC:03 EVOLVE	8	アルカナ	R					
green_03_01_03_03	green	「ラバーの召喚獣」ユグシル Lv2	Yggsil - Of Amora Lv.2	3			【相手の夕\n自分のプレイヤーに与えられる種族「アルカナ」を\n持たないミニオンからのダメージを１軽減する。\n進化：手札から「ツリーフォーク」が召喚されたとき	Damage dealt to your life by minions not\nbelonging to the Arcana class is reduced\nby 1.\nEvoive: Summon minion from the Treefolk class\nAmora - Conjurer of Wisdom Lv.2 and\nYggsil - Of Amora Lv.2 become Lv.3					ocr	645	「ラバーの召喚獣」ユグシル Lv2	https://www.aicarddass.com/zenonzard/images/cardlist/cards/green_03_01_03_03.png?v=20201113	field_minion	フィールド・ミニオン	green	緑	3	PC:03 EVOLVE	8	アルカナ	R					
green_03_01_03_04	green	「ラバーの召喚獣」ユグシル Lv3	Yggsil - Of Amora Lv.3	3			【相手の夕\n自分のプレイヤーに与えられる種族「アルカナ」を\n持たないミニオンからのダメージを１軽減する。\n【常時】\n自分のコスト5以上のミニオン全てに[貫通]を与\nえる。	[On Your Opponent's Turn]\nDamage dealt to your life by minions not\nbelonging to the Arcana class is reduced\nby 1.\n[Passive]\nAll your minions with a cost of 5 or\nhigher gain the {Pierce} effect.					ocr	646	「ラバーの召喚獣」ユグシル Lv3	https://www.aicarddass.com/zenonzard/images/cardlist/cards/green_03_01_03_04.png?v=20201113	field_minion	フィールド・ミニオン	green	緑	3	PC:03 EVOLVE	8	アルカナ	R					
green_03_01_04_00	green	ベベレオーネ	Bebeleone	3			【召喚時】&【加護時】\n自分のデッキを上から3枚見て、その中のコスト5\n以上の緑のフィールド・ミニオンカード1枚を公開\nして手札に加える。残りをランダムにデッキの下に\n戻す。	[When Summoned] & [When Boosted]\nLook at the top three cards of your deck\nand select one Green Field Minion with\ncost of 5 or higher. Reveal it to your\nopponent and add it to your hand. Put the rest\nback on the bottom of your deck in\nrandom order.					ocr	648	ベベレオーネ	https://www.aicarddass.com/zenonzard/images/cardlist/cards/green_03_01_04_00.png?v=20201113	field_minion	フィールド・ミニオン	green	緑	3	PC:04 FORBIDDEN	6	ビースト	C					
green_03_01_05_00	green	獣人フォクシー	Werefox	3			【召喚時】\n自分はデッキの中から「大獣斧」1枚を公開して手\n札に加えることができる。その後、自分のデッキを\nシャッフルする。\n【進撃時】\n相手のミニオン1体をレストする。	"[When Summoned]\nYou can search your deck for one ""Beastly\nSwing"", reveal it to your opponent, and add it\nto your hand. Then, shuffle your deck.\n[When Advancing]\nPut one of your opponent's minions in the\nRest State."					ocr	655	獣人フォクシー	https://www.aicarddass.com/zenonzard/images/cardlist/cards/green_03_01_05_00.png?v=20201113	field_minion	フィールド・ミニオン	green	緑	3	PC:05 GLORY	2	トライブ	C					
green_03_01_06_00	green	モルフェオ「ジトラ」	Morpheo Tigra	5				Chain: White						704	モルフェオ「ジトラ」	https://www.aicarddass.com/zenonzard/images/cardlist/cards/green_03_01_06_00.png?v=20201113	field_minion	フィールド・ミニオン	green	緑	5	PC:06 HELIX	1	モルフェオ	C					
green_03_01_EX03_00	green	ゴクラクチョー	Gokurakucho	3			【召喚時】\n他の自分の[加護が付与されていない、種族「\nBS」を持つミ二オン1体に「コア」1つを付与する。	Swoop\n[When Summoned]\nSelect one of your other minions\nbelonging to the BS class that has not received\n{Boost} to receive a Core.					ocr	649	ゴクラクチョー	https://www.aicarddass.com/zenonzard/images/cardlist/cards/green_03_01_EX03_00.png?v=20201113	field_minion	フィールド・ミニオン	green	緑	3	EX:03 Battle Spirits	5	BS|ウイング	R					
green_03_01_EX03_01	green	エイプウィップ	Musha-Apewhip	3			【召喚時】\n自分は「コア」1つをレスト状態でベースに置く。\nその後、自分のマナ全てがレスト状態の場合、自分\nはカードを１枚引く。	[When Summoned]\nPlace one Core into your base in the Rest\nState. Then, if all of your mana is in the\nRest State, draw one card.					ocr	650	エイプウィップ	https://www.aicarddass.com/zenonzard/images/cardlist/cards/green_03_01_EX03_01.png?v=20201113	field_minion	フィールド・ミニオン	green	緑	3	EX:03 Battle Spirits	5	BS	E					
green_03_01_EX04_00	green	仮面ライダージョーカー	Masked Ninja - Thunderous Form	3			【自分の夕\nこのミニオンがダメージを与えるたび、種族「仮\n面」を持つ緑のミ二オンに変身できる。\n【変身時】\n緑マナ1つをベースに置く。	[On Your Turn]\nWhenever this minion deals damage, it\ncan Morph into a Green Minion belonging\nto the Mask class.\n[When Morphed]\nPlace one Green Mana into your base.					ocr	651	仮面ライダージョーカー	https://www.aicarddass.com/zenonzard/images/cardlist/cards/green_03_01_EX04_00.png?v=20201113	field_minion	フィールド・ミニオン	green	緑	3	EX:04 KAMEN RIDER	4	仮面	E					
green_03_01_EX04_01	green	仮面ライダーW ヒートメタル	Masked Ninja - Ignite Form	3			【自分の夕\nこのミニオンがダメージを与えるたび、種族「仮\n面」を持つ緑のミ二オンに変身できる。\n【アタック時】＆【変身時】\n相手のコスト3以下のミニオン1体をレストする。\n【自分のターン】\nこのミニオンは相手の効果で破壊されない。	[On Your Turn]\nWhenever this minion deals damage, it can Morph\ninto a Green Minion belonging to the Mask class.\n[When Attacking] & [When Morphed]\nor lower in the Rest State.\nPut one of your opponent's minions with a cost of 3\n[On Your Turn]\nThis minion cannot be destroyed by your opponent's\ncard effects.					ocr	652	仮面ライダーW ヒートメタル	https://www.aicarddass.com/zenonzard/images/cardlist/cards/green_03_01_EX04_01.png?v=20201113	field_minion	フィールド・ミニオン	green	緑	3	EX:04 KAMEN RIDER	4	仮面	C					
green_03_01_EX04c_00	green	仮面忍 轟ノ型		3			【自分の夕\nこのミニオンがダメージを与えるたび、種族「仮\n面」を持つ緑のミ二オンに変身できる。\n【変身時】\n緑マナ1つをベースに置く。						ocr	653	仮面忍 轟ノ型	https://www.aicarddass.com/zenonzard/images/cardlist/cards/green_03_01_EX04c_00.png?v=20201113	field_minion	フィールド・ミニオン	green	緑	3	EX:04 HEROIC_MASQUERADE	3	仮面	E					
green_03_01_EX04c_01	green	仮面忍 炎ノ型		3			【自分の夕\nこのミニオンがダメージを与えるたび、\n種族「仮\n面」を持つ緑のミ二オンに変身できる。\n【アタック時】&【変身時】\n相手のコスト３以下のミニオン１体をレストする。\n【自分のターン】\nこのミニオンは相手の効果で破壊されない。						ocr	654	仮面忍 炎ノ型	https://www.aicarddass.com/zenonzard/images/cardlist/cards/green_03_01_EX04c_01.png?v=20201113	field_minion	フィールド・ミニオン	green	緑	3	EX:04 HEROIC_MASQUERADE	3	仮面	C					
green_03_02_00_00	green	ペルチャルシー	Perchalsi	3	300	1	【常時】\n自分の緑マナが5つ以上ある場合、このミニオンをBP+200/DP+1する。	[Passive]\nIf you have four or more Green Mana\nthis minion gains +200BP/+1DP.\n[On Your Opponent's Turn]\nDamage dealt to your Life and your\nForces by Neutral Minions is reduced by 1.	Basic				gamerch	636	ペルチャルシー	https://www.aicarddass.com/zenonzard/images/cardlist/cards/green_03_02_00_00.png?v=20201113	field_minion	フィールド・ミニオン	green	緑	3	ベーシック	15	ビースト	Basic					
green_03_02_01_00	green	バリチャルグオ	Barichalgo	3	400	1	【相手のターン】\n自分のプレイヤーがコスト5以下の相手のミニオンにアタックされるたび、このミニオンをアクティブにする。	[On Your Opponent's Turn]\nWhenever your Life is attacked by one of\nyour opponent's minions with a cost of 5\nor lower, this minion enters the Active\nState.	AWAKEN				gamerch	633	バリチャルグオ	https://www.aicarddass.com/zenonzard/images/cardlist/cards/green_03_02_01_00.png?v=20201113	field_minion	フィールド・ミニオン	green	緑	3	PC:01 AWAKEN	14	トライブ	C					
green_03_02_01_01	green	アパウルツォーク	Apple Treewalker	3	300	1	【アタック時】\n相手のコスト4以下のミニオン1体をレストする。	[When Attacking]\nPut one of your opponent's minions with\na cost of 4 or lower in the Rest State.	AWAKEN				gamerch	634	アパウルツォーク	https://www.aicarddass.com/zenonzard/images/cardlist/cards/green_03_02_01_01.png?v=20201113	field_minion	フィールド・ミニオン	green	緑	3	PC:01 AWAKEN	14	ツリーフォーク	C					
green_03_02_01_02	green	「導きの戦乙女」ブリジット	Brigitte - The Warfare Pathfinder	3	400	1	［連携：緑］\n【自分のターン】\n他の自分のコスト5以上の緑のミニオンがフィールドに出るたび、自分はカードを1枚引く。	Chain: Green\n[On Your Turn]\nWhenever a Green Minion with a cost of 5\nor higher enters your field, draw one\ncard.	AWAKEN				gamerch	635	「導きの戦乙女」ブリジット	https://www.aicarddass.com/zenonzard/images/cardlist/cards/green_03_02_01_02.png?v=20201113	field_minion	フィールド・ミニオン	green	緑	3	PC:01 AWAKEN	14	エルフ	E					
green_03_02_01r_00	green	モルフェオ「スカーレル」	Morpheo Scarl	3	300	1	【自分のマナフェイズ】\n自分の「デメテーの村娘」が置かれるたび、自分はカードを1枚引く。この効果は重複しない。	"[During Your Mana Phase]\nWhenever you place a ""Village Girl of\nDemete"" card from hand to base, draw one\ncard. This effect cannot stack."	BEYOND				gamerch	637	モルフェオ「スカーレル」	https://www.aicarddass.com/zenonzard/images/cardlist/cards/green_03_02_01r_00.png?v=20201113	field_minion	フィールド・ミニオン	green	緑	3	PC:01R BEYOND	12	モルフェオ	R					
green_03_02_02_00	green	トゥハンサピ	Revered Sapi	3(緑1)	200	1	【常時】\nこのミニオンには条件を無視して［加護］を付与させることができる。	[Passive]\nThis minion can receive the Boost effect\nwhile ignoring any required conditions.	CONTRACT				gamerch	638	トゥハンサピ	https://www.aicarddass.com/zenonzard/images/cardlist/cards/green_03_02_02_00.png?v=20201113	field_minion	フィールド・ミニオン	green	緑	3	PC:02 CONTRACT	11	ビースト	C					
green_03_02_02_01	green	「太陽の竜巫女」クロエ	Chloe - Sorceress of Sunflares	3(緑1)	300	1	«ベース»\nこのマナで種族「ドラゴン」を持つ、緑または無色のフィールド・ミニオンカードのコストを支払うとき、緑コスト2マナ分支払える。	<Base>\nWhen paying for the mana cost of a Green\nor Neutral Field Minion belonging to the\nDragon class, this card can act as two\nGreen Mana.	CONTRACT				gamerch	639	「太陽の竜巫女」クロエ	https://www.aicarddass.com/zenonzard/images/cardlist/cards/green_03_02_02_01.png?v=20201113	field_minion	フィールド・ミニオン	green	緑	3	PC:02 CONTRACT	11	ヒューマノイド	R					
green_03_02_02c_00	green	「初等練士」ロニエ		3			【召喚時】\nスイッチ：「黒の剣士」\n自分の手札にある種族「アイテム」を持つベース・\nミニオンカード1枚を、ベースに置くことができ\nる。（【配置時】効果は発揮しない。）						ocr	641	「初等練士」ロニエ	https://www.aicarddass.com/zenonzard/images/cardlist/cards/green_03_02_02c_00.png?v=20201113	field_minion	フィールド・ミニオン	green	緑	3	EXCODE:02C SAO	9	ソード	C					
green_03_02_02r_00	green	エルフ・シャーマン	Elf Shaman	3			【召喚時】\n「トーンダウン」1枚を手札に加える。\n(ゲーム外\nから手札に加える）	"[When Summoned]\nAdd one ""Tone Down"" to your hand.\n(This is added from outside of the game.)"					ocr	640	エルフ・シャーマン	https://www.aicarddass.com/zenonzard/images/cardlist/cards/green_03_02_02r_00.png?v=20201113	field_minion	フィールド・ミニオン	green	緑	3	PC:02R DIVINE	10	エルフ	C					
green_03_02_04_00	green	ジャックの第3魔法：ハーベスト	Jak's Spells, Entry 3: Harvest	3			【メイン】\n自分はデッキの中からコスト7以上の、緑または無\n色のフィールド・ミニオンカード1枚を公開して手\n札に加えることができる。その後、自分のデッキを\nシャッフルし、このカードを除外する。	This card is part of the Arcana class.\n[Main]\nYou can search your deck for a Green or\nNeutral Field Minion with a cost of 7 or higher, reveal it to your opponent, and add\nit to your hand. Then, shuffle your deck,\nand banish this card.					ocr	662	ジャックの第3魔法：ハーベスト	https://www.aicarddass.com/zenonzard/images/cardlist/cards/green_03_02_04_00.png?v=20201113	magic	マジック	green	緑	3	PC:04 FORBIDDEN	6		R					
green_03_02_05_00	green	竜の妨害	Draconic Disruption	3			【メイン」ノ【フラッシュ)】\n相手のミニオンまたは相手のフォースを2つまでし\nストする。	This card's Green Mana cost can be paid\nusing mana belonging to the Legion class.\n[Main]/ [Flash]\nSelect up to two of your opponent's minions/Forces to put in the Rest State.					ocr	665	竜の妨害	https://www.aicarddass.com/zenonzard/images/cardlist/cards/green_03_02_05_00.png?v=20201113	magic	マジック	green	緑	3	PC:05 GLORY	2		R					
green_03_02_EX02_00	green	「従者」エリゼ	Elize - The Attendant	3			【召喚時】\nスイッチ：「黒の剣士」\n自分の手札にある種族「アイテム」を持つベース・\nミニオンカード1枚を、ベースに置くことができ\nる。（【配置時】効果は発揮しない。)	Switch: Sable Knight\nYou can place a Base Minion belonging to\nthe Item class from your hand into your<Base>. ([When Placed] abilities will not\nactivate.)					ocr	647	「従者」エリゼ	https://www.aicarddass.com/zenonzard/images/cardlist/cards/green_03_02_EX02_00.png?v=20201113	field_minion	フィールド・ミニオン	green	緑	3	EX:02 幻影の剣士	7	ソード	C					
green_03_02_EX04_00	green	ビッカーファイナリュージョン	Aero Style - Whirlwind Slash	3			【メイン】ノフラッシュ】\n相手のBP400以下のミニオン全てをレストする。	[Main]/[Flash]\nPut all your opponent's minions with 400BP or lower into the Rest State.					ocr	663	ビッカーファイナリュージョン	https://www.aicarddass.com/zenonzard/images/cardlist/cards/green_03_02_EX04_00.png?v=20201113	magic	マジック	green	緑	3	EX:04 KAMEN RIDER	4		C					
green_03_02_EX04c_00	green	風遁 竜巻斬		3			【メイン】ノフラッシュ】\n相手のBP400以下のミニオン全てをレストする。						ocr	664	風遁 竜巻斬	https://www.aicarddass.com/zenonzard/images/cardlist/cards/green_03_02_EX04c_00.png?v=20201113	magic	マジック	green	緑	3	EX:04 HEROIC_MASQUERADE	3		C					
green_03_03_00_00	green	パワーアップル	Apple of Power	3	-	-	【メイン】/【フラッシュ】\nこのターン中、ミニオン1体をBP+300/DP+1して［貫通］を与える。	[Main]/ [Flash]\nOne minion gains +300BP/+1DP and the Pierce effect for the duration of this turn.	Basic				gamerch	657	パワーアップル	https://www.aicarddass.com/zenonzard/images/cardlist/cards/green_03_03_00_00.png?v=20201113	magic	マジック	green	緑	3	ベーシック	15		Basic					
green_03_03_01r_00	green	眠れる森の誘い	Sleepy Forest	3			【メイン】/【フラッシュ】\n相手のミニオン1体と相手のフォース全てをレストする。	[Main]/[Flash] Put one of your opponent's minions and all of their Forces in the Rest State.	BEYOND				gamerch	658	眠れる森の誘い	https://www.aicarddass.com/zenonzard/images/cardlist/cards/green_03_03_01r_00.png?v=20201113	magic	マジック	green	緑	3	PC:01R BEYOND	12		R					
green_03_03_02_00	green	フォレストガード	Forest Shield	3(緑2)			【メイン】/【フラッシュ】\n相手のレスト状態であるミニオン1体にBP-500を付与する。	[Main] / [Flash]\nDeal -500BP to one of your opponent's minions that is in the Rest State.	CONTRACT				gamerch	659	フォレストガード	https://www.aicarddass.com/zenonzard/images/cardlist/cards/green_03_03_02_00.png?v=20201113	magic	マジック	green	緑	3	PC:02 CONTRACT	11		R					
green_03_03_02c_00	green	エンハンス・アーマメント		3			【メイン】ノ【フラッシュ】\n相手のミニオン1体を選択する。そのミニオンが有\n色の場合、レストする。そのミニオンが無色の場\n合、破壊する。						ocr	660	エンハンス・アーマメント	https://www.aicarddass.com/zenonzard/images/cardlist/cards/green_03_03_02c_00.png?v=20201113	magic	マジック	green	緑	3	EXCODE:02C SAO	9		R					
green_03_03_EX02_00	green	ソウルエンチャントメント	Soul Enchantment	3			【メイン】ノ【フラッシュ】\n相手のミニオン1体を選択する。そのミニオンが有\n色の場合、レストする。そのミニオンが無色の場\n合、破壊する。	[Main] / [Flash]\nSelect one of your opponent's minions. If it's a Color Minion, put it in the Rest State.\nIf it's a Neutral Minion, destroy it.					ocr	661	ソウルエンチャントメント	https://www.aicarddass.com/zenonzard/images/cardlist/cards/green_03_03_EX02_00.png?v=20201113	magic	マジック	green	緑	3	EX:02 幻影の剣士	7		R					
green_04_00_06_00	green	獣人ブランベ	Werebear	2			【進撃時】\n他の自分の種族「トライブ」を持つミニオンがいる\n場合、相手のフォース1つをレストする。\n【常時】\n自分のマナが6つ以上ある場合、このミニオンを\nBP+400/DP+1する。	[When Advancing]:\nIf you have another minion belonging to the Tribal class on your field, put one of your opponent's Forces in the Rest State.\n[Passive]\nIf there are six or more mana in your<Base>, this minion gains +400BP/+1DP.					ocr	632	獣人ブランベ	https://www.aicarddass.com/zenonzard/images/cardlist/cards/green_04_00_06_00.png?v=20201113	base_minion	ベース・ミニオン	green	緑	2	PC:06 HELIX	1	トライブ	R					
green_04_01_03_00	green	「デメテーの見習い魔法使い」ピオン	Pion - Magician Trainee of Demete	4			【召喚時】\n相手のコスト3以下のミ二オン1体か相手のフォース1つをレストする\nそれは次の相手のスタンバイフェイズ終了時までアクティブにならな\n【常時】\nこのニオかク状でば[加は付与ない\n【加護時】\n緑の加護である場合、加しているマナを除外して、「「虹の魔術師」\nピオン」に変形する。\nEPIＣ	"[When Summoned]\nPut one of your opponent's minions or one of their Forces in the\nRest State. The minion must be cost 3 or lower. The target cannot\nreturn to the Active State until your opponent's next Standby Phase\n[Passive]\nThis minion cannot receive a {Boost} when notin the Active State\n[When Boosted]\nIf Boosted by a Green Mana, banish that mana. This card\nTransforms into ""Pion\nThe Rainbow Sorceress"""					ocr	672	「デメテーの見習い魔法使い」ピオン	https://www.aicarddass.com/zenonzard/images/cardlist/cards/green_04_01_03_00.png?v=20201113	field_minion	フィールド・ミニオン	green	緑	4	PC:03 EVOLVE	8	エルフ|ソード	E					
green_04_01_03_01	green	「虹の魔術師」ピオン	Pion - The Rainbow Sorceress	4			【変形時】\n緑マナ2つをレスト状態でベースに置く。\n相手のレスト状態である、コスト3以下のミニオン\n１体を破壊する。\nEＰIＣ	[When Transformed]\nPlace two Green Mana into your base in\nthe Rest State.\n[When Attacking]\nDestroy one of your opponent's minions\nwith a cost of 3 or lower that is in the Rest\nState.					ocr	673	「虹の魔術師」ピオン	https://www.aicarddass.com/zenonzard/images/cardlist/cards/green_04_01_03_01.png?v=20201113	field_minion	フィールド・ミニオン	green	緑	4	PC:03 EVOLVE	8	エルフ|ソード	E					
green_04_01_04_00	green	「秘法の戦乙女」ブリジット	Brigitte - The Concealed Warrior	4			【召喚時】\n自分の種族「エヴォーカ」を持つ緑マナが2つ以上ある\n場合、「ファーツォーク」1枚を手札に加える。このター\nン中、そのカードのフリーコストを2減らす。\n【自分のターン】\n他の自分のコスト5以上の、緑または無色のミニオンが\nフィードに出るび、その三ニオンにBP+200を付与\nし、自分は力一ドを１枚引く。この効果は重複しない。	[When Summoned]\nIf you have two or more Green Mana belonging to\nthe Evoker class in your base, add one Fir Treewalker\nto your hand. The basic cost of that card is reduced\nby 2 for the duration of this turn.\n[On Your Turn]\nWhenever a Green or Neutral Minion with a cost of 5\nor higher enters your field, that minion receives\n+200BP and you draw one card. This effect cannot stack					ocr	675	「秘法の戦乙女」ブリジット	https://www.aicarddass.com/zenonzard/images/cardlist/cards/green_04_01_04_00.png?v=20201113	field_minion	フィールド・ミニオン	green	緑	4	PC:04 FORBIDDEN	6	エルフ	L					
green_04_01_04_01	green	ラーマルーボ	Lamalupo	4			【召喚時】\n自分の種族「エヴォーカー」を持つマナ1つをアク\nティブにする。	[When Summoned] Select one of your mana belonging to the\nEvoker class to enter the Active State.					ocr	676	ラーマルーボ	https://www.aicarddass.com/zenonzard/images/cardlist/cards/green_04_01_04_01.png?v=20201113	field_minion	フィールド・ミニオン	green	緑	4	PC:04 FORBIDDEN	6	ビースト	C					
green_04_01_05_00	green	「一角獣王」獣人キングリオン	Leon - The Wereking	4			【常時】\n他の自分の種族「トライブ」を持つミニオン1体每に、\nこのミニオ\nンをBP+100/DP+1する。\n【常時】\n他の自分の種族「トイブ」を持つミニオンが2体以上いる場合、\nこのミニオンは[貫通を持つ。\n【自分の夕-\nーン】\n他の自分の種族「トライブ」を持つマナがフィールドに移動する\nたび、それを移動先でクティブにする。	[Passive]\nFor every other minion belonging to the Tribal class on\nyour field, this minion gains +100BP/+1DP.\n[Passive]\nIf you have two or more other minions belonging to the\nTribal class on your field, this minion gains the {Pierce} effect\n[On Your Turn]\nWhenever you move one of your minions belonging to the\nTribal class from the base to the field, they enter the\nActive State.					ocr	680	「一角獣王」獣人キングリオン	https://www.aicarddass.com/zenonzard/images/cardlist/cards/green_04_01_05_00.png?v=20201113	field_minion	フィールド・ミニオン	green	緑	4	PC:05 GLORY	2	トライブ	L					
green_04_01_EX03_00	green	木星神龍ノブナガード・ゼウシス	The JupiterDragonDeity Nobunagard-Zeuses	4			【自分のターン】\n自分の種族「ブレイヴ」と[加護〕を持つマナ全て\nは、レスト状態でも付与することができる。自分の種族\n「ブレイヴ」を持つ[加護]を付与するたび、自分の\n移動権を１增やす。この効果は重複しない。\n【アタック時】\n自分の[加護〕が付与されているミ二オン1体每に、\n相手のミニオン1体をレストする	[On Your Turn]\nAll mana with the {Boost} effect belonging to the Brave\nclass in your base can grant their effect even if they are in the\nRest State. Whenever one of your cards receives a {Boost}\nfrom one of your mana belonging to the Brave class\nincrease your Movement by 1. This effect cannot stack\n[When Attacking]\nFor each minion on your field that has received a {Boost}\nput one of your opponent's minions in the Rest State.					ocr	677	木星神龍ノブナガード・ゼウシス	https://www.aicarddass.com/zenonzard/images/cardlist/cards/green_04_01_EX03_00.png?v=20201113	field_minion	フィールド・ミニオン	green	緑	4	EX:03 Battle Spirits	5	BS|ソード	E					
green_04_01_EX04_00	green	仮面ライダーW ルナトリガー	Masked Ninja - Sharpshooter Form	4			【自分の夕\nこのミニオンがダメージを与えるたび、種族「仮\n面」を持つ緑のミ二オンに変身できる。\n【召喚時】&【変身時】\n自分はデッキの中から種族「仮面」と[加護]を持\nつ緑のベース・ミニオンカード1枚をレスト状態で\nベースに置く。その後、デッキをシャッフルする。	[On Your Turn]\nWhenever this minion deals damage, it can Morph\ninto a Green Minion belonging to the Mask class\n[When Summoned] & [When Morphed]\nSearch your deck for a Green Base Minion\nbelonging to the Mask class with the {Boost} effect, and\nplace it into your base in the Rest State. Then\nshuffle your deck.					ocr	678	仮面ライダーW ルナトリガー	https://www.aicarddass.com/zenonzard/images/cardlist/cards/green_04_01_EX04_00.png?v=20201113	field_minion	フィールド・ミニオン	green	緑	4	EX:04 KAMEN RIDER	4	仮面	C					
green_04_01_EX04c_00	green	仮面忍 銃ノ型		4			【自分のターン】\nこのミニオンがダメージを与えるたび、種族「仮\n面」を持つ緑のミ二オンに変身できる。\n【召喚時】&【変身時】\n自分はデッキの中から種族「仮面」と[加護]を持\nつ緑のベース・ミニオンカード1枚をレスト状態で\nベースに置く。その後、デッキをシャッフルする。						ocr	679	仮面忍 銃ノ型	https://www.aicarddass.com/zenonzard/images/cardlist/cards/green_04_01_EX04c_00.png?v=20201113	field_minion	フィールド・ミニオン	green	緑	4	EX:04 HEROIC_MASQUERADE	3	仮面	C					
green_04_02_01_00	green	オットルーボ	Ottolupo	4	500	2	［貫通］	Pierce	AWAKEN				gamerch	666	オットルーボ	https://www.aicarddass.com/zenonzard/images/cardlist/cards/green_04_02_01_00.png?v=20201113	field_minion	フィールド・ミニオン	green	緑	4	PC:01 AWAKEN	14	ビースト	C					
green_04_02_01_01	green	「神樹の守り手」ミリュイ	Millie - Celestial Tree Guard	4	600	1	【常時】\n自分がレストする能力によって対象を選ぶ場合、その対象の数を+1する。	[Passive]\nIf you select a target to put into the Rest\nState, select one more eligible target.	AWAKEN				gamerch	667	「神樹の守り手」ミリュイ	https://www.aicarddass.com/zenonzard/images/cardlist/cards/green_04_02_01_01.png?v=20201113	field_minion	フィールド・ミニオン	green	緑	4	PC:01 AWAKEN	14	エルフ	L					
green_04_02_02_00	green	モルフェオ「パピリオ」	Morpheo Papilio	4(緑2)	500	1	【常時】\n自分のデッキまたは手札から種族「ニンフ」を持つマナが置かれるたび、相手のレスト状態であるミニオン1体を破壊する。	[Passive]\nWhenever you place mana belonging to\nthe Nymph class from either your deck or\nhand into your base, destroy one of your\nopponent's minions that is in the Rest State	CONTRACT				gamerch	668	モルフェオ「パピリオ」	https://www.aicarddass.com/zenonzard/images/cardlist/cards/green_04_02_02_00.png?v=20201113	field_minion	フィールド・ミニオン	green	緑	4	PC:02 CONTRACT	11	モルフェオ	E					
green_04_02_02c_00	green	「上級修剣士」キリト		4			【相手の夕\n相手のミニオンがアタックするたぴ、このミニオン\nをアクティブにする。						ocr	671	「上級修剣士」キリト	https://www.aicarddass.com/zenonzard/images/cardlist/cards/green_04_02_02c_00.png?v=20201113	field_minion	フィールド・ミニオン	green	緑	4	EXCODE:02C SAO	9	黒の剣士|ソード	E					
green_04_02_02r_00	green	ルサロ・ヤカール	Lusaro Yacal	4			【相手の夕\n自分のプレイヤーに与えられる、コスト5以下のミ\nニオンからのDPによるダメージを1軽減する。	[On Your Opponent's Turn]\nThe DP damage dealt to your Life by\nminions with a cost of 5 or lower is reduced\nby 1.					ocr	669	ルサロ・ヤカール	https://www.aicarddass.com/zenonzard/images/cardlist/cards/green_04_02_02r_00.png?v=20201113	field_minion	フィールド・ミニオン	green	緑	4	PC:02R DIVINE	10	ビースト	C					
green_04_02_02r_01	green	アンジュ・ガイア	Anju of Gaia	4			【常時】\nこのミ二オンには条件を無視して[加護を付与させるこ\nとができる。\n【自分のターン終了時】\n自分のプレイヤーを1回復する。\n【加護時】\n緑以外の有色の加護である場合、加護しているマナを除外\nして、その色に応じた姿に大変身する	[Passive]\nThis minion can receive the {Boost} effect while\nignoring any required conditions.\n[At the End of Your Turn]\nRestore 1 Life point.\n[When Boosted]\nIf Boosted by a Color Mana that is not Green, banish\nthat mana. This card will Metamorphose according to\nthat color.					ocr	670	アンジュ・ガイア	https://www.aicarddass.com/zenonzard/images/cardlist/cards/green_04_02_02r_01.png?v=20201113	field_minion	フィールド・ミニオン	green	緑	4	PC:02R DIVINE	10	デミゴッド	L					
green_04_02_03_00	green	射撃訓練	Target Practice	4			【メインノ【フラッシュ】\n相手のレスト状態であるミニオン１体を破壊する。	You cannot activate this card during the\nFlash Phase unless you have a minion belonging to the Arcana class on the field.\n[Main] / [Flash]\nDestroy one of your opponent's minions\nthat is in the Rest State.					ocr	683	射撃訓練	https://www.aicarddass.com/zenonzard/images/cardlist/cards/green_04_02_03_00.png?v=20201113	magic	マジック	green	緑	4	PC:03 EVOLVE	8		E					
green_04_02_04_00	green	ウィップの第2魔法：トリッピング	Lashly's Spells, Entry 2: Topple	4			【メイン】\n相手のコストX以下のミニオン2体をレストする。その\nミニオンは次の相手のスタンバイフェイズ終了時まで\nアクティブにならない。Xは自分のプレイヤーのライ\nフと同じとする。その後、このカードを除外して「\n加える。\nＥＰIＣ	"This card is part of the Arcana class. [Main]\nPut two of your opponent's minions with a cost of X or lower into the Rest State, where X is equal to\nyour Life points. Those targets cannot return to the Active State until your opponents\nnext Standby. Phase. Then, banish this card and add one\n""Lashly's Spells, Entry 3: Finisher"" to your hand"					ocr	684	ウィップの第2魔法：トリッピング	https://www.aicarddass.com/zenonzard/images/cardlist/cards/green_04_02_04_00.png?v=20201113	magic	マジック	green	緑	4	PC:04 FORBIDDEN	6		E					
green_04_02_05_00	green	大獣斧 Lv2	Beastly Swing Lv.2	4			【メイン】\nこのターン中、自分の種族「トライブ」を持つミ二\nオン全てをBP+300/DP+1して[貫通]を与え\nる。その後、このカードを除外する。	[Main]\nAll your minions belonging to the Tribal\nClass gain +300BP/+1DP and the {Pierce}\neffect for the duration of this turn. Then\nbanish this card.					ocr	687	大獣斧 Lv2	https://www.aicarddass.com/zenonzard/images/cardlist/cards/green_04_02_05_00.png?v=20201113	magic	マジック	green	緑	4	PC:05 GLORY	2		L					
green_04_02_EX02_00	green	「森の剛刃」ソロ	Solo - Husky Dragon Blade	4			【相手の夕\n相手のミニオンがアタックするたび、\nこのミニオン\nをアクティブにする。	[On Your Opponent's Turn]\nWhenever one of your opponent's\nminions attacks, this minion enters the Active\nState.					ocr	674	「森の剛刃」ソロ	https://www.aicarddass.com/zenonzard/images/cardlist/cards/green_04_02_EX02_00.png?v=20201113	field_minion	フィールド・ミニオン	green	緑	4	EX:02 幻影の剣士	7	黒の剣士|ソード	E					
green_04_02_EX03_00	green	ハンドリバース	Hand Reverse	4			【メイン】\n自分の手札を全て破棄する。１枚以上破棄した場\n合、自分は相手の手札と同じ枚数になるように力ド\nを引く。	[Main]\nDiscard all of the cards in your hand. If you discarded one or more cards, you draw\nuntil you have the same amount of cards in your hand as your opponent.					ocr	685	ハンドリバース	https://www.aicarddass.com/zenonzard/images/cardlist/cards/green_04_02_EX03_00.png?v=20201113	magic	マジック	green	緑	4	EX:03 Battle Spirits	5		C					
green_04_02_EX03_01	green	ストームアタック	Storm Attack	4			【フラッシュ】\n相手のミニオン1体をレストする。その後、自分の\nミニオン1体をアクティブにする。	Cost Reduction: Green\n[Flash] Put one of your opponent's minions in the Rest State. Then, select one of your minions to enter the Active State.					ocr	686	ストームアタック	https://www.aicarddass.com/zenonzard/images/cardlist/cards/green_04_02_EX03_01.png?v=20201113	magic	マジック	green	緑	4	EX:03 Battle Spirits	5		E					
green_04_03_00_00	green	導きの紋章	Crest of Guidance	4	-	-	【メイン】\n自分はデッキの中から「デメテーの村娘」を2枚まで、レスト状態で置く。その後、自分のデッキをシャッフルする。	"[Main]\nSearch your deck for up to two ""Village\nGirl of Demete"" cards and place them into\nyour base in the Rest State. Then, shuffle\nyour deck"	Basic				gamerch	682	導きの紋章	https://www.aicarddass.com/zenonzard/images/cardlist/cards/green_04_03_00_00.png?v=20201113	magic	マジック	green	緑	4	ベーシック	15		Basic					
green_04_03_01_00	green	バインディングローズ	Binding Roses	4	-	-	【メイン】/【フラッシュ】\nミニオンまたはフォースを2つまでレストする。自分のターンである場合、それらは次の相手のスタンバイフェイズ終了時までアクティブにならない。	[Main]/[Flash]\nSelect up to two minions/Forces to put in\nthe Rest State. If it is your turn, those\ntargets cannot return to the Active State until your opponent's next Standby Phase.	AWAKEN				gamerch	681	バインディングローズ	https://www.aicarddass.com/zenonzard/images/cardlist/cards/green_04_03_01_00.png?v=20201113	magic	マジック	green	緑	4	PC:01 AWAKEN	14		C					
green_05_01_03_00	green	デメテーの射手	Archer of Demete	5			【召喚時】\n相手のミニオン1体をレストする。	Infiltrate\n[When Summoned]\nPut one of your opponent's minions in\nthe Rest State.					ocr	696	デメテーの射手	https://www.aicarddass.com/zenonzard/images/cardlist/cards/green_05_01_03_00.png?v=20201113	field_minion	フィールド・ミニオン	green	緑	5	PC:03 EVOLVE	8	エルフ	R					
green_05_01_03_01	green	サクラツォーク	Sakura Treewalker	5			【召喚時】\n自分はデッキの中から種族「エヴォーカー」を持つ\n緑または無色のベース・ミニオンカード1枚を、レ\nスト状態でべースに置くことができる。その後、自\n分のデッキをシャッフルし、置かれたマナの【配置\n時】効果を発揮させる。	[When Summoned]\nYou can search your deck for one Green\nor Neutral Base Minion belonging to the\nEvoker class and place it into your base in\nthe Rest State. Then, shuffle your deck.\n[When Placed] abilities of the placed mana\nwill activate.					ocr	697	サクラツォーク	https://www.aicarddass.com/zenonzard/images/cardlist/cards/green_05_01_03_01.png?v=20201113	field_minion	フィールド・ミニオン	green	緑	5	PC:03 EVOLVE	8	ツリーフォーク	E					
green_05_01_03_02	green	フォルミキエーレ	Fourmi Kieru	5			【召喚時】\n相手の無色のミ二オン1体を除外する。	[When Summoned]\nBanish one of your opponent's Neutral\nMinions.					ocr	698	フォルミキエーレ	https://www.aicarddass.com/zenonzard/images/cardlist/cards/green_05_01_03_02.png?v=20201113	field_minion	フィールド・ミニオン	green	緑	5	PC:03 EVOLVE	8	ビースト	C					
green_05_01_04_00	green	「デメテーの姉妹」マーシャ	Demete Sisters - Marsha	5			【召喚時】\n自分の種族\n「エヴォーカー」を持つ緑マナがある場\n合、相手のミニオン1体か相手のフォース1つをレ\nストする。それは次の相手のスタンバイフェイズ終\n了時までアクティブにならない。	Pierce\n[When Summoned]\nIf you have Green Mana belonging to the\nEvoker class in your base, put one of your opponent's\nminions or one of their Forces in the Rest State.\nThe target cannot return to the Active State\nuntil your opponent's next Standby Phase.					ocr	700	「デメテーの姉妹」マーシャ	https://www.aicarddass.com/zenonzard/images/cardlist/cards/green_05_01_04_00.png?v=20201113	field_minion	フィールド・ミニオン	green	緑	5	PC:04 FORBIDDEN	6	エルフ	R					
green_05_01_05_00	green	「石鎧」アルマカーネ	Almakarne - The Rockmail Hound	5			[石鎧]\nビースト\n貫通\n【自分の夕\n自分の種族「ビースト」を持つミニオン全てはお互\nいの効果で選択できない。	Pierce\n[On Your Turn]\nYour minions belonging to the Beast class\ncannot be selected as targets for your or\nyour opponent's effects.					ocr	701	「石鎧」アルマカーネ	https://www.aicarddass.com/zenonzard/images/cardlist/cards/green_05_01_05_00.png?v=20201113	field_minion	フィールド・ミニオン	green	緑	5	PC:05 GLORY	2	ビースト	E					
green_05_01_05_01	green	「大地の隊長」アーノルド	Arnold - The Earthly Captain	5			【召喚時】&【進撃時】\n自分のフィールド、ベース、トラッシュのいずれかに\n「「戦場を巡る者」アルテガル」がいる場合、緑マナ1つを\nベースに置く\n【常時】\n自分が「凱のフォス“ミノタウロス”」と「双のフォス\n“オルトロス”」を選んでいる場合、自分の種族「レギオ\nン」を持つミ二オン全てをBP+200/DP+1する。	"[When Summoned] & [When Advancing]\nIf there is an ""Artegal - Roamer of the Battlefield\non your field, in your base, or in your trash, place\none Green Mana into your base.\n[Passive]\nIf you have chosen the Force of Triumph -\nMinotaur and the Force of Harmony - Orthrus, all your\nminions belonging to the Legion class gain +200BP/\n+1DP."					ocr	702	「大地の隊長」アーノルド	https://www.aicarddass.com/zenonzard/images/cardlist/cards/green_05_01_05_01.png?v=20201113	field_minion	フィールド・ミニオン	green	緑	5	PC:05 GLORY	2	レギオン	E					
green_05_01_06_00	green	「デメテーの守り人」クラリス	Clarys - Protector of Demete	3			【召喚時】\n相手の最もコストの低いミ二オン全てをレストする。\n【自分の夕\n自分の緑マナが6つ以上ある場合、自分の効果で相手\nのミニオンがレストするたぴ、それは次の相手のスタ\nンバイフェイズ終了時までアクティブにならない。	[When Summoned]\nPut all of your opponent's minions with the lowest\ncost into the Rest State.\n[On Your Turn]\nWhen one of your card effects puts an opponent's\nminion into the Rest State, if there are six or more\nGreen Mana in your base, that minion cannot\nreturn to the Active State until the end of your\nopponent's next Standby Phase.					ocr	656	「デメテーの守り人」クラリス	https://www.aicarddass.com/zenonzard/images/cardlist/cards/green_05_01_06_00.png?v=20201113	field_minion	フィールド・ミニオン	green	緑	3	PC:06 HELIX	1	エルフ	L					
green_05_01_06_01	green	「猫の獣人団」スリーキャット	The Three Muscateers	2			【アタック時】\n自分の手札にある種族「トライブ」を持つベス・\nミニオンカード1枚を、レスト状態でベースに置く\nことができる。そうした場合、自分は力ードを1枚\n引く。	[When Attacking]\nYou can place a Base Minion belonging to\nthe Tribal class from your hand into your<Base> in the Rest State. If you do, draw one\ncard.					ocr	620	「猫の獣人団」スリーキャット	https://www.aicarddass.com/zenonzard/images/cardlist/cards/green_05_01_06_01.png?v=20201113	field_minion	フィールド・ミニオン	green	緑	2	PC:06 HELIX	1	トライブ	E					
green_05_01_06_02	green	「虹眼の暴れん坊」グランディ	Grandi - Rainbow-Eyed Troublemaker	6			【常時】\n自分が他の緑のカードを使用するたび、このターン\n中、このミ二オンをBP+10O/DP+1する。	Pierce\n[Passive]\nWhenever you play another Green card,\nthis minion gains +100/+1DP for the\nduration of this turn.					ocr	724	「虹眼の暴れん坊」グランディ	https://www.aicarddass.com/zenonzard/images/cardlist/cards/green_05_01_06_02.png?v=20201113	field_minion	フィールド・ミニオン	green	緑	6	PC:06 HELIX	1	ビースト	E					
green_05_01_EX04_00	green	仮面ライダーW ファングジョーカー	Masked Ninja - Crash Form	6			【自分のターン】\nこのミニオンがダメージを与えるたび、種族「仮\n面」を持つ緑のミ二オンに変身できる。\n【変身時】\nこのミニオンをアクティブにする。	Pierce\n[On Your Turn]\nWhenever this minion deals damage, it\ncan Morph into a Green Minion belonging\nto the Mask class.\n[When Morphed]\nThis minion enters the Active State.					ocr	721	仮面ライダーW ファングジョーカー	https://www.aicarddass.com/zenonzard/images/cardlist/cards/green_05_01_EX04_00.png?v=20201113	field_minion	フィールド・ミニオン	green	緑	6	EX:04 KAMEN RIDER	4	仮面	C					
green_05_01_EX04c_00	green	仮面忍 衝ノ型		6			【自分の夕\nこのミニオンがダメージを与えるたび、種族「仮\n面」を持つ緑のミ二オンに変身できる。\n【変身時】\nミニオンをアクティブにする。						ocr	722	仮面忍 衝ノ型	https://www.aicarddass.com/zenonzard/images/cardlist/cards/green_05_01_EX04c_00.png?v=20201113	field_minion	フィールド・ミニオン	green	緑	6	EX:04 HEROIC_MASQUERADE	3	仮面	C					
green_05_02_00_00	green	ファーツォーク	Fir Treewalker	5	500	2	【召喚時】\n相手のミニオン1体をレストする。	[When Summoned]\nPut one of your opponent's minions in\nthe Rest State.	Basic				gamerch	691	ファーツォーク	https://www.aicarddass.com/zenonzard/images/cardlist/cards/green_05_02_00_00.png?v=20201113	field_minion	フィールド・ミニオン	green	緑	5	ベーシック	15	ツリーフォーク	Basic					
green_05_02_01_00	green	モルフェオ「トイプー」	Morpheo Toipu	5	500	2	【召喚時】\n自分はデッキの中から「デメテーの村娘」1枚を、レスト状態で置くことができる。その後、自分のデッキをシャッフルする。	[When Summoned]\nYou can search your deck for one\nVillage Girl of Demete card and place it into\nyour base in the Rest State. Then, shuffle\nyour deck.	AWAKEN				gamerch	690	モルフェオ「トイプー」	https://www.aicarddass.com/zenonzard/images/cardlist/cards/green_05_02_01_00.png?v=20201113	field_minion	フィールド・ミニオン	green	緑	5	PC:01 AWAKEN	14	モルフェオ	R					
green_05_02_01_01	green	ダルティチェロンテ	Dulticheronte	5	500	2	［貫通］\n【自分のターン】\n他の自分の［貫通］を持つミニオン全てをBP+100/DP+1する。	Pierce\n[On Your Turn]\nAll your other minions with the Pierce\neffect gain + 1OOBP/+1DP.	AWAKEN				gamerch	689	ダルティチェロンテ	https://www.aicarddass.com/zenonzard/images/cardlist/cards/green_05_02_01_01.png?v=20201113	field_minion	フィールド・ミニオン	green	緑	5	PC:01 AWAKEN	14	ビースト	R					
green_05_02_01r_00	green	「豊穣をもたらす者」ヴァンジャン	Vahn Jean - Bearer of Fruition	5	500	2	【常時】\nこのミニオンはベースに移動するとき、レスト状態で移動する。\n«ベース»\nこのマナで緑のカードのコストを支払うとき、緑コスト3マナ分支払える。	[Passive]\nThis minion enters the Rest State when it\nmoves to your base.\n<Base>\nWhen paying for the mana cost of your\nGreen Cards, this card can act as three\nGreen Mana.	BEYOND				gamerch	692	「豊穣をもたらす者」ヴァンジャン	https://www.aicarddass.com/zenonzard/images/cardlist/cards/green_05_02_01r_00.png?v=20201113	field_minion	フィールド・ミニオン	green	緑	5	PC:01R BEYOND	12	デミゴッド	L					
green_05_02_02_00	green	「影疾走」バヤガン	Bajagen - The Shadowrunner	5(緑2)	400	2	［貫通］\n【加護時】\nこのターン中、このミニオンに［襲撃］と［再起］を与える。	Pierce\n[When Boosted]\nThis minion gains the Charge and\nResurge effects for the duration of this turn.	CONTRACT				gamerch	693	「影疾走」バヤガン	https://www.aicarddass.com/zenonzard/images/cardlist/cards/green_05_02_02_00.png?v=20201113	field_minion	フィールド・ミニオン	green	緑	5	PC:02 CONTRACT	11	ビースト	R					
green_05_02_02c_00	green	「騎士長」ベルクーリ		5			【加護時】\n次の相手のターン終了時まで、このミ二オンに「相\n手のミニオンがレストするたぴ、このターン中、そ\nのミ二オンをBP-300する。」を与える。						ocr	695	「騎士長」ベルクーリ	https://www.aicarddass.com/zenonzard/images/cardlist/cards/green_05_02_02c_00.png?v=20201113	field_minion	フィールド・ミニオン	green	緑	5	EXCODE:02C SAO	9	ソード	R					
green_05_02_02r_00	green	「太陽の竜騎士」オリヴィア	Olivia - The Sunflares Rider	5			【常時】\nこのミニオンと自分の種族「ドラゴン」を持つ緑の\nミ二ン全ては相手の効果で破壊まは除外され	[Passive]\nNeither this minion nor your Green\nMinions belonging to the Dragon class can be\ndestroyed or banished by your opponent's\ncard effects.					ocr	694	「太陽の竜騎士」オリヴィア	https://www.aicarddass.com/zenonzard/images/cardlist/cards/green_05_02_02r_00.png?v=20201113	field_minion	フィールド・ミニオン	green	緑	5	PC:02R DIVINE	10	ヒューマノイド	L					
green_05_02_03_00	green	贈り物	Gift	5			【メイン】\n自分はカードを2枚引く。自分のプレイヤーを1回\n復する。緑マナ１つをレスト状態でベースに置く。	[Main]\nDraw two cards. Restore 1 Life point.\nPlace one Green Mana into your base in the\nRest State.					ocr	705	贈り物	https://www.aicarddass.com/zenonzard/images/cardlist/cards/green_05_02_03_00.png?v=20201113	magic	マジック	green	緑	5	PC:03 EVOLVE	8		R					
green_05_02_04_00	green	ウィップの第3魔法：フィニッシュブロウ	Lashly's Spells, Entry 3: Finisher	5			【メイン】\n相手のレスト状態であるミニオンの中で、最もコス\nトの高いミ二オン全てを破壊する。その後、この\nカードを除外する。\nＥＰＩＣ	This card is part of the Arcana class.\n[Main]\nDestroy all of your opponent's highest\ncost minions that are in the Rest State. Then\nbanish this card.					ocr	706	ウィップの第3魔法：フィニッシュブロウ	https://www.aicarddass.com/zenonzard/images/cardlist/cards/green_05_02_04_00.png?v=20201113	magic	マジック	green	緑	5	PC:04 FORBIDDEN	6		E					
green_05_02_EX02_00	green	ルナティック・ベアー	Enraged Bear	5			【加護時】\n次の相手のターン終了時まで、このミ二オンに「相\n手のミニオンがレストするたぴ、このターン中、そ\nのミ二オンをBP-300する。」を与える。	Chain: Item\n[When Boosted]\nThis minion receives the following effect\nuntil the end of your opponent's turn\nWhenever one of your opponent's\nminions enters the Rest State, it loses -300BP for\nthe duration of the turn.					ocr	699	ルナティック・ベアー	https://www.aicarddass.com/zenonzard/images/cardlist/cards/green_05_02_EX02_00.png?v=20201113	field_minion	フィールド・ミニオン	green	緑	5	EX:02 幻影の剣士	7	ソード	R					
green_06_01_03_00	green	「オーブの召喚獣」ムーンクイーン Lv1	Lunar Monarch - Of Ove Lv.1	6			【召喚時】\n相手のミニオン1体をレストする。そのミニオンは\n次の相手のスタンバイフエイズ終了時までアクティ\nブならない。\n進化：手札から「エルフ」が召喚されたとき\nLEＧEND	Put one of your opponent's minions in the Rest\nState. That minion cannot return to the Active\nState until your opponent's next Standby Phase\nEvolve: Summon minion from the Elf class\nOve - Conjurer of the Forest Abyss Lv.1 and\nLunar Monarch - Of Ove Lv.1 become Lv.2					ocr	714	「オーブの召喚獣」ムーンクイーン Lv1	https://www.aicarddass.com/zenonzard/images/cardlist/cards/green_06_01_03_00.png?v=20201113	field_minion	フィールド・ミニオン	green	緑	6	PC:03 EVOLVE	8	アルカナ	L					
green_06_01_03_01	green	「オーブの召喚獣」ムーンクイーン Lv2	Lunar Monarch - Of Ove Lv.2	6			【召喚時】\n相手のニオン1体をレストする。そのミ二オンは次の相手のスタ\nンバイェイズ終了時までクテブにならない。\n【常時】\n自分の種族「エフ」を持つミニ才全てをBP+100/DP+1す\n進化：手札か「ル」が召さとき\n「深森の召喚士」才\nをL3にする	"Put one of your opponent's minions in the Rest State. That\nminion cannot return to the Active State until your\nopponent's next Standby Phase.\nAll your minions belonging to the Elf class gain +100BP/\n+1DP.\nEvolve: Summon minion from the Elf class\nOve - Conjurer of the Forest Abyss Lv.2 and ""Lunar\nMonarch - Of Ove Lv.2 become Lv.3."					ocr	715	「オーブの召喚獣」ムーンクイーン Lv2	https://www.aicarddass.com/zenonzard/images/cardlist/cards/green_06_01_03_01.png?v=20201113	field_minion	フィールド・ミニオン	green	緑	6	PC:03 EVOLVE	8	アルカナ	L					
green_06_01_03_02	green	「オーブの召喚獣」ムーンクイーン Lv3	Lunar Monarch - Of Ove Lv.3	6			【召喚時】\n相手のミニオン1体をレストする。そのミニオンは次の相手のスタ\nンバイフェイズ終了時までアクティブにならない。\n【常時】\n自分の種族「エルフ」を持つミニオン全てをBP+100/DP+1す\n[自分のターン終了時】\n相手のレスト状であるミニオンの中で、最もコストの低いミ二\nオン全てを破壊する。	[When Summoned]\nPut one of your opponent's minions in the Rest State. That\nminion cannot return to the Active State until your\nopponent's next Standby Phase.\n[Passive]\nAll your minions belonging to the Elf class gain +100BP/\n+1DP.\n[At the End of Your Turn]\nDestroy all of your opponent's lowest cost minions that are\nin the Rest State.					ocr	716	「オーブの召喚獣」ムーンクイーン Lv3	https://www.aicarddass.com/zenonzard/images/cardlist/cards/green_06_01_03_02.png?v=20201113	field_minion	フィールド・ミニオン	green	緑	6	PC:03 EVOLVE	8	アルカナ	L					
green_06_01_04_00	green	黒豹の騎士	Panther Knight	6			【召喚時】\n相手のコストX以下のミニオン全てをレストする。\nXは自分の種族「エヴォーカー」を持つ緑マナの数\nと同じとする。	Pierce\n[When Summoned]\nPut all of your opponent's minions with\ncost of X or lower in the rest state, where\nX is the number of Green Mana belonging\nto the Evoker class in your base.					ocr	718	黒豹の騎士	https://www.aicarddass.com/zenonzard/images/cardlist/cards/green_06_01_04_00.png?v=20201113	field_minion	フィールド・ミニオン	green	緑	6	PC:04 FORBIDDEN	6	トライブ	R					
green_06_01_04_01	green	「森の怪物」ブリガンテ	Pregator - Forest Menace	6			【召喚時】&【分の夕ン開始時】\n自分はデッキの中から\n「ブリガンテの要撃」1枚を公開して手\n札に加えることができる。その後、自分のデッキをシャッフ\nルし、このターン中、そのカードのコストを0にする。\n【自分のターン】\nこのミニオンがバトに勝利するび、このミニオのDPか\nら2点引いた分のDPによるダメージを、相手のプレイヤーと\n相手のフォース全てに与える。	"[When Summoned] & [At the Start of Your Turn]\nYou can search your deck for one ""Pregator's\nAmbush"", reveal it to your opponent and add it to your\nhand. Then, shuffle your deck, and that card's\ncost becomes 0 for the duration of this turn.\n[On Your Turn]\nWhenever this minion wins a battle against\nanother minion, deal DP damage to your opponent's Life\nand Forces equal to this minions DP minus 2."					ocr	719	「森の怪物」ブリガンテ	https://www.aicarddass.com/zenonzard/images/cardlist/cards/green_06_01_04_01.png?v=20201113	field_minion	フィールド・ミニオン	green	緑	6	PC:04 FORBIDDEN	6	ビースト	L					
green_06_01_05_00	green	チェストナットツォーク	Chestnut Treewalker	6			【召喚時】\n自分が「双のフォース“オルトロス”」を選んでいる\n場合、自分の種族「ツリーフォーク」または「レギ\nオン」を持つミニオン1体毎に、相手のミニオン1\n体をレストする。	Pierce\n[When Summoned]\nIf you have chosen the Force of Harmony\n- Orthrus, put one of your opponent's\nminions in the Rest State for each minion\nbelonging to the Treefolk or Legion class on\nyour field.					ocr	723	チェストナットツォーク	https://www.aicarddass.com/zenonzard/images/cardlist/cards/green_06_01_05_00.png?v=20201113	field_minion	フィールド・ミニオン	green	緑	6	PC:05 GLORY	2	ツリーフォーク|レギオン	R					
green_06_01_06_00	green	獣人アキ	Werepup	5			【常時】\n他の自分の種族「トライブ」を持つミニオンが2体\n以上いる場合、このミニオンをBP+200/DP+1す\n【常時】\nこのミニオンはベースに移動するとき、レスト状態\nで移動する。	[Passive]\nIf you have two or more other minions\nbelonging to the Tribal class on your field\nthis minion gains +200BP/+1DP.\n[Passive]\nThis minion enters the Rest State when it\nmoves to the base.					ocr	703	獣人アキ	https://www.aicarddass.com/zenonzard/images/cardlist/cards/green_06_01_06_00.png?v=20201113	field_minion	フィールド・ミニオン	green	緑	5	PC:06 HELIX	1	トライブ	C					
green_06_01_EX03_00	green	星騎士ハーキュリーΩ	The StarKnight Hercules Ω	6			【常時】\n自分の[飛来]を持つミ二オンが召喚されるたび、\nこのミニオンをアクティブにする。	Cost Reduction: Green\nSwoop\n[Passive]\nThis minion enters the Active State\nwhenever a minion of yours with the {Swoop}\neffect is summoned.					ocr	720	星騎士ハーキュリーΩ	https://www.aicarddass.com/zenonzard/images/cardlist/cards/green_06_01_EX03_00.png?v=20201113	field_minion	フィールド・ミニオン	green	緑	6	EX:03 Battle Spirits	5	BS|ソルジャー	L					
green_06_02_01_00	green	「鉄壁の作り手」リヤーボ	Liaveau - The Defender	6	800	2	【常時】\n自分のプレイヤーのライフが7以上である場合、このミニオンは［襲撃］と［貫通］と［再起］を持つ。	[Passive]\nIf you have 7 or more Life points, this\nminion receives the Charge, Pierce, and\nResurge effects.	AWAKEN				gamerch	708	「鉄壁の作り手」リヤーボ	https://www.aicarddass.com/zenonzard/images/cardlist/cards/green_06_02_01_00.png?v=20201113	field_minion	フィールド・ミニオン	green	緑	6	PC:01 AWAKEN	14	エルフ	E					
green_06_02_01r_00	green	ギンゴウツォーク	Gingko Treewalker	6	700	2	［貫通］\n【常時】\n自分の種族「デミゴッド」を持つミニオンがいる場合、このミニオンをBP+200/DP+1する。	Pierce\n[Passive]\nIf you have a minion belonging to the\nDemigod class on your field, this minion\ngains +200BP/+1DP.	BEYOND				gamerch	709	ギンゴウツォーク	https://www.aicarddass.com/zenonzard/images/cardlist/cards/green_06_02_01r_00.png?v=20201113	field_minion	フィールド・ミニオン	green	緑	6	PC:01R BEYOND	12	ツリーフォーク	R					
green_06_02_02_00	green	「風の乗り手」シルヴィー	Sylvie - The Windrider	6(緑2)	600	2	【召喚時】\n自分の種族「ニンフ」を持つマナ全てをアクティブにする。\n【自分のターン】\n自分の［加護］が付与されているミニオンがアタックするたび、相手のミニオン1体をレストする。	[When Summoned]\nPut all your mana belonging to the Nymph class\nthat are currently in your base in the Active\nState.\n[On Your Turn]\nWhenever one of your minions that has gained\na Boost effect attacks your opponent, put one of\nyour opponent's minions in the Rest State.	CONTRACT				gamerch	710	「風の乗り手」シルヴィー	https://www.aicarddass.com/zenonzard/images/cardlist/cards/green_06_02_02_00.png?v=20201113	field_minion	フィールド・ミニオン	green	緑	6	PC:02 CONTRACT	11	エルフ	L					
green_06_02_02c_00	green	「整合騎士」アリス		6			【自分の夕\n自分のプレイヤーのライフが7以上である場合、この\nミニオンは[襲撃]と[再起]を持ち、DP+1する。\n【自分のターン】\n『神聖術』\n相手のミニオンが1体以上レストするたび、自分のプ\nレイヤーを1回復する。						ocr	713	「整合騎士」アリス	https://www.aicarddass.com/zenonzard/images/cardlist/cards/green_06_02_02c_00.png?v=20201113	field_minion	フィールド・ミニオン	green	緑	6	EXCODE:02C SAO	9	ソード	L					
green_06_02_02r_00	green	ラクンラップ	Rachic	6			【常時】\nこのミニオンは相手の効果で手札やデッキに戻らな	Pierce\n[Passive]\nThis minion cannot be sent back to the\ndeck or return to your hand by your\nopponent's card effects.					ocr	711	ラクンラップ	https://www.aicarddass.com/zenonzard/images/cardlist/cards/green_06_02_02r_00.png?v=20201113	field_minion	フィールド・ミニオン	green	緑	6	PC:02R DIVINE	10	ビースト	C					
green_06_02_02r_01	green	大蔦竜アイヴィーン	Envine - The Ivy Dragon	6			【召喚時】\n相手のミニオン1体に「【常時】このミニオンはプ\nレイヤーにアタックできない。」を付与する。	[When Summoned]\nSelect one of your opponent's minions to\nreceive the following effect\n[Passive] This minion cannot attack\nplayer's Life.					ocr	712	大蔦竜アイヴィーン	https://www.aicarddass.com/zenonzard/images/cardlist/cards/green_06_02_02r_01.png?v=20201113	field_minion	フィールド・ミニオン	green	緑	6	PC:02R DIVINE	10	ドラゴン	E					
green_06_02_06_00	green	バスターウルフ	Buster Wolf	5			【メイン】/【フラッシュ】\n相手のミニオン2体をレストする。	[Main]/[Flash] Put two of your opponent's minions in the\nRest State.					ocr	707	バスターウルフ	https://www.aicarddass.com/zenonzard/images/cardlist/cards/green_06_02_06_00.png?v=20201113	magic	マジック	green	緑	5	PC:06 HELIX	1		R					
green_06_02_EX02_00	green	「黄金騎士」ヴィクトリア	Victoria - The Gilded Knight	6			【自分の夕\n自分のプレイヤーのライフが7以上である場合、こ\nのミ二オンは[襲撃と[再起]を持ち、DP+1す\n【自分のターン】\n相手のミニオンが1体以上レストするたぴ、自分の\nプレイヤーを1回復する。	[On Your Turn]\nIf you have 7 or more Life points, this\nminion gains +1DP, as well as the {Charge} and {\nResurge} effects.\n[On Your Turn]\nWhenever one or more of your opponent's\nminions enters the Rest State, restore 1 Life\npoint.					ocr	717	「黄金騎士」ヴィクトリア	https://www.aicarddass.com/zenonzard/images/cardlist/cards/green_06_02_EX02_00.png?v=20201113	field_minion	フィールド・ミニオン	green	緑	6	EX:02 幻影の剣士	7	ソード	L					
green_07_01_04_00	green	「格闘術の師」グレイフォックス	Grey Fox - The Sensei	7			【自分の夕\n自分の種族「エルフ」を持つミ二オンがいる場合、\n自分の手札にあるこのカドのフリーコストは3減\nらされる。\n【アタック時】\n相手のレスト状態であるミニオン全てにBP-300を\n付与する。\nEPⅠC	[On Your Turn]\nIf you have a minion belonging to the Elf\nclass on your field, the basic cost of this\ncard while in your hand is reduced by 3.\n[When Attacking]\nDeal -300BP to all of your opponent's\nminions in the Rest State.					ocr	730	「格闘術の師」グレイフォックス	https://www.aicarddass.com/zenonzard/images/cardlist/cards/green_07_01_04_00.png?v=20201113	field_minion	フィールド・ミニオン	green	緑	7	PC:04 FORBIDDEN	6	トライブ	E					
green_07_01_04_01	green	巨蟹武神キャンサード	The CancerBushin Cancerd	7			【自分の夕\n自分の種族「BS」を持つミニオンがブロックされ\nるたぴ、相手のミニオン1体をレストする。	Cost Reduction: Green\n[On Your Turn]\nWhenever one of your minions belonging\nto the BS class is blocked, put one of your\nopponent's minions in the Rest State.		PC:04 FORBIDDEN	Epic		ocr	731	巨蟹武神キャンサード	https://www.aicarddass.com/zenonzard/images/cardlist/cards/green_07_01_04_01.png?v=20201113	field_minion	フィールド・ミニオン	green	緑	7	PC:04 FORBIDDEN	6	BS|光導	E					
green_07_01_EX03_00	green	剣王獣ビャク・ガロウ	The BladeKingBeast Byak-Garo	7			【自分のターン】\nこのミニオンがブロックされるたび、相手のミニオ\nン2体をレストする。\n【自分のターン】\nこのミニオンがDPによるダメージを与えるたび、\n相手のミニオン1体を手札に戻す	Cost Reduction: Green\n[On Your Turn]\nWhenever this minion is blocked, put two of\nyour opponent's minions in the Rest State.\n[On Your Turn]\nWhenever this minion deals DP damage, return\none of your opponent's minions to their hand					ocr	732	剣王獣ビャク・ガロウ	https://www.aicarddass.com/zenonzard/images/cardlist/cards/green_07_01_EX03_00.png?v=20201113	field_minion	フィールド・ミニオン	green	緑	7	EX:03 Battle Spirits	5	BS|ソード	E					
green_07_01_EX04_00	green	仮面ライダーW サイクロンジョーカーエクストリーム	Masked Ninja - Heavenly Quartet Form	7			【自分のターン\nこのミ二オンがダメージを与えるたび、種族「仮面」を持つ緑の\nミニオンに変身できる。\n【変身時】\n相手のニオンを2体まで選択する。それ5がクテブ状態の場\n合、レストする。それらがレスト状態の場合、破壊する。\n【召喚時】＆【アタック時】\n相手のミニオン1体をレストする。	[On Your Turn]\nWhenever this minion deals damage, it can Morph into\nGreen Minion belonging to the Mask class.\n[When Morphed]\nSelect up to two of your opponent's minions. If the targets\nare in the Active State, they enter the Rest State. If the\ntargets are in the Rest State, they are destroyed.\n[When Summoned] & [When Attacking]\nPut one of your opponent's minions in the Rest State.					ocr	733	仮面ライダーW サイクロンジョーカーエクストリーム	https://www.aicarddass.com/zenonzard/images/cardlist/cards/green_07_01_EX04_00.png?v=20201113	field_minion	フィールド・ミニオン	green	緑	7	EX:04 KAMEN RIDER	4	仮面	L					
green_07_01_EX04c_00	green	仮面忍 四天ノ型		7			【自分のターン】\nこのミニオンがダメーを与えるたぴ、種族「仮面」を持つ緑の\nミニオンに変身できる。\n【変身時】\n相手のニオンを2体まで選択する。それらがクブ状態の場\n合、レストする。それらがレスト状態の場合、破壊する。\n【召唤時】＆【アタック時】\n相手のミニオン1体をレストする						ocr	734	仮面忍 四天ノ型	https://www.aicarddass.com/zenonzard/images/cardlist/cards/green_07_01_EX04c_00.png?v=20201113	field_minion	フィールド・ミニオン	green	緑	7	EX:04 HEROIC_MASQUERADE	3	仮面	L					
green_07_02_00_00	green	オルサラーニョ	Ursarano	7	700	3	［貫通］	Pierce	Basic				gamerch	726	オルサラーニョ	https://www.aicarddass.com/zenonzard/images/cardlist/cards/green_07_02_00_00.png?v=20201113	field_minion	フィールド・ミニオン	green	緑	7	ベーシック	15	ビースト	Basic					
green_07_02_01_00	green	「愛花」アルルーナ	Alrûna - Flower of Passion	7	600	2	【召喚時】\n相手のミニオン2体をレストする。	[When Summoned]\nPut two of your opponent's minions in the\nRest State.	AWAKEN				gamerch	725	「愛花」アルルーナ	https://www.aicarddass.com/zenonzard/images/cardlist/cards/green_07_02_01_00.png?v=20201113	field_minion	フィールド・ミニオン	green	緑	7	PC:01 AWAKEN	14	ツリーフォーク	E					
green_07_02_01r_00	green	「秘術の御使い」アマリリア	Amarylia - Master of Secret Arts	7	700	2	【アタック時】\n相手のミニオン1体か相手のフォース1つをレストする。\n【後退時】\n自分の緑マナ2つをアクティブにする。	[When Attacking]\nPut one of your opponent's minions or\none of their Forces in the Rest State.\n<Base> [When Retreating]\nPut two of your Green Mana in the Active\nState.	BEYOND				gamerch	727	「秘術の御使い」アマリリア	https://www.aicarddass.com/zenonzard/images/cardlist/cards/green_07_02_01r_00.png?v=20201113	field_minion	フィールド・ミニオン	green	緑	7	PC:01R BEYOND	12	エルフ	E					
green_07_02_02r_00	green	「森獣」ガウディン	Rory - Brute of the Forest	7			【召喚時】\n緑マナ1つをベースに置く\n【常時】\nこのニがク状態でけば[加は付与\nれない。\n【加護時】\n緑の加護である場合、加護してるマナを除外して、「「森羅	"[When Summoned]\nPlace one Green Mana into your base.\n[Passive]\nThis minion cannot receive a Boost when not in the\nActive State.\n[When Boosted]\nIf Boosted by a Green Mana, banish that mana. This\ncard Transforms into ""Rory - Barbarian of the Earth""."					ocr	728	「森獣」ガウディン	https://www.aicarddass.com/zenonzard/images/cardlist/cards/green_07_02_02r_00.png?v=20201113	field_minion	フィールド・ミニオン	green	緑	7	PC:02R DIVINE	10	ビースト	L					
green_07_02_02r_01	green	「森羅獣士」ガウディン	Rory - Barbarian of the Earth	7			【変形時】\n無色のミニオン全てを除外する\n【アタック時】\n相手のミニオン1体をレストする。	Charge\n[When Transformed]\nBanish all Neutral Minions.\n[When Attacking]\nPut one of your opponent's minions in\nthe Rest State.					ocr	729	「森羅獣士」ガウディン	https://www.aicarddass.com/zenonzard/images/cardlist/cards/green_07_02_02r_01.png?v=20201113	field_minion	フィールド・ミニオン	green	緑	7	PC:02R DIVINE	10	ドラゴン|ビースト	L					
green_08_01_04_00	green	白羊樹神セフィロ・アリエス	The SephirothicSheepDeity Sephiro-Aries	8			【常時】\nお互いのミニオンはフィールドに出るときにレスト\n状態で出る。\nＥPIＣ	Cost Reduction: Green\n[Passive]\nWhenever a minion enters the field, it\nenters in the Rest State.		PC:04 FORBIDDEN	epic		ocr	742	白羊樹神セフィロ・アリエス	https://www.aicarddass.com/zenonzard/images/cardlist/cards/green_08_01_04_00.png?v=20201113	field_minion	フィールド・ミニオン	green	緑	8	PC:04 FORBIDDEN	6	BS|光導	E					
green_08_02_01_00	green	メイプルツォーク	Maple Treewalker	8	900	2	【アタック時】\n相手のコスト4以下のミニオン全てをレストする。\n【自分のターン終了時】\n自分の緑マナが4つ以上ある場合、自分のプレイヤーを1回復する。	[When Attacking]\nPut all your opponent's minions with\ncost of 4 or lower into the Rest State.\n[At the End of Your Turn]\nIf you have four Green Mana or more\nrestore 1 Life point.	AWAKEN	PC:01 AWAKEN	Rare		gamerch	735	メイプルツォーク	https://www.aicarddass.com/zenonzard/images/cardlist/cards/green_08_02_01_00.png?v=20201113	field_minion	フィールド・ミニオン	green	緑	8	PC:01 AWAKEN	14	ツリーフォーク	R					
green_08_02_02_00	green	アジャクツォーク	Applejax Treewalker	8(緑1)	900	4	効果なし		CONTRACT				gamerch	736	アジャクツォーク	https://www.aicarddass.com/zenonzard/images/cardlist/cards/green_08_02_02_00.png?v=20201113	field_minion	フィールド・ミニオン	green	緑	8	PC:02 CONTRACT	11	ツリーフォーク	C					
green_08_02_02c_00	green	「上級修剣士」ユージオ		8			【召唤時】&\nスイッチ：「黒の剣士」\n自分の緑のミ二オン1体每に、\n相手のミニオン1体をレストする。\n【常時】\nこのミニオンがアクティブ状態でなければ[加護]は付与されな\n【加蓝時】\n緑の加護である場合、加護しているマナを除外して、「「整合騎						ocr	738	「上級修剣士」ユージオ	https://www.aicarddass.com/zenonzard/images/cardlist/cards/green_08_02_02c_00.png?v=20201113	field_minion	フィールド・ミニオン	green	緑	8	EXCODE:02C SAO	9	ソード|氷剣	L					
green_08_02_02c_01	green	「整合騎士」ユージオ		8			【変形時】\n自分の種族「ソード」を持つマナ全てをアクティブ\nにする。\n【破壊時】&\nスイッチ：「黒の剣士」\n相手のミニオン全ては、次の相手のスタン\nイズ終了時までアクティブにならない。						ocr	739	「整合騎士」ユージオ	https://www.aicarddass.com/zenonzard/images/cardlist/cards/green_08_02_02c_01.png?v=20201113	field_minion	フィールド・ミニオン	green	緑	8	EXCODE:02C SAO	9	ソード|氷剣	L					
green_08_02_02r_00	green	花鳥竜プラクーリ	Plakanna - The Floral Dragon	8			【破壊時】\n自分はカードを3枚引く。	Pierce\n[When Destroyed]\nDraw three cards.					ocr	737	花鳥竜プラクーリ	https://www.aicarddass.com/zenonzard/images/cardlist/cards/green_08_02_02r_00.png?v=20201113	field_minion	フィールド・ミニオン	green	緑	8	PC:02R DIVINE	10	ドラゴン	R					
green_08_02_EX02_00	green	「氷の剣聖」カイオ	Kaio - Swordsman of the Frost	8			【召喷時】&\nスイッチ：「黒の剣士」\n自分の緑のミニオン1体每に、\n相手のミニオン1体をレストする。\n【常時】\nこのミニオンがアクティブ状態でなければ[加護]は付与されな\n【加蓝時】\n緑の加護である場合、加護しているマナを除外して、「「絶対零\n度」カイオ」に変形する。	"[When Summoned] & Switch: Sable Knight\nPut one of your opponent's minions in the Rest State\nfor each Green Minion you have on the field.\n[Passive]\nThis minion cannot receive a {Boost} when not in the\nActive State.\n[When Boosted]\nIf Boosted by a Green Mana, banish that mana. This\ncard Transforms into ""Kaio - Absolute Zero""."					ocr	740	「氷の剣聖」カイオ	https://www.aicarddass.com/zenonzard/images/cardlist/cards/green_08_02_EX02_00.png?v=20201113	field_minion	フィールド・ミニオン	green	緑	8	EX:02 幻影の剣士	7	ソード|氷剣	L					
green_08_02_EX02_01	green	「絶対零度」カイオ	Kaio - Absolute Zero	8			【変形時】\n自分の種族「ソード」を持つマナ全てをアクティブ\nにする。\n【破壊時】\nスイッチ：「黒の剣士]\n相手のミニオン全ては、次の相手のスタンバイ\nイズ終了時までアクティブにならない。	Charge\n[When Transformed]\nPut all your mana belonging to the Sword class\nthat are currently in your base in the Active State\n[When Destroyed] & Switch: Sable Knight\nNone of your opponent's minions can enter the\nActive State until the end of your opponent's next\nStandby Phase.					ocr	741	「絶対零度」カイオ	https://www.aicarddass.com/zenonzard/images/cardlist/cards/green_08_02_EX02_01.png?v=20201113	field_minion	フィールド・ミニオン	green	緑	8	EX:02 幻影の剣士	7	ソード|氷剣	L					
green_08_03_02_00	green	テンタクル・エンタングル	Tentacle Tangle	8(緑3)			自分のコスト7以上の緑のミニオンがいる場合、自分の手札にあるこのカードのフリーコストは0になる。\n【メイン】\n相手のミニオン全てをレストする。	If you have a Green Minion with a cost of 7 or higher on the field, the basic cost\nof this card while in your hand becomes 0.\n[Main]\nPut all your opponent's minions in the\nRest State.	CONTRACT	PC:02 CONTRACT	Epic		gamerch	743	テンタクル・エンタングル	https://www.aicarddass.com/zenonzard/images/cardlist/cards/green_08_03_02_00.png?v=20201113	magic	マジック	green	緑	8	PC:02 CONTRACT	11		E					
green_09_01_05_00	green	「治癒の緑龍」フォレスト	Sage - The Forest Healer	9+			【自分の夕\n自分の手札にあるこのカードのフリーコストは、自\n分の破壊されたフォース１つ毎に３減らされる。\n【召喚時】\n自分のプ1\nレイヤーのライフを7まで回復する。	Pierce\n[On Your Turn]\nReduce the basic cost of this card in your\nhand by 3 for each of your destroyed Forces\n[When Summoned]\nRestore your Life points until you have 7\npoints.		PC:05 GLORY	Legend		ocr	746	「治癒の緑龍」フォレスト	https://www.aicarddass.com/zenonzard/images/cardlist/cards/green_09_01_05_00.png?v=20201113	field_minion	フィールド・ミニオン	green	緑	9+	PC:05 GLORY	2	ドラゴン	L					
green_09_01_EX04_00	green	仮面ライダーW サイクロンジョーカーゴールドエクストリーム	Masked Ninja - Pleiades Form	9+			【召喚時】&【変身時】\nミニオンまたはフォースを3つまで選択する。それらがアクティブ状態\nの場合、レストする。それらがレスト状態の場合、アクティブにする。\n【常時】\n相手のミニオンまたは相手のフォースがレストするたび、このミニオン\nにBP+100/DP+1を付与する。\n【アタック時】\n相手の三ニオン1体か相手のフォース1つをレストする。それは次の自\n分のスタンバイフェイズ終了時までアクティブにならない。	[When Summoned] & [When Morphed]\nSelect up to three minions and Forces. If the targets are in the\nActive State, they enter the Rest State. If the targets are in the Rest State\nthey enter the Active State.\n[Passive]\nWhenever one of your opponent's minions or Forces enters the Rest\nState, this minion receives + 100BP/+1DP.\n[When Attacking]\nPut one of your opponent's minions or one of their Forces in the\nRest State, The target cannot return to the Active State until your next\nStandby Phase.					ocr	749	仮面ライダーW サイクロンジョーカーゴールドエクストリーム	https://www.aicarddass.com/zenonzard/images/cardlist/cards/green_09_01_EX04_00.png?v=20201113	field_minion	フィールド・ミニオン	green	緑	9+	EX:04 KAMEN RIDER	4	仮面	L					
green_09_01_EX04c_00	green	仮面忍 六連星ノ型		9+			【召喚時】&【变身時】\nミニオンまたはフォースを3つまで選択する。それらがアクティブ状態\nの場合、レストする。それらがレスト状態の場合、アクティブにする。\n【常時】\n相手のミニオンまたは相手のフォースがレストするび、このミニオン\nにBP+100/DP+1を付与する。\n【アタック時】\n相手のミニオン1体か相手のフォス1つをレストする。それは次の自\n分のスタンバイフェイズ終了時までアクティブにならない。						ocr	750	仮面忍 六連星ノ型	https://www.aicarddass.com/zenonzard/images/cardlist/cards/green_09_01_EX04c_00.png?v=20201113	field_minion	フィールド・ミニオン	green	緑	9+	EX:04 HEROIC_MASQUERADE	3	仮面	L					
green_09_02_01_00	green	「千年杉」ヤクーツォーク	Cedar Treewalker - The Chiliad	9+	1000	4	［貫通］\n【相手のターン】\n自分のプレイヤーに与えられるダメージを1軽減する。	Pierce\n[On Your Opponent's Turn]\nDamage dealt to your Life is reduced by 1.	AWAKEN	PC:01 AWAKEN	Legend	https://gamerch.com/zenonzard/74424	gamerch	744	「千年杉」ヤクーツォーク	https://www.aicarddass.com/zenonzard/images/cardlist/cards/green_09_02_01_00.png?v=20201113	field_minion	フィールド・ミニオン	green	緑	9+	PC:01 AWAKEN	14	ツリーフォーク	L					
green_09_02_02_00	green	「太陽公」ハトト=ラキア	Solrakia - Lord of Sunflares	9(緑3)	1000	3	【相手のターン】\n相手のミニオンはフィールドに出るときにレスト状態で出る。\n【自分のターン】\nこのミニオンは種族「ドラゴン」または「ドラゴニュート」を持たないミニオンにはブロックされない。	[On Your Opponent's Turn]\nYour opponent's minions enter the field\nin the Rest State.\n[On Your Turn]\nOnly minions belonging to the Dragon or\nDragonewt class can block this minion's\nattacks.	CONTRACT				gamerch	745	「太陽公」ハトト=ラキア	https://www.aicarddass.com/zenonzard/images/cardlist/cards/green_09_02_02_00.png?v=20201113	field_minion	フィールド・ミニオン	green	緑	9+	PC:02 CONTRACT	11	ドラゴン	L					
green_10_01_03_00	green	「双角樹」ツインホーンツォーク	Twin-Horned Treewalker - The Impaler	9+			【常時】\nこのミ二オンは互いの効果で選択できない。\n【常時】\n自分の緑マナ1つ毎こ、このミニオンをDP+1す	[Passive]\nThis minion cannot be selected as\ntarget for your or your opponent's effects\n[Passive]\nThis minion gains +1DP for every Green\nMana in your base.					ocr	747	「双角樹」ツインホーンツォーク	https://www.aicarddass.com/zenonzard/images/cardlist/cards/green_10_01_03_00.png?v=20201113	field_minion	フィールド・ミニオン	green	緑	9+	PC:03 EVOLVE	8	ツリーフォーク	L					
green_10_01_EX03_00	green	天帝ホウオウガ	The HollowProvidence Hououga	9+			【自分のターン】\nこのミニオンがブロックされるたび、相手のミニオ\nン3体をレストする。\n【アタック時】\n自分のベースにある「コア」1つを破壊できる。\nうした場合、このミニオンをアクティブにする	Cost Reduction: Green\n[On Your Turn]\nWhenever this minion is blocked, put three of\nyour opponent's minions in the Rest State.\n[When Attacking]\nYou can destroy one Core that is in your base.\nIf you do, this minion enters the Active State					ocr	748	天帝ホウオウガ	https://www.aicarddass.com/zenonzard/images/cardlist/cards/green_10_01_EX03_00.png?v=20201113	field_minion	フィールド・ミニオン	green	緑	9+	EX:03 Battle Spirits	5	BS|ウイング	L					
purple_00_00_03_00	purple	「血陣の召喚士」リリアン Lv1	Lylian - Conjurer of Blood Bonds Lv.1				《ベース》\n【配置時】\n「「リリアンの召喚獣」ヴィルLv1」1枚を手札に\n加える。\n《ベース》\nこのマナは移動できない。	<Base> [When Placed]\nAdd one Vill - Of Lylian Lv.1 to your\nhand.\n<Base>\nThis minion cannot move.					ocr	398	「血陣の召喚士」リリアン Lv1	https://www.aicarddass.com/zenonzard/images/cardlist/cards/purple_00_00_03_00.png?v=20201113	base_minion	ベース・ミニオン	purple	紫		PC:03 EVOLVE	8	エヴォーカー	R					
purple_00_00_03_01	purple	「血陣の召喚士」リリアン Lv2	Lylian - Conjurer of Blood Bonds Lv.2				《ベース》\n【配置時】\n「「リリアンの召喚獣」ヴィルLv2」1枚を手札こ\n加える。\n《ベース》\nこのマナは移動できない。	<Base> [When Placed]\nAdd one Vill - Of Lylian Lv.2 to your\nhand.\n<Base>\nThis minion cannot move.					ocr	399	「血陣の召喚士」リリアン Lv2	https://www.aicarddass.com/zenonzard/images/cardlist/cards/purple_00_00_03_01.png?v=20201113	base_minion	ベース・ミニオン	purple	紫		PC:03 EVOLVE	8	エヴォーカー	R					
purple_00_00_03_02	purple	「血陣の召喚士」リリアン Lv3	Lylian - Conjurer of Blood Bonds Lv.3				《ベース》\n【配置時】\n「「リリアンの召喚獣」ヴィルLv3」1枚を手札こ\n加える。\n《ベース》\nこのマナは移動できない。	<Base> [When Placed]\nAdd one Vill - Of Lylian Lv.3 to your\nhand.\n<Base>\nThis minion cannot move.					ocr	400	「血陣の召喚士」リリアン Lv3	https://www.aicarddass.com/zenonzard/images/cardlist/cards/purple_00_00_03_02.png?v=20201113	base_minion	ベース・ミニオン	purple	紫		PC:03 EVOLVE	8	エヴォーカー	R					
purple_00_00_03_03	purple	「常闇の召喚士」ヤミ Lv1	Yahmy - Conjurer of the Everlasting Night Lv.1				《ベース》\n【配置時】\n「「ヤミの召喚獣」アンドロスLv1」1枚を手札こ\n加える。\n《ベース》\nこのマナは移動できない。	"<Base> [When Placed]\nAdd one ""Andoros - Of Yahmy Lv.1"" to your hand.\n<Base>\nThis minion cannot move."					ocr	401	「常闇の召喚士」ヤミ Lv1	https://www.aicarddass.com/zenonzard/images/cardlist/cards/purple_00_00_03_03.png?v=20201113	base_minion	ベース・ミニオン	purple	紫		PC:03 EVOLVE	8	エヴォーカー	L					
purple_00_00_03_04	purple	「常闇の召喚士」ヤミ Lv2	Yahmy - Conjurer of the Everlasting Night Lv.2				《ベース》\n【配置時】\n「「ヤミの召喚獣」アンドロスLv2」1枚を手札こ\n加える。\n《ベース》\nこのマナは移動できない。	"<Base> [When Placed]\nAdd one ""Andoros - Of Yahmy Lv.2"" to your hand.\n<Base>\nThis minion cannot move."					ocr	402	「常闇の召喚士」ヤミ Lv2	https://www.aicarddass.com/zenonzard/images/cardlist/cards/purple_00_00_03_04.png?v=20201113	base_minion	ベース・ミニオン	purple	紫		PC:03 EVOLVE	8	エヴォーカー	L					
purple_00_00_03_05	purple	「常闇の召喚士」ヤミ Lv3	Yahmy - Conjurer of the Everlasting Night Lv.3				《ベース》\n【配置時】\n「「ヤミの召喚獣」アンドロスLv3」1枚を手札こ\n加える。\n《ベース》\nこのマナは移動できない。	"<Base> [When Placed]\nAdd one ""Andoros - Of Yahmy Lv.3"" to your hand.\n<Base>\nThis minion cannot move."					ocr	403	「常闇の召喚士」ヤミ Lv3	https://www.aicarddass.com/zenonzard/images/cardlist/cards/purple_00_00_03_05.png?v=20201113	base_minion	ベース・ミニオン	purple	紫		PC:03 EVOLVE	8	エヴォーカー	L					
purple_00_00_04_00	purple	「菫の魔術師」スカル	Cainium - The Violet Wizard				《ベース》\n【配置時】\n「スカルの第1魔法：チャージ」1枚を手札に加え\n《ベース》\nこのマナは移動できない。	"<Base> [When Placed]\nAdd one Cainium's Spells, Entry 1\nCharge"" to your hand\n<Base>\nThis minion cannot move"					ocr	404	「菫の魔術師」スカル	https://www.aicarddass.com/zenonzard/images/cardlist/cards/purple_00_00_04_00.png?v=20201113	base_minion	ベース・ミニオン	purple	紫		PC:04 FORBIDDEN	6	エヴォーカー	R					
purple_00_00_04_01	purple	「暗黒の魔術師」シャドー	Sheid - The Umbra Wizard				《ベース》\n【配置時】\n「シャドーの第1魔法：ブレイクソード」\n1枚を手\n札に加える。\n《ベース》\nこのマナは移動できない。	<Base> [When Placed]\nAdd one Sheid's Spells, Entry 1: Sword\nof Destruction to your hand.\n<Base>\nThis minion cannot move.					ocr	405	「暗黒の魔術師」シャドー	https://www.aicarddass.com/zenonzard/images/cardlist/cards/purple_00_00_04_01.png?v=20201113	base_minion	ベース・ミニオン	purple	紫		PC:04 FORBIDDEN	6	エヴォーカー	E					
purple_00_00_04_02	purple	ヴィオレ魔ゐ Lv1	Mai Viole Lv.1				《ベース》\n【配置時】\n「デモ・ボーン」1枚を手札に加える。その後、\n《ベース》\nこのマナは移動できない。\nEPIＣ	———\n<Base> [When Placed]\nAdd one Demo-Bone to your hand. Mai\nViole becomes Lv.2\n<Base>\nThis minion cannot move					ocr	406	ヴィオレ魔ゐ Lv1	https://www.aicarddass.com/zenonzard/images/cardlist/cards/purple_00_00_04_02.png?v=20201113	base_minion	ベース・ミニオン	purple	紫		PC:04 FORBIDDEN	6	カードバトラー	E					
purple_00_00_04_03	purple	ヴィオレ魔ゐ Lv2	Mai Viole Lv.2				《ベース》\n【配置時】\n「魔界七将ベルゼビト」1枚を手札に加える。そ\n《ベース》\nこのマナは移動できない\nEPIＣ	"<Base> [When Placed]\nAdd one The SevenShogun Beelzebeat\nto your hand. Mai Viole"" becomes Lv.3.\n<Base>\nThis minion cannot move."					ocr	407	ヴィオレ魔ゐ Lv2	https://www.aicarddass.com/zenonzard/images/cardlist/cards/purple_00_00_04_03.png?v=20201113	base_minion	ベース・ミニオン	purple	紫		PC:04 FORBIDDEN	6	カードバトラー	E					
purple_00_00_04_04	purple	ヴィオレ魔ゐ Lv3	Mai Viole Lv.3				《ベース》【配置時】\n「魔界七将アスモディオス」1枚を手札に加える。\n《ベース》\nこのマナは移動できない。\nEPIＣ	<Base> [When Placed]\nAdd one The SevenShogun Asmodios\nto your hand.\n<Base>\nThis minion cannot move.					ocr	408	ヴィオレ魔ゐ Lv3	https://www.aicarddass.com/zenonzard/images/cardlist/cards/purple_00_00_04_04.png?v=20201113	base_minion	ベース・ミニオン	purple	紫		PC:04 FORBIDDEN	6	カードバトラー	E					
purple_00_00_04_05	purple	紫乃宮 まゐ	Mai Shinomiya				《ベース》\n【配置時】\n自分のミニオンカーでい無色マナ1つを「コア」\nに変更する。その後、自分のデッキを上から3枚見\nて、その中の種族「BS」または「デーモン」を持つミニ\nオンカード1枚を破棄する。残りをランダムにデッキ\nの下に戻す。\n《ベース》\nこのマナは移動できない。	<Base> [When Placed]\nChange one of your Neutral Mana that is not\nminion card into a Core. Then, look at the top three\ncards of your deck and select one minion belonging\nto the BS or Demon class to send to the trash. Put\nthe rest back on the bottom of your deck in\nrandom order.\n<Base>\nThis minion cannot move.					ocr	409	紫乃宮 まゐ	https://www.aicarddass.com/zenonzard/images/cardlist/cards/purple_00_00_04_05.png?v=20201113	base_minion	ベース・ミニオン	purple	紫		PC:04 FORBIDDEN	6	カードバトラー	R					
purple_00_00_04_06	purple	騎士王蛇ペンドラゴン	The KnightSnake Pendragon				《ベース》\n【配置時】\n自分の紫マナが（このマナを含めて）3つ以上ある\n場合、相手のBP200以下のミニオン1体を破壊\nし、自分はカドを1枚引く。	Boost: BS + Cost 2 or Higher\n<Base> [When Placed]\nIf you have three or more different Purple Mana (including this one), destroy one of your opponent's minions with 200BP or less, and draw one card.					ocr	410	騎士王蛇ペンドラゴン	https://www.aicarddass.com/zenonzard/images/cardlist/cards/purple_00_00_04_06.png?v=20201113	base_minion	ベース・ミニオン	purple	紫		PC:04 FORBIDDEN	6		R					
purple_00_00_04_07	purple	デス・ヘイズ	Death-Haze				《ベース》\n【配置時】\n自分のミ二オン1体を破壊できる。そうした場合、\n自分はカードを1枚引く。	Boost: BS + Cost 2 or Higher\n<Base> [When Placed]\nDestroy one of your minions. If you do\ndraw one card.					ocr	411	デス・ヘイズ	https://www.aicarddass.com/zenonzard/images/cardlist/cards/purple_00_00_04_07.png?v=20201113	base_minion	ベース・ミニオン	purple	紫		PC:04 FORBIDDEN	6		C					
purple_00_00_05_00	purple	永遠の魔女	The Eternal Witch				《ベース》\n【配置時】\nこのターン中、自分のプレイヤーに「自分のプレイ\nヤーがダメージを受けるたぴ、自分のプレイヤーを\n1回復する。」を与える。\n【破壊時】\nこのミニオンを手札に戻す。	<Base> [When Placed]\nFor the duration of this turn, you receive\nthe following effect\nRestore 1 Life point whenever damage is\ndealt to your Life.\n[When Destroyed]\nThis minion returns to your hand.					ocr	412	永遠の魔女	https://www.aicarddass.com/zenonzard/images/cardlist/cards/purple_00_00_05_00.png?v=20201113	base_minion	ベース・ミニオン	purple	紫		PC:05 GLORY	2	ヒューマノイド	E					
purple_00_01_00_00	purple	タナトスの亡者	The Wanderers of Thanatos		300	1	《デッキ》\nこのカードは何枚でもデッキに入れられる。\n【常時】\nこのカードはブロックできない。	<Deck>\nA deck can have any number of this card.\n[Passive]\nThis minion cannot block.	Basic	Basic Deck	Basic		gamerch	392	タナトスの亡者	https://www.aicarddass.com/zenonzard/images/cardlist/cards/purple_00_01_00_00.png?v=20201113	base_minion	ベース・ミニオン	purple	紫		ベーシック	15	スケルトン	Basic					
purple_00_01_01_00	purple	タナトスの守護者	Guardian of Thanatos		100	1	【常時】\nこのミニオンはブロックできない。\n《ベース》【自分のターン終了時】\nこのマナをアクティブにする。	[Passive]\nThis minion cannot block.\n<Base> [At the End of Your Turn]\nThis mana enters the Active State.	AWAKEN				gamerch	391	タナトスの守護者	https://www.aicarddass.com/zenonzard/images/cardlist/cards/purple_00_01_01_00.png?v=20201113	base_minion	ベース・ミニオン	purple	紫		PC:01 AWAKEN	14	スケルトン	R					
purple_00_01_01r_00	purple	スケルトンの獄吏	Skeleton Jailer		300	1	【常時】\nこのミニオンはブロックできない。\n【配置時】\n自分は、相手の破壊されたフォース1つ毎に1枚カードを引く。	[Passive]\nThis minion cannot block.\n<Base> [When Placed]\nDraw one card for each of your\nopponent's Forces that is destroyed.	BEYOND				gamerch	393	スケルトンの獄吏	https://www.aicarddass.com/zenonzard/images/cardlist/cards/purple_00_01_01r_00.png?v=20201113	base_minion	ベース・ミニオン	purple	紫		PC:01R BEYOND	12	スケルトン	E					
purple_00_01_02_00	purple	「沼精」ロッツ	Dekay - The Swamp Sprite		300	0	［加護:紫］	Boost: Purple	CONTRACT				gamerch	394	「沼精」ロッツ	https://www.aicarddass.com/zenonzard/images/cardlist/cards/purple_00_01_02_00.png?v=20201113	base_minion	ベース・ミニオン	purple	紫		PC:02 CONTRACT	11	ニンフ	C					
purple_00_01_02_01	purple	「影精」プルシャ	Prusha - The Shadow Sprite		100	1	［加護:紫+コスト4以上］\n«付与能力»［奪命］	Boost: Purple + Cost 4 or Higher\n<Boost Ability> Revenge	CONTRACT				gamerch	395	「影精」プルシャ	https://www.aicarddass.com/zenonzard/images/cardlist/cards/purple_00_01_02_01.png?v=20201113	base_minion	ベース・ミニオン	purple	紫		PC:02 CONTRACT	11	ニンフ	E					
purple_00_01_02r_00	purple	「反響精」エコー	Reverb - The Echo Sprite				《付与能力》\n【自分の夕-\nこのミニオンが与えるDPによるダメージでフォ\nスが破壊されるたび、そのフォースの【破壊時】効\n果は発揮しない。	eee Boost: Purple\n<Boost Ability> [On Your Turn]\nWhen a Force is destroyed by this\nminion's DP, the [When Destroyed] abilities of\nthat Force will not activate.					ocr	396	「反響精」エコー	https://www.aicarddass.com/zenonzard/images/cardlist/cards/purple_00_01_02r_00.png?v=20201113	base_minion	ベース・ミニオン	purple	紫		PC:02R DIVINE	10	ニンフ	R					
purple_00_01_02r_01	purple	「霧精」ロゼ	Misty - The Fog Sprite				《ベー\n【配置時】\n自分のトラッシュにある、\n、コスト7のフィールド\nミニオンカード1枚を手札戻す。\nEPⅠＣ	Boost: Purple + Cost 2 or Higher\n<Base> [When Placed]\nReturn one Field Minion card with cost 7 from your trash to your hand.					ocr	397	「霧精」ロゼ	https://www.aicarddass.com/zenonzard/images/cardlist/cards/purple_00_01_02r_01.png?v=20201113	base_minion	ベース・ミニオン	purple	紫		PC:02R DIVINE	10	ニンフ	E					
purple_00_01_04_00	purple	デモ・ボーン	Demo-Bone	0			【自分の夕\nこのミニオンは移動できない。	Revenge\n[On Your Turn]\nThis minion cannot move.					ocr	390	デモ・ボーン	https://www.aicarddass.com/zenonzard/images/cardlist/cards/purple_00_01_04_00.png?v=20201113	field_minion	フィールド・ミニオン	purple	紫	0	PC:04 FORBIDDEN	6	BS	E					
purple_01_01_03_00	purple	花嫁の亡霊	Specter of the Bride	1			【召喚時】\n自分の種族「エヴォーカー」を持つ、紫または無色\nのマナがある場合、自分のデッキを上から3枚破棄\nする。\n【常時】\nこのミニオンはベースに移動するとき、レスト状態\nで移動する。	[When Summoned]\nIf you have Purple or Neutral Mana\nbelonging to the Evoker class in your base\ndiscard the top three cards of your deck\n[Passive]\nThis minion enters the Rest State when it\nmoves to your base.					ocr	416	花嫁の亡霊	https://www.aicarddass.com/zenonzard/images/cardlist/cards/purple_01_01_03_00.png?v=20201113	field_minion	フィールド・ミニオン	purple	紫	1	PC:03 EVOLVE	8	モンスター	R					
purple_01_01_04_00	purple	ソードール	Swordoll	1			【召喚時】&【破壊時】\n自分のデッキを上から1枚破棄する。\n【常時】\nこのミニオンはベースに移動するとき、レスト状態\nで移動する。	[When Summoned] & [When Destroyed]\nDiscard the top card of your deck.\n[Passive]\nThis minion enters the Rest State when it\nmoves to the base.					ocr	417	ソードール	https://www.aicarddass.com/zenonzard/images/cardlist/cards/purple_01_01_04_00.png?v=20201113	field_minion	フィールド・ミニオン	purple	紫	1	PC:04 FORBIDDEN	6	BS|スケルトン	C					
purple_01_01_04_01	purple	ソウルホース	Soulhorse	1			【破壊時】\nこのタ一ン中、自分の赤または紫のミニオン全てを\nBP+200する。\n【常時】\nこのミニオンはベースに移動するとき、\nレスト状態\nで移動する。	[When Destroyed]\nAll your Red and Purple Minions gain\n+200BP for the duration of this turn.\n[Passive]\nThis minion enters the Rest State when it\nmoves to the base.					ocr	418	ソウルホース	https://www.aicarddass.com/zenonzard/images/cardlist/cards/purple_01_01_04_01.png?v=20201113	field_minion	フィールド・ミニオン	purple	紫	1	PC:04 FORBIDDEN	6	BS	C					
purple_01_01_05_00	purple	アーマーバット	Armored Bat	1			【自分の夕\n自分のプレイヤーがダメージを受けるたび、\n自分は\nカードを１枚引く。この効果は重複しない。\n【常時】\nこのミニオンはベースに移動するとき、\nレスト状態\nで移動する。	[On Your Turn]\nWhenever damage is dealt to your Life\ndraw one card. This effect cannot stack\n[Passive]\nThis minion enters the Rest State when it\nmoves to the base.					ocr	419	アーマーバット	https://www.aicarddass.com/zenonzard/images/cardlist/cards/purple_01_01_05_00.png?v=20201113	field_minion	フィールド・ミニオン	purple	紫	1	PC:05 GLORY	2	ウイング	C					
purple_01_02_01_00	purple	マッドール	Maddor	1	300	1	【常時】\nこのミニオンは、このミニオンのバトル終了時に破壊される。\n【常時】\nこのミニオンはベースに移動するとき、レスト状態で移動する。	[Passive]\nThis minion will be destroyed after it\nfinishes a battle.\n[Passive]\nThis minion enters the Rest State when it\nmoves to the base.	AWAKEN				gamerch	414	マッドール	https://www.aicarddass.com/zenonzard/images/cardlist/cards/purple_01_02_01_00.png?v=20201113	field_minion	フィールド・ミニオン	purple	紫	1	PC:01 AWAKEN	14	モンスター	C					
purple_01_02_02_00	purple	ミュルミュール	Mimiel	1(紫1)	100	0	【破壊時】\n自分の紫のミニオン1体にBP+100を付与する。\n【常時】\nこのミニオンはベースに移動するとき、レスト状態で移動する。	[When Destroyed]\nSelect one of your Purple Minions to\nreceive +100BP.\n[Passive]\nThis minion enters the Rest State when it\nmoves to the base.	CONTRACT				gamerch	415	ミュルミュール	https://www.aicarddass.com/zenonzard/images/cardlist/cards/purple_01_02_02_00.png?v=20201113	field_minion	フィールド・ミニオン	purple	紫	1	PC:02 CONTRACT	11	モンスター	R					
purple_01_02_03_00	purple	闇からの刺客	Assassin of the Night	1			プレイヤー1人を選択する。そのプレイヤーのデッ\nキを上から2枚破棄する。	[Main] Select either player. That player discards the top two cards of their deck.					ocr	422	闇からの刺客	https://www.aicarddass.com/zenonzard/images/cardlist/cards/purple_01_02_03_00.png?v=20201113	magic	マジック	purple	紫	1	PC:03 EVOLVE	8		C					
purple_01_02_04_00	purple	スカルの第1魔法：チャージ	Cainium's Spells, Entry 1: Charge	1			【メイン】\n自分のデッキを上から3枚見て、その中のフィール\nド・ミニオンカード1枚を破棄する。残りをランダ\nムにデッキの下に戻す。その後、このカードを除外\n手札に加える。	"This card is is part of the Arcana class.\n[Main]\nLook at the top three cards of your deck\nand send one Field Minion card from them to\nthe trash. Put the rest back on the bottom of\nyour deck in random order. Then, banish this\ncard and add. one ""Cainium's Spells, Entry 2: Sacrifice"" to your hand."					ocr	423	スカルの第1魔法：チャージ	https://www.aicarddass.com/zenonzard/images/cardlist/cards/purple_01_02_04_00.png?v=20201113	magic	マジック	purple	紫	1	PC:04 FORBIDDEN	6		R					
purple_01_02_04_01	purple	シャドーの第1魔法：ブレイクソード	Sheid's Spells, Entry 1: Sword of Destruction	1			【メイン】\n自分のミ二オン1体に奪命〕を付与する。その\n後、このカードを除外して「ャドーの第2魔法：\nラックライトニング」1枚を手札に加える。	"This card is part of the Arcana class.\n[Main]\nSelect one of your minions to receive the {Revenge} effect.\nThen, banish this card and add one ""Sheid's Spells, Entry 2: Black Lightning"" to your hand."					ocr	424	シャドーの第1魔法：ブレイクソード	https://www.aicarddass.com/zenonzard/images/cardlist/cards/purple_01_02_04_01.png?v=20201113	magic	マジック	purple	紫	1	PC:04 FORBIDDEN	6		E					
purple_01_02_05_00	purple	ライフスティール	Life Pilfer	1			【フラッシュ】\nこのターン中、自分のミニオン1体をBP+300す\nる。このバトル中、そのミニオンがバトルに勝利した\n場合、自分のプレイヤーを1回復する。	This card's Purple Mana cost can be paid\nusing mana belonging to the Legion class.\n[Flash]\nSelect one of your minions to gain +300BP for the duration of this turn. If that\nminion wins this battle, restore 1 Life point.					ocr	425	ライフスティール	https://www.aicarddass.com/zenonzard/images/cardlist/cards/purple_01_02_05_00.png?v=20201113	magic	マジック	purple	紫	1	PC:05 GLORY	2		R					
purple_01_02_05_01	purple	宴の時間 Lv1	The Banquet Lv.1	1			【メイン】\n自分のプレイヤーに「自分のターン中、自分の種族\n「ヴァンパイア」を持つミニオンがDPによるダメージ\nを与えるたび、そのダメージ分、自分のプレイヤーを\n回復する。」を付与する。この効果は重複しない。\n進化：このカ一ドを手札から使用したとき	"You receive the following effect (this effect cannot stack): During your turn, whenever one of your minions belonging\nto the Vampire class deals DP damage, restore your Life Points by the amount of damage dealt.\nEvolve: Use this card from your hand\n""The Banquet"" becomes Lv.2."					ocr	426	宴の時間 Lv1	https://www.aicarddass.com/zenonzard/images/cardlist/cards/purple_01_02_05_01.png?v=20201113	magic	マジック	purple	紫	1	PC:05 GLORY	2		L					
purple_01_03_01_00	purple	マッドピッド	Mud Pit	1	-	-	【メイン】\nコスト3以下のミニオン1体を破壊する。	[Main] Destroy one minion with a mana cost of 3 or lower.	AWAKEN				gamerch	420	マッドピッド	https://www.aicarddass.com/zenonzard/images/cardlist/cards/purple_01_03_01_00.png?v=20201113	magic	マジック	purple	紫	1	PC:01 AWAKEN	14		C					
purple_01_03_02_00	purple	バッドトーク	Perilous Chitchat	1(紫1)			【メイン】\n自分のデッキを上から3枚破棄する。その後、自分のトラッシュにある、コスト3以下のミニオンカード1枚を手札に戻す。	[Main]\nDiscard the top three cards of your deck. Then, return one minion card with a cost\nof 3 or lower from your trash to your hand.	CONTRACT				gamerch	421	バッドトーク	https://www.aicarddass.com/zenonzard/images/cardlist/cards/purple_01_03_02_00.png?v=20201113	magic	マジック	purple	紫	1	PC:02 CONTRACT	11		C					
purple_01_03_EX04_00	purple	マスカレイド・ドーパント	Token Skeleton S	1			このカードはミニオン・\nクンである。						ocr	427	マスカレイド・ドーパント	https://www.aicarddass.com/zenonzard/images/cardlist/cards/purple_01_03_EX04_00.png?v=20201113	token_minion	ミニオン・トークン	purple	紫	1	EX:04 KAMEN RIDER	4	スケルトン	Basic					
purple_01_03_EX04c_00	purple	S・スケルトン・トークン		1										428	S・スケルトン・トークン	https://www.aicarddass.com/zenonzard/images/cardlist/cards/purple_01_03_EX04c_00.png?v=20201113	token_minion	ミニオン・トークン	purple	紫	1	EX:04 HEROIC_MASQUERADE	3	スケルトン	Basic					
purple_02_00_06_00	purple	執事のヴァンパイア	The Butler				【進撃時】\n自分のプレイヤーに1ダメージを与えることができ\nる。そうした場合、自分のトラッシュにある、種族\n「ヴァンパイア」を持つフィールド・ミニオンカー\nド1枚を手札に戻す。	[When Advancing]\nYou can deal 1 damage to your Life. If\nyou do, retrieve one Field Minion belonging\nto the Vampire class from your trash and\nreturn it to your hand.					ocr	413	執事のヴァンパイア	https://www.aicarddass.com/zenonzard/images/cardlist/cards/purple_02_00_06_00.png?v=20201113	base_minion	ベース・ミニオン	purple	紫		PC:06 HELIX	1		C					
purple_02_01_03_00	purple	タナトスの海賊	Pirates of Thanatos	2			【破壊時】\n自分はカードを1枚引く	[When Destroyed]\nDraw one card.					ocr	436	タナトスの海賊	https://www.aicarddass.com/zenonzard/images/cardlist/cards/purple_02_01_03_00.png?v=20201113	field_minion	フィールド・ミニオン	purple	紫	2	PC:03 EVOLVE	8	スケルトン	R					
purple_02_01_04_00	purple	妖薬の売人	Merchant of Mysteries	2			【召喚時】＆【加護時】\nこのターン中、このミニオンに「このミニオンが\nフォースにアタックした場合、このバトル中、このミ\nニオンをDP+1する。」を与える。	[When Summoned] & [When Boosted]\nThis minion receives the following effect\nfor the duration of this turn\nIf attacking a Force, this minion gains\n+1DP for the duration of the battle.					ocr	437	妖薬の売人	https://www.aicarddass.com/zenonzard/images/cardlist/cards/purple_02_01_04_00.png?v=20201113	field_minion	フィールド・ミニオン	purple	紫	2	PC:04 FORBIDDEN	6	デーモン	C					
purple_02_01_04_01	purple	シキツル	Shikitsuru	2			【召喚時】\nスイッチ：「デーモン」\n自分の種族\n「BS」または「カードバトラー」を持\nつマナがある場合、自分はカードを1枚引く。	[When Summoned] & Switch: Demon\nIf you have a card belonging to the BS or\nCard Battler class in your base, draw one\ncard.					ocr	438	シキツル	https://www.aicarddass.com/zenonzard/images/cardlist/cards/purple_02_01_04_01.png?v=20201113	field_minion	フィールド・ミニオン	purple	紫	2	PC:04 FORBIDDEN	6	BS	C					
purple_02_01_04_02	purple	冥闘士バラム	The HellFighter Balam	2			【召喚時】\n自分のミニオンカードでない無色マナ1つを「コ\nア」に変更する。	Revenge\n[When Summoned]\nChange one of your Neutral Mana that is\nnot a minion card into a Core.					ocr	439	冥闘士バラム	https://www.aicarddass.com/zenonzard/images/cardlist/cards/purple_02_01_04_02.png?v=20201113	field_minion	フィールド・ミニオン	purple	紫	2	PC:04 FORBIDDEN	6	BS|デーモン	R					
purple_02_01_05_00	purple	美食のヴァンパイア	The Gourmet	2			【召喚時】\n自分のプレイヤーに1ダメージを与えることができ\nる。そうした場合、このミ二オンにBP+300/DP\n+1を付与する。	[When Summoned]\nYou can deal 1 damage to your Life. If\nyou do, this minion receives +300BP/+1DP.					ocr	442	美食のヴァンパイア	https://www.aicarddass.com/zenonzard/images/cardlist/cards/purple_02_01_05_00.png?v=20201113	field_minion	フィールド・ミニオン	purple	紫	2	PC:05 GLORY	2		C					
purple_02_01_06_00	purple	「吸血姉妹・姉」シーラ	Sheilah - The Elder Sister	7			【召喚時】\n自分のプレイヤーに1ダメージを与えることができ\nる。そうした場合、相手の最もコストの高いミ二オン全\nてを破壊する。\n【常時】\n自分のプレイヤーが自分の効果によるダメジを受け\nるたび、相手のプレイヤーに1ダメージを与える。\nLEＧEND	[When Summoned]\nYou can deal 1 damage to your Life. If you\ndo, destroy all of your opponent's minions\nwith the highest cost.\n[Passive]\nWhenever your Life takes damage from\ncard effect, deal 1 damage to your opponent's\nLife.					ocr	538	「吸血姉妹・姉」シーラ	https://www.aicarddass.com/zenonzard/images/cardlist/cards/purple_02_01_06_00.png?v=20201113	field_minion	フィールド・ミニオン	purple	紫	7	PC:06 HELIX	1		L					
purple_02_01_EX04_00	purple	スミロドン・ドーパント	Monstrosity 05 - Skull Sabertooth	2			【破壊時】\nお互いのデッキを上から1枚ずつ破棄する。	Revenge\n[When Destroyed]\nDiscard the top card from your and your\nopponent's deck.					ocr	440	スミロドン・ドーパント	https://www.aicarddass.com/zenonzard/images/cardlist/cards/purple_02_01_EX04_00.png?v=20201113	field_minion	フィールド・ミニオン	purple	紫	2	EX:04 KAMEN RIDER	4	デーモン	C					
purple_02_01_EX04c_00	purple	怪異05 スカル・スミロドン		2			【破壊時】\nお互いのデッキを上から1枚ずつ破棄する。						ocr	441	怪異05 スカル・スミロドン	https://www.aicarddass.com/zenonzard/images/cardlist/cards/purple_02_01_EX04c_00.png?v=20201113	field_minion	フィールド・ミニオン	purple	紫	2	EX:04 HEROIC_MASQUERADE	3	デーモン	C					
purple_02_02_00_00	purple	ツインテールキャット	Two-Tailed Cat	2	200	1	［奪命］	Revenge	Basic				gamerch	431	ツインテールキャット	https://www.aicarddass.com/zenonzard/images/cardlist/cards/purple_02_02_00_00.png?v=20201113	field_minion	フィールド・ミニオン	purple	紫	2	ベーシック	15	ビースト	Basic					
purple_02_02_00_01	purple	シルバーヘッドクロウ	Silverhead Crow	2	300	1	効果なし		Basic				gamerch	432	シルバーヘッドクロウ	https://www.aicarddass.com/zenonzard/images/cardlist/cards/purple_02_02_00_01.png?v=20201113	field_minion	フィールド・ミニオン	purple	紫	2	ベーシック	15	ウイング	Basic					
purple_02_02_01_00	purple	ラスカル・インプ	Mischievous Imp	2	200	1	【破壊時】\nこのターン中、相手のミニオン1体をBP-200して、本来の数値をDP-1する。	[When Destroyed]\nOne of your opponent's minions loses\n-200BP and -1DP of its original DP value for\nthe duration of this turn.	AWAKEN				gamerch	429	ラスカル・インプ	https://www.aicarddass.com/zenonzard/images/cardlist/cards/purple_02_02_01_00.png?v=20201113	field_minion	フィールド・ミニオン	purple	紫	2	PC:01 AWAKEN	14	デーモン	C					
purple_02_02_01_01	purple	アッシュブリンガー	Ashbringer	2	700	2	【常時】\n相手のフォースが1つ以上ある場合、このミニオンはアタックもブロックも移動もできない。\n【常時】\n他の自分のミニオンがフォースにアタックするたび、このバトル中、そのミニオンをBP+200する。	[Passive]\nIf your opponent has one or more Forces\nthis minion cannot attack, block, or move.\n[Passive]\nWhenever one of your other minions\nattacks a Force, that minion gains +200BP for\nthe duration of the battle.	AWAKEN				gamerch	430	アッシュブリンガー	https://www.aicarddass.com/zenonzard/images/cardlist/cards/purple_02_02_01_01.png?v=20201113	field_minion	フィールド・ミニオン	purple	紫	2	PC:01 AWAKEN	14	モンスター	E					
purple_02_02_01r_00	purple	酔いどれインプ	Drunken Imp	2	200	1	【破壊時】\n相手のフォース1つに1ダメージを与える。	[When Destroyed]\nDeal 1 damage to one of your opponent's\nForces.	BEYOND				gamerch	433	酔いどれインプ	https://www.aicarddass.com/zenonzard/images/cardlist/cards/purple_02_02_01r_00.png?v=20201113	field_minion	フィールド・ミニオン	purple	紫	2	PC:01R BEYOND	12	デーモン	R					
purple_02_02_02_00	purple	「さまよえる骨」リシャール	Richeau - The Wandering Bones	2(紫1)	100	1	［奪命］\n【加護時】\nこのターン中、自分のプレイヤーに「相手のミニオンが破壊されるたび、自分はカードを1枚引く。」を与える。	Revenge\n[When Boosted]\nYou receive the following effect for the\nduration of this turn\nWhenever one of your opponent's\nminions is destroyed, draw one card.	CONTRACT				gamerch	434	「さまよえる骨」リシャール	https://www.aicarddass.com/zenonzard/images/cardlist/cards/purple_02_02_02_00.png?v=20201113	field_minion	フィールド・ミニオン	purple	紫	2	PC:02 CONTRACT	11	スケルトン	R					
purple_02_02_02r_00	purple	ドゥーズアイ	Dodec Eye	2			【破壊時】\n相手のDPがX以下のミ二オン1体を破壊する。Xは\n相手の破壊されたフォスの数と同じとする。	[When Destroyed]\nDestroy one of your opponent's minions\nwith a DP of X or lower, where X is the\nnumber of your opponent's Forces that have\nbeen destroyed.					ocr	435	ドゥーズアイ	https://www.aicarddass.com/zenonzard/images/cardlist/cards/purple_02_02_02r_00.png?v=20201113	field_minion	フィールド・ミニオン	purple	紫	2	PC:02R DIVINE	10	モンスター	R					
purple_02_02_03_00	purple	絡みつく腕	Wrapping Limbs	2			【メインノ【フラッシュ】\nこのターン中、自分のミニオン1体をBP+400/\nDP+1する。このターン終了時、そのミニオンを破\n壊する。	[Main]/[Flash]\nSelect one of your minions to gain +400BP/+1DP for the duration of this turn.\nAt the end of this turn, destroy that minion.					ocr	447	絡みつく腕	https://www.aicarddass.com/zenonzard/images/cardlist/cards/purple_02_02_03_00.png?v=20201113	magic	マジック	purple	紫	2	PC:03 EVOLVE	8		R					
purple_02_02_04_00	purple	シャドーの第2魔法：ブラックライトニング	Sheid's Spells, Entry 2: Black Lightning	2			【メイン】\n相手のミ二オン1体にBP-400を付与する。その\nスボール」１枚を手札に加える。	"This card is part of the Arcana class.\n[Main]\nDeal -400BP to one of your opponent's minions. Then, banish this card and add one ""Sheid's Spells, Entry 3: Sphere of Demise to your hand."					ocr	448	シャドーの第2魔法：ブラックライトニング	https://www.aicarddass.com/zenonzard/images/cardlist/cards/purple_02_02_04_00.png?v=20201113	magic	マジック	purple	紫	2	PC:04 FORBIDDEN	6		E					
purple_02_03_00_00	purple	リターニング	Return	2	-	-	【メイン】\n自分のトラッシュにある、種族「デーモン」を持つミニオンカードを2枚まで手札に戻す。	[Main]\nReturn up to two minion cards belonging to the Demon class from your trash to your hand.	Basic				gamerch	446	リターニング	https://www.aicarddass.com/zenonzard/images/cardlist/cards/purple_02_03_00_00.png?v=20201113	magic	マジック	purple	紫	2	ベーシック	15		Basic					
purple_02_03_00_01	purple	怨念の生霊	Wraith of Malice	2	-	-	【メイン】/【フラッシュ】\nこのターン中、ミニオン1体をBP+300して［奪命］を与える。	[Main]/[Flash] Select one minion to\ngain +300BP and\nthe Revenge effect for the duration of this turn.	Basic				gamerch	445	怨念の生霊	https://www.aicarddass.com/zenonzard/images/cardlist/cards/purple_02_03_00_01.png?v=20201113	magic	マジック	purple	紫	2	ベーシック	15		Basic					
purple_02_04_00_00	purple	S・アリュシナシオン・トークン	Token Revenant S	2	200	1	[奪命]	Revenge	Basic				gamerch	449	S・アリュシナシオン・トークン	https://www.aicarddass.com/zenonzard/images/cardlist/cards/purple_02_04_00_00.png?v=20201113	token_minion	ミニオン・トークン	purple	紫	2	ベーシック	15	スケルトン	Basic					
purple_03_01_03_00	purple	スカルラット	Skull Rat	3				Infiltrate						457	スカルラット	https://www.aicarddass.com/zenonzard/images/cardlist/cards/purple_03_01_03_00.png?v=20201113	field_minion	フィールド・ミニオン	purple	紫	3	PC:03 EVOLVE	8	ラット	C					
purple_03_01_03_01	purple	豚コウモリ	Hog-Faced Bat	3			【自分の夕\nこのミニオンがフォースにアタックした場合、その\nフォースに1ダメージを与える。	[On Your Turn]\nIf attacking a Force, deal 1 damage to\nthat Force.					ocr	458	豚コウモリ	https://www.aicarddass.com/zenonzard/images/cardlist/cards/purple_03_01_03_01.png?v=20201113	field_minion	フィールド・ミニオン	purple	紫	3	PC:03 EVOLVE	8	ウイング	C					
purple_03_01_04_00	purple	タナトスの暗殺者	Hitman of Thanatos	3			【破壊時】\n相手のミ二オン1体にBP-200と本来の数値にDP。\n1を付与する。	[When Destroyed]\nDeal -200BP and -1DP to one of your\nopponent's minions. The DP reduction\napplies only to the minion's original DP value.					ocr	459	タナトスの暗殺者	https://www.aicarddass.com/zenonzard/images/cardlist/cards/purple_03_01_04_00.png?v=20201113	field_minion	フィールド・ミニオン	purple	紫	3	PC:04 FORBIDDEN	6	スケルトン	C					
purple_03_01_04_01	purple	「案内人」ジェントルマン	Don - The Usher	3			【召喚時】\n自分のトラッシュにある、コストX以下のフィール\nド・ミニオンカード1枚を手札に戻す。Xは自分の\n種族「エヴォーカー」を持つ紫マナの数と同じとす	Revenge\n[When Summoned]\nReturn one Field Minion card with a cost\nof X or lower from your trash to your\nhand, where X is the number of Purple Mana\nbelonging to the Evoker class in your <Base>					ocr	460	「案内人」ジェントルマン	https://www.aicarddass.com/zenonzard/images/cardlist/cards/purple_03_01_04_01.png?v=20201113	field_minion	フィールド・ミニオン	purple	紫	3	PC:04 FORBIDDEN	6	デーモン	R					
purple_03_01_04_02	purple	グラシャハウンド	Glasyahound	3			【相手の夕\nこのミニオンがフィールドに出るたび、自分はカー\nドを１枚引く。\n《トラッシュ》\n自分のトラッシュからこのカードを手札に戻す場\n合、このミニオンを出す。	[On Your Opponent's Turn]\nWhenever this minion enters the field\ndraw one card.\n<Trash>\nIf this minion returns to your hand from\nyour trash, put it on your field.					ocr	461	グラシャハウンド	https://www.aicarddass.com/zenonzard/images/cardlist/cards/purple_03_01_04_02.png?v=20201113	field_minion	フィールド・ミニオン	purple	紫	3	PC:04 FORBIDDEN	6	BS|デーモン	R					
purple_03_01_05_00	purple	悪戯好きのヴァンパイア	The Menace	3			【召唤時】\n自分はデッキの中から「宴の時間」1枚を公開して手\n札に加えることができる。その後、自分のデッキを\nシャッフルする。\n《ベース》\n【後退時】\n自分のプレイヤーに1ダメージを与えることができ\nる。そうした場合、相手のコスト4以下のミニオン1体を\n破壊する。	"[When Summoned]\nYou can search your deck for one ""The\nBanquet"", reveal it to your opponent, and add it\nto your hand. Then, shuffle your deck.\n<Base> [When Retreating]\nYou can deal 1 damage to your Life. If you\ndo, destroy one of your opponent's minions\nwith a cost of 4 or lower."					ocr	464	悪戯好きのヴァンパイア	https://www.aicarddass.com/zenonzard/images/cardlist/cards/purple_03_01_05_00.png?v=20201113	field_minion	フィールド・ミニオン	purple	紫	3	PC:05 GLORY	2		C					
purple_03_01_05_01	purple	ブラックランス	Umbral Lance	3			【召喚時】\n自分が「悪のフォース“サイクロプス”」を選んでい\nる場合、相手のコストX以下のミニオン1体を破壊\nする。Xは自分の種族「デーモン」または「レギオ\nン」を持つミ二オンの数と同じとする。	[When Summoned]\nIf you have chosen the Force of Sin -\nCyclops, destroy one of your opponent's\nminions with a cost of X or lower, where X is\nequal to the number of minions belonging\nto the Demon or Legion class on your field					ocr	466	ブラックランス	https://www.aicarddass.com/zenonzard/images/cardlist/cards/purple_03_01_05_01.png?v=20201113	field_minion	フィールド・ミニオン	purple	紫	3	PC:05 GLORY	2	デーモン|レギオン	R					
purple_03_01_05_02	purple	「悪魔娘」シンドラ	Cindra - The Demon Girl	3			【進撃時】\n自分のトラッシュにある、\n【破壊時】を持つフィ-\nルド・ミニオンカード1枚を手札に戻す。\n【破壊時】\n自分はカードを１枚引く。	[When Advancing]\nReturn one Field Minion that has a [When\nDestroyed] effect from your trash to your\nhand.\n[When Destroyed]\nDraw one card.					ocr	467	「悪魔娘」シンドラ	https://www.aicarddass.com/zenonzard/images/cardlist/cards/purple_03_01_05_02.png?v=20201113	field_minion	フィールド・ミニオン	purple	紫	3	PC:05 GLORY	2	デーモン	E					
purple_03_01_05_03	purple	「黒の隊長」アイ	Ai - The Wicked Captain	3			【召喚時】&【進撃時】\n自分のフィールド、ベース、トラッシュのいずれかに「「戦\n場を巡る者」アルテガル」がいる場合、相手のコスト3以下の\nミニオン1体を破壊する。\n【アタック時】\n自分が「悪のフォス“サイクロプス”」と「輪のフォス“ウ\nロボロス”」を選んでいる場合、自分のトラッシにある種族\n「レギオン」を持つフィールド・ミニオンカード1枚を、レス\nト状態でべースに置くことができる。	"[When Summoned] & [When Advancing]\nIf there is an ""Artegal - Roamer of the Battlefield"" on\nyour field, in your base, or in your trash, destroy one\nof your opponent's minions with a cost of 3 or lower\n[When Attacking]\nIf you have chosen the Force of Sin - Cyclops and the\nForce of Eternity - Ouroboros, you can place one\nField Minion belonging to the Legion class from your\ntrash into your base in the Rest State."					ocr	468	「黒の隊長」アイ	https://www.aicarddass.com/zenonzard/images/cardlist/cards/purple_03_01_05_03.png?v=20201113	field_minion	フィールド・ミニオン	purple	紫	3	PC:05 GLORY	2	レギオン	E					
purple_03_01_06_00	purple	切り裂きのヴァンパイア	The Ripper	2			【常時】\n自分のプレイヤーが効果によるダメージを受けるた\nぴ、このターン中、このミニオンをBP+200/DP\n+1する。	[Passive]\nWhenever your Life takes damage from\ncard effect, this minion gains +200BP/\n+1DP for the duration of this turn.					ocr	443	切り裂きのヴァンパイア	https://www.aicarddass.com/zenonzard/images/cardlist/cards/purple_03_01_06_00.png?v=20201113	field_minion	フィールド・ミニオン	purple	紫	2	PC:06 HELIX	1		C					
purple_03_01_EX04_00	purple	クレイドール・ドーパント	Monstrosity 04 - Roll the Doll	3			【破壊時】\n自分はカードを１枚引く。\nこのターン終了時、自分\n１枚を手札に戻す。	[When Destroyed]\nDraw one card. At the end of this turn\nreturn one Monstrosity 04 - Roll the Doll\nfrom your trash to your hand.					ocr	462	クレイドール・ドーパント	https://www.aicarddass.com/zenonzard/images/cardlist/cards/purple_03_01_EX04_00.png?v=20201113	field_minion	フィールド・ミニオン	purple	紫	3	EX:04 KAMEN RIDER	4	デーモン	C					
purple_03_01_EX04c_00	purple	怪異04 ドール・ロール		3			【破壊時】\n自分はカードを１枚引く。このターン終了時、自分\n枚を手札に戻す。						ocr	463	怪異04 ドール・ロール	https://www.aicarddass.com/zenonzard/images/cardlist/cards/purple_03_01_EX04c_00.png?v=20201113	field_minion	フィールド・ミニオン	purple	紫	3	EX:04 HEROIC_MASQUERADE	3	デーモン	C					
purple_03_02_00_00	purple	シャドウハンド	Shadowhand	3	300	1	【常時】\n相手の破壊されたフォース1つ毎に、このミニオンをBP+200/DP+1する。	[Passive]\nFor each one of your opponent's Forces\ndestroyed, this minion receives +200BP/\n+1DP.	Basic				gamerch	452	シャドウハンド	https://www.aicarddass.com/zenonzard/images/cardlist/cards/purple_03_02_00_00.png?v=20201113	field_minion	フィールド・ミニオン	purple	紫	3	ベーシック	15	モンスター	Basic					
purple_03_02_01_00	purple	クリムゾンメイル	Crimson Maille	3	300	1	［奪命］\n【アタック時】\nフォースにアタックした場合、このバトル中、このミニオンをDP+1する。	Revenge\n[When Attacking]\nIf attacking a Force, this minion gains\n+1DP for the duration of the battle.	AWAKEN				gamerch	450	クリムゾンメイル	https://www.aicarddass.com/zenonzard/images/cardlist/cards/purple_03_02_01_00.png?v=20201113	field_minion	フィールド・ミニオン	purple	紫	3	PC:01 AWAKEN	14	モンスター	R					
purple_03_02_01_01	purple	「導きの女王」キャサリン	Cathryn - The Queen Pathfinder	3	400	1	［連携：紫］\n【自分のターン】\n他の自分の紫のミニオンが与えるDPによるダメージでフォースが破壊されるたび、自分の無色マナ1つを置き、自分はカードを1枚引く。この効果は重複しない。	Chain: Purple\n[On Your Turn]\nWhenever one of your other Purple\nNeutral Mana and draw one card. This\nMinions destroys a Force using DP, place one\neffect cannot stack.	AWAKEN				gamerch	451	「導きの女王」キャサリン	https://www.aicarddass.com/zenonzard/images/cardlist/cards/purple_03_02_01_01.png?v=20201113	field_minion	フィールド・ミニオン	purple	紫	3	PC:01 AWAKEN	14	デーモン	E					
purple_03_02_01r_00	purple	マッドライノ	Mad Rhino	3	300	1	【後退時】\n相手のミニオン1体にBP-200を付与する。	<Base> [When Retreating]\nDeal -200BP to one of your opponent's\nminions. (This ability activates as a mana\nability.)	BEYOND				gamerch	453	マッドライノ	https://www.aicarddass.com/zenonzard/images/cardlist/cards/purple_03_02_01r_00.png?v=20201113	field_minion	フィールド・ミニオン	purple	紫	3	PC:01R BEYOND	12	アンデッド	C					
purple_03_02_02_00	purple	アン・テ・ロウフェ	Antelophie	3(紫1)	300	1	【召喚時】\n他の自分のミニオン1体を破壊する。そうした場合、このミニオンにBP+200/DP+1を付与する。	[When Summoned]\nDestroy one of your other minions. If you\ndo, this minion receives +200BP/+1DP.	CONTRACT				gamerch	454	アン・テ・ロウフェ	https://www.aicarddass.com/zenonzard/images/cardlist/cards/purple_03_02_02_00.png?v=20201113	field_minion	フィールド・ミニオン	purple	紫	3	PC:02 CONTRACT	11	デーモン	C					
purple_03_02_02r_00	purple	タブーマン	Miscreant	3			【加護時】\nこのミニオンに【破壊時】相のコスト6以下の\nミ二オン1体を破壊する。」を付与する。	[When Boosted]\nThis minion receives the following ability\n[When Destroyed] Destroy one of your\nopponent's minions with a cost of 6 or lower.					ocr	455	タブーマン	https://www.aicarddass.com/zenonzard/images/cardlist/cards/purple_03_02_02r_00.png?v=20201113	field_minion	フィールド・ミニオン	purple	紫	3	PC:02R DIVINE	10	モンスター	C					
purple_03_02_02r_01	purple	棍棒スケルトン	Club Skeleton	3			【召喚時】\n「マッドピッド」1枚を手札に加る。\n(ゲーム外\nから手札に加える）	[When Summoned]\nAdd one Mud Pit to your hand. (This is\nadded from outside of the game.)					ocr	456	棍棒スケルトン	https://www.aicarddass.com/zenonzard/images/cardlist/cards/purple_03_02_02r_01.png?v=20201113	field_minion	フィールド・ミニオン	purple	紫	3	PC:02R DIVINE	10	スケルトン	C					
purple_03_02_04_00	purple	力の吸収	Power Consumption	3			【フラッシュ】\n相手のアタックしているミニオンのDP分、自分の\nプレイヤーを回復する。このターン中、そのミニオ\nンのDPをOにする。	[Flash] af\nIncrease your Life points by the amount\nof DP your opponent's attacking minion has.\nhas. That minion's DP becomes 0 for the\nduration of the turn.					ocr	474	力の吸収	https://www.aicarddass.com/zenonzard/images/cardlist/cards/purple_03_02_04_00.png?v=20201113	magic	マジック	purple	紫	3	PC:04 FORBIDDEN	6		C					
purple_03_02_04_01	purple	スカルの第2魔法：サクリファイス	Cainium's Spells, Entry 2: Sacrifice	3			【メイン】\n自分のミ二オン1体を破壊できる。そうした場合、\n相手のフォース全てに1ダメージを与える。その\nレクション」１枚を手札に加える。	"This card is part of the Arcana class.\n[Main]\nDestroy one of your minions. If you do,\ndeal 1 damage to your opponent's Forces. Then, banish this card and add one\n""Cainium's Spells, Entry 3: Resurrect"" to your hand."					ocr	475	スカルの第2魔法：サクリファイス	https://www.aicarddass.com/zenonzard/images/cardlist/cards/purple_03_02_04_01.png?v=20201113	magic	マジック	purple	紫	3	PC:04 FORBIDDEN	6		R					
purple_03_02_04_02	purple	デッドリィバランス	Deadly Balance	3			【メインノ【フラッシュ】\n相手のミ二オン1体を、相手が選んで破壊する。そ\nの後、自分のミ二オン1体を、自分が選んで破壊す	[Main] / [Flash]\nYour opponent chooses one of their own minions to destroy. Then, you choose one of your own minions to destroy.					ocr	476	デッドリィバランス	https://www.aicarddass.com/zenonzard/images/cardlist/cards/purple_03_02_04_02.png?v=20201113	magic	マジック	purple	紫	3	PC:04 FORBIDDEN	6		C					
purple_03_02_04_03	purple	グリーディコア	Greedy Cores	3			【メイン】ノ【フラッシュ】\n相手のコスト7以下のミニオン1体にBP-400を付\n与する。	[Main] / [Flash]\nDeal -400BP to of of your opponent's\nminions with a cost of 7 or lower.					ocr	477	グリーディコア	https://www.aicarddass.com/zenonzard/images/cardlist/cards/purple_03_02_04_03.png?v=20201113	magic	マジック	purple	紫	3	PC:04 FORBIDDEN	6		C					
purple_03_02_05_00	purple	宴の時間 Lv2	The Banquet Lv.2	3			このターン中、自分の種族「ヴァンパイア」を持つ\nミニオン全てはブロックされない。その後、この\nカードを除外する。	[Main] Your minions belonging to the vampire class cannot be blocked for the duration of this turn.\nThen, banish this card.					ocr	479	宴の時間 Lv2	https://www.aicarddass.com/zenonzard/images/cardlist/cards/purple_03_02_05_00.png?v=20201113	magic	マジック	purple	紫	3	PC:05 GLORY	2		L					
purple_03_02_05_01	purple	吸血鬼の戯れ	Tempted by a Vampire	3			【メイン】ノ【フラッシュ】\n自分のトラッシュにある種族「ヴァンパイア」を持\nつ、コスト6以下のフィールド・ミニオンカード1\n枚を出す。その後、自分のプレイヤーに1ダメージ\nを与える。	[Main]/[Flash] Retrieve one Field Minion with a cost of 6\nor lower belonging to the Vampire class from your trash and put it on your field.\nThen, deal 1 damage to your life.					ocr	478	吸血鬼の戯れ	https://www.aicarddass.com/zenonzard/images/cardlist/cards/purple_03_02_05_01.png?v=20201113	magic	マジック	purple	紫	3	PC:05 GLORY	2		C					
purple_03_02_06_00	purple	ドレスエッジ	Sharply Dressed	5			【フラッシュ】\n相手のミ二オン1体を破壊する。そうした場合、自\n分の種族「ヴァンパイア」を持つミニオンがいるな\nら、自分のプレイヤーを2回復する。	[Flash]\nDestroy one of your opponent's minions. —\nIf you do, and there is a minion belonging to the Vampire class on your field, restore 2 Life points.					ocr	518	ドレスエッジ	https://www.aicarddass.com/zenonzard/images/cardlist/cards/purple_03_02_06_00.png?v=20201113	magic	マジック	purple	紫	5	PC:06 HELIX	1		R					
purple_03_03_01_00	purple	リアニメート	Resurrection	3	-	-	【フラッシュ】\n自分のトラッシュにある、コスト4以下のフィールド・ミニオンカード1枚を出す。	[Flash]\nRetrieve one Field Minion card with a\ncost of 4 or lower from your trash and put it on your field.\n([When Summoned] abilities\nwill not activate.)	AWAKEN				gamerch	470	リアニメート	https://www.aicarddass.com/zenonzard/images/cardlist/cards/purple_03_03_01_00.png?v=20201113	magic	マジック	purple	紫	3	PC:01 AWAKEN	14		C					
purple_03_03_01r_00	purple	交換の壺	Urn of Exchange	3			【メイン】/【フラッシュ】\n自分のミニオン1体を破壊する。そうした場合、自分はカードを2枚引く。	[Main]/[Flash] Destroy one of your minions. If you do, draw two cards.	BEYOND				gamerch	471	交換の壺	https://www.aicarddass.com/zenonzard/images/cardlist/cards/purple_03_03_01r_00.png?v=20201113	magic	マジック	purple	紫	3	PC:01R BEYOND	12		C					
purple_03_03_02_00	purple	ドゥームドロード	Road of Doom	3(紫1)			【メイン】/【フラッシュ】\n相手のミニオン1体にBP-200を付与する。そうした場合、自分の紫のミニオン全てにBP+100を付与する。	[Main] / [Flash]\nDeal -200BP to one of your opponents\nminions. If you do, all your purple Minions receive +100BP.	CONTRACT				gamerch	472	ドゥームドロード	https://www.aicarddass.com/zenonzard/images/cardlist/cards/purple_03_03_02_00.png?v=20201113	magic	マジック	purple	紫	3	PC:02 CONTRACT	11		R					
purple_03_03_02r_00	purple	ドレイン・リチュアル	Ritual of Draining	3			【メイン】\n相手のフォース1つに1ダメージを与え、自分のプ\nレイヤーを１回復する。	[Main]\nDeal 1 damage to one of your opponent's Forces, and restore 1 point to your Life.					ocr	473	ドレイン・リチュアル	https://www.aicarddass.com/zenonzard/images/cardlist/cards/purple_03_03_02r_00.png?v=20201113	magic	マジック	purple	紫	3	PC:02R DIVINE	10		R					
purple_04_01_03_00	purple	「タナトスの放浪者」ナイブス	Dirk - Vagabond of Thanatos	4			【召喚時】\nお互いのデッキを上から3枚ずつ破棄する\n【常時】\nこのミニオンがアクティブ状態でなければ[加護〕は付与\nされない。\n【加護時】\n紫の加護である場合、加護しているマナを除外して、\n「闇夜の狂人」ナイブス」に変形する。	"[When Summoned]\nYou and your opponent discard the top three cards\nof your deck.\n[Passive]\nThis minion cannot receive a {Boost} when not in the\nActive State.\n[When Boosted]\nIf Boosted by a Purple Mana, banish that mana. This\ncard Transforms into ""Dirk - Deranged in the Dusk"""					ocr	486	「タナトスの放浪者」ナイブス	https://www.aicarddass.com/zenonzard/images/cardlist/cards/purple_04_01_03_00.png?v=20201113	field_minion	フィールド・ミニオン	purple	紫	4	PC:03 EVOLVE	8	スケルトン	E					
purple_04_01_03_01	purple	「闇夜の狂人」ナイブス	Dirk - Deranged in the Dusk	4			【変形時】\n自分のトラッシュにあるコスト6以下の種族「スケ\nルトン」を持つフィールド・ミニオンカード1枚を\n出す。紫マナ1つをレスト状態でベースに置く。\n【常時】\n自分の種族「スケルトン」を持つミニオン全てに\n[奪命]を与える。	[When Transformed]\nRetrieve one Field Minion belonging to the\nSkeleton class with a cost of 6 or lower and\nput it on your field. Place one Purple Mana\ninto your base in the Rest State.\n[Passive]\nAll your minions belonging to the Skeleton\nclass gain the {Revenge} effect.					ocr	487	「闇夜の狂人」ナイブス	https://www.aicarddass.com/zenonzard/images/cardlist/cards/purple_04_01_03_01.png?v=20201113	field_minion	フィールド・ミニオン	purple	紫	4	PC:03 EVOLVE	8	スケルトン	E					
purple_04_01_03_02	purple	「リリアンの召喚獣」ヴィル Lv1	Vill - Of Lylian Lv.1	4			進化:手札から「デーモン」が召喚されたとき	Evolve: Summon minion from the Demon class\nLylian - Conjurer of Blood Bonds Lv. 1\nand Vill - Of Lylian Lv.1 become Lv.2.					ocr	488	「リリアンの召喚獣」ヴィル Lv1	https://www.aicarddass.com/zenonzard/images/cardlist/cards/purple_04_01_03_02.png?v=20201113	field_minion	フィールド・ミニオン	purple	紫	4	PC:03 EVOLVE	8	アルカナ	R					
purple_04_01_03_03	purple	「リリアンの召喚獣」ヴィル Lv2	Vill - Of Lylian Lv.2	4			【自分の夕\n一ン終了時】\n自分のデッキを上から1枚破棄する。そのカードが\n紫のカードである場合、このミニオンにBP+100\nを付与する。\n進化：手札から「デーモン」が召喚されたとき	Discard the top card of your deck. If it is\na Purple Card, this minion receives\n+100BP.\nEvolve: Summon minion from the Demon class\nLylian - Conjurer of Blood Bonds Lv.2\nand Vill - Of Lylian Lv.2 become Lv.3					ocr	489	「リリアンの召喚獣」ヴィル Lv2	https://www.aicarddass.com/zenonzard/images/cardlist/cards/purple_04_01_03_03.png?v=20201113	field_minion	フィールド・ミニオン	purple	紫	4	PC:03 EVOLVE	8	アルカナ	R					
purple_04_01_03_04	purple	「リリアンの召喚獣」ヴィル Lv3	Vill - Of Lylian Lv.3	4			【自分の夕\nン終了時】\n自分のデッキを上から1枚破棄する。そのカードが\n紫のカードである場合、このミニオンにBP+100\nを付与する。\n【アタック時】\n自分のトラッシュにある、紫のミニオンカード1枚\nを手札に戻す。	[At the End of Your Turn]\nDiscard the top card of your deck. If it is\na Purple Card, this minion receives\n+100BP.\n[When Attacking]\nReturn one Purple Minion from your\ntrash to your hand.					ocr	490	「リリアンの召喚獣」ヴィル Lv3	https://www.aicarddass.com/zenonzard/images/cardlist/cards/purple_04_01_03_04.png?v=20201113	field_minion	フィールド・ミニオン	purple	紫	4	PC:03 EVOLVE	8	アルカナ	R					
purple_04_01_04_00	purple	ジャイナガン	Jainagant	4			【召喚時】&【破壊時】\n相手のミ二オン全てにBP-100を付与する。\n《トラッシ\n自分のトラッシュからこのカードを手札に戻す場\n合、このミ二オンを出す。	[When Summoned] & [When Destroyed]\nDeal -100BP to all of your opponent's\nminions.\n<Trash>\nIf this minion returns to your hand from\nyour trash, put it on your field.					ocr	492	ジャイナガン	https://www.aicarddass.com/zenonzard/images/cardlist/cards/purple_04_01_04_00.png?v=20201113	field_minion	フィールド・ミニオン	purple	紫	4	PC:04 FORBIDDEN	6	BS	R					
purple_04_01_04_04	purple	タナトスの骨象	Skeletal Elephant of Thanatos	4			【召喚時】\nお互いのデッキを上から1枚ずつ破棄する。\n【破壊時】\n自分の種族「エヴォーカ」を持つ紫マナがある場\n合、相手のコスト5以下のミニオン1体を破壊す	[When Summoned]\nDiscard the top card from your and your\nopponent's deck.\n[When Destroyed]\nIf you have Purple Mana belonging to the\nEvoker class in your base, destroy one of your\nopponent's minions with a cost of 5 or lower					ocr	491	タナトスの骨象	https://www.aicarddass.com/zenonzard/images/cardlist/cards/purple_04_01_04_04.png?v=20201113	field_minion	フィールド・ミニオン	purple	紫	4	PC:04 FORBIDDEN	6	スケルトン	R					
purple_04_01_05_00	purple	魅惑のヴァンパイア	The Seducer	3			【自分のターン】\n自分のプレイヤーがダメージを受けるたび、この\nターン中、自分のプレイヤーに「相手の手札にあるマ\nジックカードのフリーコストを3増やす。」を与え	Revenge\n[On Your Turn]\nWhenever damage is dealt to your Life\nyou receive the following effect for the\nduration of this turn\nIncrease the basic cost of the Magic cards\nin your opponent's hand by 3.					ocr	465	魅惑のヴァンパイア	https://www.aicarddass.com/zenonzard/images/cardlist/cards/purple_04_01_05_00.png?v=20201113	field_minion	フィールド・ミニオン	purple	紫	3	PC:05 GLORY	2		R					
purple_04_01_06_00	purple	「吸血姉妹・妹」カーラ	Kalah - The Younger Sister	3			《トラッシュ\nるたび、このカードをフィールドに出す。この効果は\n重複しない。\n【アタック時】\n自分のプレイヤーに1ダメージを与えることができ\nる。そうした場合、相手のミニオン全てにBP-200を付\n与する。	<Trash>\nWhenever a Sheilah - The Elder Sister\nenters your field, return this card to the field\nThis effect cannot stack.\n[When Attacking]\nYou can deal 1 damage to your Life. If you\ndo, deal -200BP to all of your opponent's\nminions.					ocr	469	「吸血姉妹・妹」カーラ	https://www.aicarddass.com/zenonzard/images/cardlist/cards/purple_04_01_06_00.png?v=20201113	field_minion	フィールド・ミニオン	purple	紫	3	PC:06 HELIX	1		E					
purple_04_01_EX04_00	purple	タブー・ドーパント	Monstrosity 02 - Taboo Nabu	4			【召喚時】\n他の自分のミ二オン1体を破壊できる。そうした場\n合、「マスカレイド・ドーパント」2体を出す。	"[When Summoned]\nYou can destroy one of your other\nminions. If you do, two copies of ""Token\nSkeleton S"" enter your field."					ocr	493	タブー・ドーパント	https://www.aicarddass.com/zenonzard/images/cardlist/cards/purple_04_01_EX04_00.png?v=20201113	field_minion	フィールド・ミニオン	purple	紫	4	EX:04 KAMEN RIDER	4	デーモン	C					
purple_04_01_EX04c_00	purple	怪異02 ナブー・タブー		4			【召喚時】\n他の自分のミ二オン1体を破壊できる。そうした場\n合、「S・スケルトン・トークン」2体を出す。						ocr	494	怪異02 ナブー・タブー	https://www.aicarddass.com/zenonzard/images/cardlist/cards/purple_04_01_EX04c_00.png?v=20201113	field_minion	フィールド・ミニオン	purple	紫	4	EX:04 HEROIC_MASQUERADE	3	デーモン	C					
purple_04_02_00_00	purple	バンシー	Banshee	4	300	1	【破壊時】\n相手のコスト4以下のミニオン1体を破壊する。	[When Destroyed]\nDestroy one of your opponent's minions\nwith a cost of 4 or lower.	Basic				gamerch	481	バンシー	https://www.aicarddass.com/zenonzard/images/cardlist/cards/purple_04_02_00_00.png?v=20201113	field_minion	フィールド・ミニオン	purple	紫	4	ベーシック	15	モンスター	Basic					
purple_04_02_01_00	purple	グレイブローバー	Graverobber	4	400	2	《トラッシュ》\n自分のトラッシュからこのカードを手札に戻す場合、このミニオンを出す。	<Trash>\nIf this minion returns to your hand from\nyour trash, put it on your field.	AWAKEN				gamerch	480	グレイブローバー	https://www.aicarddass.com/zenonzard/images/cardlist/cards/purple_04_02_01_00.png?v=20201113	field_minion	フィールド・ミニオン	purple	紫	4	PC:01 AWAKEN	14	デーモン	C					
purple_04_02_01r_00	purple	キューブロップ	Cube Blob	4	300	2	［奪命］\n【常時】\n自分の種族「デミゴッド」を持つミニオンがいる場合、このミニオンをBP+200/DP+1する。	Revenge\n[Passive]\nIf you have a minion belonging to the\nDemigod class on your field, this minion\ngains +200BP/+1DP.	BEYOND				gamerch	482	キューブロップ	https://www.aicarddass.com/zenonzard/images/cardlist/cards/purple_04_02_01r_00.png?v=20201113	field_minion	フィールド・ミニオン	purple	紫	4	PC:01R BEYOND	12	モンスター	R					
purple_04_02_02_00	purple	「死滅の竜巫女」フランチェスカ	Francesca - Sorceress of Annihilators	4(紫2)	400	1	【召喚時】\n自分のトラッシュにある種族「ドラゴン」を持つ、紫または無色のフィールド・ミニオンカード1枚を手札に戻すことができる。	[When Summoned]\nYou can return one Purple or Neutral\nField Minion card belonging to the Dragon\nclass from your trash to your hand.	CONTRACT				gamerch	483	「死滅の竜巫女」フランチェスカ	https://www.aicarddass.com/zenonzard/images/cardlist/cards/purple_04_02_02_00.png?v=20201113	field_minion	フィールド・ミニオン	purple	紫	4	PC:02 CONTRACT	11	ヒューマノイド	R					
purple_04_02_02r_00	purple	アンジュ・ダークネス	Anju of Darkness	4			【常時】\nこの二オには条件を無視して[加を付与せるこ\nとができる。\n【アタック時】\nお互いのデッキを上から1枚ずつ破棄する。\n【加護時】\n紫以外の有色の加護である場合、加護しているマナを除外\nして、その色に応じ姿に大変身する。	[Passive]\nThis minion can receive the {Boost} effect while ignoring\nany required conditions.\n[When Attacking]\nDiscard the top card from your and your opponent's deck\n[When Boosted]\nIf Boosted by a Color Mana that is not Purple, banish that\nmana. This card will Metamorphose according to that color					ocr	484	アンジュ・ダークネス	https://www.aicarddass.com/zenonzard/images/cardlist/cards/purple_04_02_02r_00.png?v=20201113	field_minion	フィールド・ミニオン	purple	紫	4	PC:02R DIVINE	10	デミゴッド	L					
purple_04_02_02r_01	purple	「死滅の竜騎士」ドロシー	Dorothy - The Annihilators Rider	4			【常時】\nこのミニオンはブロックできない。\n《トラッシュ》【自分のターン終了時】\n自分の種族「ドラゴン」を持つ紫のミニオンがいる\n場合、このカードをフィールドに出す。この効果は\n重複しない。	[Passive]\nThis minion cannot block.\n<Trash> [At the End of Your Turn]\nIf you have a Purple Minion belonging to\nthe Dragon class on your field, this card\nenters the field. This effect cannot stack					ocr	485	「死滅の竜騎士」ドロシー	https://www.aicarddass.com/zenonzard/images/cardlist/cards/purple_04_02_02r_01.png?v=20201113	field_minion	フィールド・ミニオン	purple	紫	4	PC:02R DIVINE	10	ヒューマノイド	L					
purple_04_02_03_00	purple	紫炎	Violet Blaze	4			【メイン】ノ【フラッシュ】\n相手のコスト6以下のミニオン1体を破壊する。自\n分の種族「アルカナ」を持つミニオンがいる場合、\nさらに、自分のトラッシュにある紫のミニオンカ\nド１枚を手札に戻す。\nEPIＣ	Destroy one of your opponent's minions with a cost of 6 or lower. If you have a minion belonging to the Arcana\nclass on the field, return one Purple Minion from your trash to your hand.					ocr	498	紫炎	https://www.aicarddass.com/zenonzard/images/cardlist/cards/purple_04_02_03_00.png?v=20201113	magic	マジック	purple	紫	4	PC:03 EVOLVE	8		E					
purple_04_03_01r_00	purple	ミッシングフォッグ	Fog of the Lost	4			【メイン】\nコスト3以下のミニオン全てを破壊する。	[Main] Destroy all minions with a cost of 3 or\nlower.	BEYOND				gamerch	496	ミッシングフォッグ	https://www.aicarddass.com/zenonzard/images/cardlist/cards/purple_04_03_01r_00.png?v=20201113	magic	マジック	purple	紫	4	PC:01R BEYOND	12		C					
purple_04_03_02r_00	purple	コンフュージョン・ミスト	Confusion Mist	4			【メイン】ノ【フラッシュ】\n自分のミニオン1体を破壊する。破壊されたミニオ\nンと同じコストの相手のミ二オン全てを破壊する。	[Main] / [Flash]\nDestroy one of your minions. Destroy all minions with the same cost as the minion that you destroyed.					ocr	497	コンフュージョン・ミスト	https://www.aicarddass.com/zenonzard/images/cardlist/cards/purple_04_03_02r_00.png?v=20201113	magic	マジック	purple	紫	4	PC:02R DIVINE	10		C					
purple_05_01_03_00	purple	タナトスの骨巨人	Skeletal Giant of Thanatos	5			【常時】\n相手のトラッシュにミニオンカードが3枚以上ある\n場合、このミ二オンをBP+400する。	Charge\n[Passive]\nIf there are three or more minion cards in\nyour opponent's trash, this minion gains\n+400BP.					ocr	504	タナトスの骨巨人	https://www.aicarddass.com/zenonzard/images/cardlist/cards/purple_05_01_03_00.png?v=20201113	field_minion	フィールド・ミニオン	purple	紫	5	PC:03 EVOLVE	8	スケルトン	C					
purple_05_01_03_01	purple	プティ・ディアブル	Petit Diable	5			【破壊時】\n相手のミニオン1体を、相手が選んで破壊する。\n《トラッシュ》\n自分のトラッシュからこのカードを手札に戻す場\n合、このミ二オンを出す。	[When Destroyed]\nYour opponent chooses one of their own\nminions to destroy.\n<Trash>\nIf this minion returns to your hand from\nyour trash, put it on your field.					ocr	505	プティ・ディアブル	https://www.aicarddass.com/zenonzard/images/cardlist/cards/purple_05_01_03_01.png?v=20201113	field_minion	フィールド・ミニオン	purple	紫	5	PC:03 EVOLVE	8	デーモン	E					
purple_05_01_03_02	purple	「ヤミの召喚獣」アンドロス Lv1	Andoros - Of Yahmy Lv.1	5			【召喚時】\n相手のコスト4以下のミニオン1体を破壊する。\n進化：手札から「スケルトン」が召喚されたとき	"Destroy one of your opponent's minions\nwith a cost of 4 or lower.\nEvolve: Summon minion from the Skeleton class\n""Yahmy - Conjurer of the Everlasting\nNight Lv.1"" and ""Andoros - Of Yahmy Lv. 1""\nbecome Lv.2."					ocr	506	「ヤミの召喚獣」アンドロス Lv1	https://www.aicarddass.com/zenonzard/images/cardlist/cards/purple_05_01_03_02.png?v=20201113	field_minion	フィールド・ミニオン	purple	紫	5	PC:03 EVOLVE	8	アルカナ	L					
purple_05_01_03_03	purple	「ヤミの召喚獣」アンドロス Lv2	Andoros - Of Yahmy Lv.2	5			【召喚時】\n相手のコスト4以下のミニオン1体を破壊する。\n【常時】\n相手のミニオンが破壊されるたび、このミニオンにBP+\n100/DP+1を付与する。\n進化：手札から「スケルトン」が召喚さたとき\nス」をLv3にする	"Destroy one of your opponent's minions with a cost\nof 4 or lower.\nWhenever one of your opponent's minions is\ndestroyed, this minion receives +100BP/+1DP.\nEvolve: Summon minion from the Skeleton class\n""Yahmy - Conjurer of the Everlasting Night Lv.2"" and\n""Andoros - Of Yahmy Lv.2"" become Lv.3."					ocr	507	「ヤミの召喚獣」アンドロス Lv2	https://www.aicarddass.com/zenonzard/images/cardlist/cards/purple_05_01_03_03.png?v=20201113	field_minion	フィールド・ミニオン	purple	紫	5	PC:03 EVOLVE	8	アルカナ	L					
purple_05_01_03_04	purple	「ヤミの召喚獣」アンドロス Lv3	Andoros - Of Yahmy Lv.3	5			【召喚時】\n相手のコスト4以下のミ二オン1体を破壊する。\n【常時】\n相手のミニオンが破壊されるたび、このミニオンにBP+\n100/DP+1を付与する。\n【アタック時】\n自分の種族「スケトン」を持つニオ1体を破壊でき\nる。そうした場合、相手のミ二オン1体を破壊する。\nLEＧEND	[When Summoned]\nDestroy one of your opponent's minions with a cost of 4 or\nlower.\n[Passive]\nWhenever one of your opponent's minions is destroyed\nthis minion receives +100BP/+1DP.\n[When Attacking]\nYou can destroy one of your minions belonging to the\nSkeleton class. If you do, destroy one of your opponent's\nminions.					ocr	508	「ヤミの召喚獣」アンドロス Lv3	https://www.aicarddass.com/zenonzard/images/cardlist/cards/purple_05_01_03_04.png?v=20201113	field_minion	フィールド・ミニオン	purple	紫	5	PC:03 EVOLVE	8	アルカナ	L					
purple_05_01_04_00	purple	「秘法の女王」キャサリン	Cathryn - The Concealed Queen	5			【召喚時】\n自分の種族「エヴォーカ」を持つ紫マナが2つ以上\nある場合、相手のフォース1つに1ダメージを与える。\n【自分の夕\n自分の紫または無色のミ二オンが与えるダメーで\nフォースが破壊されるたぴ、自分の紫マナ1つをベース\nに置き、自分は力一ドを1枚引く。この効果は重複し\nない。\nLEＧEND	[When Summoned]\nIf you have two or more Purple Mana belonging to\nthe Evoker class in your base, deal 1 damage to\none of your opponent's Forces.\n[On Your Turn]\nWhenever one of your Purple or Neutral Minions\ndestroy a Force using damage, place one Purple\nMana into the base, and draw one card. This effect\ncannot stack.					ocr	509	「秘法の女王」キャサリン	https://www.aicarddass.com/zenonzard/images/cardlist/cards/purple_05_01_04_00.png?v=20201113	field_minion	フィールド・ミニオン	purple	紫	5	PC:04 FORBIDDEN	6	デーモン	L					
purple_05_01_04_01	purple	冥勇士デスカラビア	The HellBraver Deathcarabia	5			【破壊時】\n自分のデッキを上から1枚破棄する。そのカードが\n[奪命]を持つミニオンカードである場合、この\nカードをフィールドに出す。	Revenge\n[When Destroyed]\nDiscard the top card of your deck. If that\ncard was a minion with the {Revenge}\neffect, this minion enters the field.					ocr	510	冥勇士デスカラビア	https://www.aicarddass.com/zenonzard/images/cardlist/cards/purple_05_01_04_01.png?v=20201113	field_minion	フィールド・ミニオン	purple	紫	5	PC:04 FORBIDDEN	6	BS|デーモン	E					
purple_05_01_04_02	purple	骸巨人ギ・ガッシャ	The CorpseGiant Gi-Gasha	5			【破壊時】\n自分のトラッシュにある、\n以外の種族「BS」または「デーモン」を持つミニ\nオンカード1枚を手札に戻す。\n【加護時】\n自分のデッキを上から3枚破棄する。	[When Destroyed]\nYou can return one minion card\nbelonging to the BS or Demon class that is not\nnamed The CorpseGiant Gi-Gasha from\nyour trash to your hand.\n[When Boosted]\nDiscard the top three cards of your deck					ocr	511	骸巨人ギ・ガッシャ	https://www.aicarddass.com/zenonzard/images/cardlist/cards/purple_05_01_04_02.png?v=20201113	field_minion	フィールド・ミニオン	purple	紫	5	PC:04 FORBIDDEN	6	BS|スケルトン	E					
purple_05_01_05_00	purple	「徘徊者」ナイトウォーカー	Roav - The Nightwalker	5			【召喚時】＆【アタック時】\n自分のプレイヤーに1ダメージを与えることができ\nる。そうした場合、相手のミ二オン1体にBP-500\nを付与する。\n【自分のターン】\nこのミニオンがブロックされるたぴ、自分のプレイ\nヤーを2回復する。	[When Summoned] & [When Attacking]\nYou can deal 1 damage to your Life. If\nyou do, deal -500BP to one of your\nopponent's minions.\n[On Your Turn]\nIf this minion is blocked, restore 2 Life\npoints.					ocr	514	「徘徊者」ナイトウォーカー	https://www.aicarddass.com/zenonzard/images/cardlist/cards/purple_05_01_05_00.png?v=20201113	field_minion	フィールド・ミニオン	purple	紫	5	PC:05 GLORY	2		L					
purple_05_01_EX04_00	purple	ナスカ・ドーパント	Monstrosity 03 - Nazca the Knight	5			【召喚時】&【破壊時】\nコスト3以下のミニオン1体を破壊できる。そうし\nた場合、「マスカレイド・ドーパント」1体を出	[When Summoned] & [When Destroyed]\nYou can destroy one minion with a cost\nof 3 or lower. If you do, one Token\nSkeleton S enters your field.					ocr	512	ナスカ・ドーパント	https://www.aicarddass.com/zenonzard/images/cardlist/cards/purple_05_01_EX04_00.png?v=20201113	field_minion	フィールド・ミニオン	purple	紫	5	EX:04 KAMEN RIDER	4	デーモン	R					
purple_05_01_EX04c_00	purple	怪異03 ナイト・ナスカ		5			【召喚時】＆【破壊時】\nコスト3以下のミニオン1体を破壊できる。そうし\nた場合、「S・スケルトン・トークン」1体を出\nRＡRE						ocr	513	怪異03 ナイト・ナスカ	https://www.aicarddass.com/zenonzard/images/cardlist/cards/purple_05_01_EX04c_00.png?v=20201113	field_minion	フィールド・ミニオン	purple	紫	5	EX:04 HEROIC_MASQUERADE	3	デーモン	R					
purple_05_02_00_00	purple	ボーンチャリオッツ	Bone Chariot	5	500	2	【召喚時】\n自分のトラッシュにある、フィールド・ミニオンカード1枚を手札に戻すことができる。	[When Summoned]\nYou can return one Field Minion card\nfrom your trash to your hand.	Basic				gamerch	500	ボーンチャリオッツ	https://www.aicarddass.com/zenonzard/images/cardlist/cards/purple_05_02_00_00.png?v=20201113	field_minion	フィールド・ミニオン	purple	紫	5	ベーシック	15	スケルトン	Basic					
purple_05_02_01_00	purple	いたずらインプ	Trickster Imp	5	600	2	［奪命］	Revenge	AWAKEN				gamerch	499	いたずらインプ	https://www.aicarddass.com/zenonzard/images/cardlist/cards/purple_05_02_01_00.png?v=20201113	field_minion	フィールド・ミニオン	purple	紫	5	PC:01 AWAKEN	14	デーモン	C					
purple_05_02_02_00	purple	ザ・シング	The Block	5(紫1)	700	2	効果なし		CONTRACT				gamerch	501	ザ・シング	https://www.aicarddass.com/zenonzard/images/cardlist/cards/purple_05_02_02_00.png?v=20201113	field_minion	フィールド・ミニオン	purple	紫	5	PC:02 CONTRACT	11	デーモン	C					
purple_05_02_02_01	purple	「暗黒騎士団隊長」イザーク	Yzak - Commander of the Dark Knights	5(紫2)	500	2	【相手のターン】\n自分のミニオンが持つ［奪命］は相手のターンにも発揮する。	[On Your Opponent's Turn]\nThe Revenge effect of your minions is\nactivated even during your opponent's turn.	CONTRACT				gamerch	502	「暗黒騎士団隊長」イザーク	https://www.aicarddass.com/zenonzard/images/cardlist/cards/purple_05_02_02_01.png?v=20201113	field_minion	フィールド・ミニオン	purple	紫	5	PC:02 CONTRACT	11	スケルトン	L					
purple_05_02_02r_00	purple	黒鎧竜オブシロン	Onick - The Black Armor Dragon	5			【召喚時】\n自分のデッキを上から3枚破棄する。その後、\nはカードを1枚引く。	[When Summoned]\nDiscard the top three cards of your deck.\nThen, draw one card.					ocr	503	黒鎧竜オブシロン	https://www.aicarddass.com/zenonzard/images/cardlist/cards/purple_05_02_02r_00.png?v=20201113	field_minion	フィールド・ミニオン	purple	紫	5	PC:02R DIVINE	10	ドラゴン	R					
purple_05_02_04_00	purple	シャドーの第3魔法：デスボール	Sheid's Spells, Entry 3: Sphere of Demise	5			【メイン】\n相手のミ二オン1体を破壊する。この効果で破壊し\nたミニオンのDP分、相手のデッキを上から破棄す\nる。その後、このカードを除外する。	This card is part of the Arcana class.\n[Main]\nDestroy one of your opponent's minions.\nYour opponent discards a number of cards from the top of their deck equal to that destroyed minion's DP. Then, banish this card.					ocr	517	シャドーの第3魔法：デスボール	https://www.aicarddass.com/zenonzard/images/cardlist/cards/purple_05_02_04_00.png?v=20201113	magic	マジック	purple	紫	5	PC:04 FORBIDDEN	6		E					
purple_05_03_00_00	purple	デストラクション	Destruction	5	-	-	【メイン】/【フラッシュ】\nミニオン1体を破壊する。	[Main] / [Flash]\nDestroy one minion.	Basic				gamerch	516	デストラクション	https://www.aicarddass.com/zenonzard/images/cardlist/cards/purple_05_03_00_00.png?v=20201113	magic	マジック	purple	紫	5	ベーシック	15		Basic					
purple_06_01_03_00	purple	「タナトスの屍司祭」プリースト	Saishi - Priest of Thanatos	6			【破壊時】\n相手のトラッシュにある、\n枚と同じミニオン1体を、自分のフィールドに出	[When Destroyed]\nCreate a copy of a Field Minion card in\nyour opponent's trash that is not Saishi -\nPriest of Thanatos and put it on your field.					ocr	524	「タナトスの屍司祭」プリースト	https://www.aicarddass.com/zenonzard/images/cardlist/cards/purple_06_01_03_00.png?v=20201113	field_minion	フィールド・ミニオン	purple	紫	6	PC:03 EVOLVE	8	スケルトン|ソード	L					
purple_06_01_05_00	purple	騎士のヴァンパイア	The Knighted	5			【召喚時】\n自分のプレイヤーに1ダメージを与えることができ\nる。そうした場合、このミ二オンに[襲撃]と[再\n起を付与する。\n【自分のターン】\n自分のプレイヤーがダメージを受けるたび、このミ\nニ才ンIBP+200/DP+1を付与する。	[When Summoned]\nYou can deal 1 damage to your Life. If\nyou do, this minion receives the {Charge}\nand {Resurge} effects.\n[On Your Turn]\nWhenever damage is dealt to your Life\nthis minion receives +200BP/+1DP.					ocr	515	騎士のヴァンパイア	https://www.aicarddass.com/zenonzard/images/cardlist/cards/purple_06_01_05_00.png?v=20201113	field_minion	フィールド・ミニオン	purple	紫	5	PC:05 GLORY	2		E					
purple_06_01_05_01	purple	タナトスの没落貴族	Fallen Lord of Thanatos	6			【破壊時】\n自分が「輪のフォース“ウロボロス”」を選んでいる\n場合、自分のトラッシュにある種族「スケルトン」\nまたは「レギオン」を持つ、コスト5以下のフィ\nルド・ミニオンカード1枚を出す。	Revenge\n[When Destroyed]\nIf you have chosen the Force of Eternity -\nOuroboros, retrieve one minion with\ncost of 5 or lower belonging to the Skeleton\nor Legion class from your trash and put it\non your field.					ocr	525	タナトスの没落貴族	https://www.aicarddass.com/zenonzard/images/cardlist/cards/purple_06_01_05_01.png?v=20201113	field_minion	フィールド・ミニオン	purple	紫	6	PC:05 GLORY	2	スケルトン|レギオン	R					
purple_06_02_01_00	purple	「大公爵」アシュテロト	Astaroth - The Great Duke	6	500	2	【召喚時】\n自分のトラッシュにある、コスト3以下のフィールド・ミニオンカード1枚を出す。	[When Summoned]\nRetrieve one Field Minion card with\ncost of 3 or lower from your trash and put it\non your field. ([When Summoned] abilities\nwill not activate.)	AWAKEN				gamerch	519	「大公爵」アシュテロト	https://www.aicarddass.com/zenonzard/images/cardlist/cards/purple_06_02_01_00.png?v=20201113	field_minion	フィールド・ミニオン	purple	紫	6	PC:01 AWAKEN	14	デーモン	R					
purple_06_02_01_01	purple	「偽神の探索者」ジヌティーヌ	Zintine - Seeker of False Gods	6	700	1	【アタック時】\n他の自分のミニオン1体を破壊できる。そうした場合、このミニオンをアクティブにする。	[When Attacking]\nYou can destroy one of your other\nminions. If you do, this minion enters the Active\nState.	AWAKEN				gamerch	520	「偽神の探索者」ジヌティーヌ	https://www.aicarddass.com/zenonzard/images/cardlist/cards/purple_06_02_01_01.png?v=20201113	field_minion	フィールド・ミニオン	purple	紫	6	PC:01 AWAKEN	14	デーモン	L					
purple_06_02_01r_00	purple	「思惑を砕く者」キスカ	Kiska - Crusher of Hope	7	600	2	【召喚時】\n自分のデッキを上から5枚破棄する。\n【自分のターン】\n自分のデッキから紫のカードが破棄されるたび、そのカードの【破壊時】効果を全て発揮する。この効果は重複しない。	[When Summoned]\nDiscard the top five cards of your deck.\n[On Your Turn]\nWhenever you discard a Purple Card from your deck\nany [When Destroyed] effects of that card will\nactivate. If multiple are discarded at once, only the first\ncard's effect will activate. This effect does not stack.\n(The abilities of the discarded cards are not considered\nminion abilities and will be activated from the trash.)	BEYOND				gamerch	529	「思惑を砕く者」キスカ	https://www.aicarddass.com/zenonzard/images/cardlist/cards/purple_06_02_01r_00.png?v=20201113	field_minion	フィールド・ミニオン	purple	紫	7	PC:01R BEYOND	12	デミゴッド	L					
purple_06_02_02_00	purple	「暴食」ギュスターヴ	Gustav - The Bellyful	6(紫2)	300	3	【召喚時】\nお互いのトラッシュにあるフィールド・ミニオンカード1枚毎に、このミニオンにBP+100を付与する。	[When Summoned]\nThis minion receives +100BP for each\nField Minion card in both your and your\nopponent's trash.	CONTRACT				gamerch	521	「暴食」ギュスターヴ	https://www.aicarddass.com/zenonzard/images/cardlist/cards/purple_06_02_02_00.png?v=20201113	field_minion	フィールド・ミニオン	purple	紫	6	PC:02 CONTRACT	11	デーモン	E					
purple_06_02_02r_00	purple	魔石竜マジカロス	Christall - The Spellcaster Dragon	6			【召喚時】\nお互いの種族「ドラゴン」または「ヒュー\nド」を持たないミ二オン全てにBP-200を付与する。	[When Summoned]\nDeal -200BP to all minions on the field\nthat do not belong to the Dragon or\nHumanoid class.					ocr	523	魔石竜マジカロス	https://www.aicarddass.com/zenonzard/images/cardlist/cards/purple_06_02_02r_00.png?v=20201113	field_minion	フィールド・ミニオン	purple	紫	6	PC:02R DIVINE	10	ドラゴン	E					
purple_06_02_02r_01	purple	スカルプテラ	Skulptera	6			【自分の夕\n自分の手札にあるこのカードのフリーコストは、自\n分のトラッシュにあるフィールド・ミニオンカード\n１枚毎に１減らされる。	Revenge\n[On Your Turn]\nThe basic cost of this card while in your\nhand is reduced by 1 for each Field Minion\ncard that is in your trash.					ocr	522	スカルプテラ	https://www.aicarddass.com/zenonzard/images/cardlist/cards/purple_06_02_02r_01.png?v=20201113	field_minion	フィールド・ミニオン	purple	紫	6	PC:02R DIVINE	10	スケルトン	C					
purple_06_02_04_00	purple	スカルの第3魔法：リザレクション	Cainium's Spells, Entry 3: Resurrect	6			【メイン】\n自分のトラッシュにある紫または無色のフィール\nド・ミニオンカード1枚を出す。そのミニオンに相手\nの破壊されたフォース1つ毎に、BP+200を付与す\nる。その後、このカードを除外する。	This card is part of the Arcana class.\n[Main]\nSelect one Purple or Neutral Field Minion\nin your trash to enter the field. For every. For every one of your opponent's Forces that has been destroyed, that minion receives\n+200BP. Then, banish this card.					ocr	527	スカルの第3魔法：リザレクション	https://www.aicarddass.com/zenonzard/images/cardlist/cards/purple_06_02_04_00.png?v=20201113	magic	マジック	purple	紫	6	PC:04 FORBIDDEN	6		R					
purple_06_03_02_00	purple	デーモンズテラー	Demon's Terror	6(紫2)			このカードは自分の種族「デーモン」を持つミニオンがいないとき使用できない。\n【フラッシュ】\nこのターン中、相手のミニオン全てはアタックできない。	You cannot use this card if you do not have a minion belonging to the Demon class on your field.\n[Flash] All your opponent's minions cannot attack for the duration of this turn.	CONTRACT				gamerch	526	デーモンズテラー	https://www.aicarddass.com/zenonzard/images/cardlist/cards/purple_06_03_02_00.png?v=20201113	magic	マジック	purple	紫	6	PC:02 CONTRACT	11		E					
purple_07_01_04_00	purple	滅神星龍ダークヴルム・ノヴァ	The StarSlayerDragon Darkwurm-Nova	7			【召喚時】\n「コア」以外の[加護]が付与されているミニオン全\nてと、「\n【変形時】を持つミ二オン全てを破壊する。\n【常時】\n相手のミニオン全ては「コア」以外の[加護]\nを付与\nできない。	Cost Reduction: Purple\n[When Summoned]\nDestroy all minions that have received a {Boost}\neffect that is not from a Core, as well as all minions\nwith a [When Transformed] effect.\n[Passive]\nYour opponent's minions cannot receive the {\nBoost} effect except from a Core.					ocr	533	滅神星龍ダークヴルム・ノヴァ	https://www.aicarddass.com/zenonzard/images/cardlist/cards/purple_07_01_04_00.png?v=20201113	field_minion	フィールド・ミニオン	purple	紫	7	PC:04 FORBIDDEN	6	BS|ドラゴン	L					
purple_07_01_04_01	purple	魔羯邪神シュタイン・ボルグ	The EvilCapricornusDeity Stein-Bolg	7			【召喚時】&【破壊時】\n自分のトラッシュにある、\nグ以外の紫のミ二オンカド1枚を手札に戻す。\n【自分の夕\n自分の「コア」が付与されているミニオンがアタックする\nたび、相手のミ二才ン1体こBP-300を付与する。	"Cost Reduction: Purple\n[When Summoned] & [When Destroyed]\nReturn one Purple Minion that is not The\nEvilCapricornusDeity Stein-Bolg"" from your trash to your hand\n[On Your Turn]\nWhenever one of your minions that has received a Core\nattacks, deal -300BP to one of your opponent's minions"					ocr	534	魔羯邪神シュタイン・ボルグ	https://www.aicarddass.com/zenonzard/images/cardlist/cards/purple_07_01_04_01.png?v=20201113	field_minion	フィールド・ミニオン	purple	紫	7	PC:04 FORBIDDEN	6	BS|光導	E					
purple_07_01_04_02	purple	魔界七将ベルゼビート	The SevenShogun Beelzebeat	7			【召喚時】&【アタック時】\n自分のトラッシュにある、\n[奪命]を持つフィール\nド・ミニオンカード1枚を出す。	Cost Reduction: Purple\n[When Summoned] & [When Attacking]\nPlace one Field Minion with the {\nRevenge} effect in your trash onto the field.					ocr	535	魔界七将ベルゼビート	https://www.aicarddass.com/zenonzard/images/cardlist/cards/purple_07_01_04_02.png?v=20201113	field_minion	フィールド・ミニオン	purple	紫	7	PC:04 FORBIDDEN	6	BS|デーモン	E					
purple_07_01_06_00	purple	軍服のヴァンパイア	The Officer	4			【召喚時】\n自分のプレイヤーに1ダメージを与えることができ\nる。そうした場合、自分はカドを2枚引く。\n【破壊時】\n自分のプレイヤーを2回復する。	[When Summoned]\nYou can deal 1 damage to your Life. If\nyou do, draw two cards.\n[When Destroyed]\nRestore 2 Life points.					ocr	495	軍服のヴァンパイア	https://www.aicarddass.com/zenonzard/images/cardlist/cards/purple_07_01_06_00.png?v=20201113	field_minion	フィールド・ミニオン	purple	紫	4	PC:06 HELIX	1		R					
purple_07_01_06_01	purple	ポイズン・スパイダー	Toxic Arachnid	2				Chain: Blue						444	ポイズン・スパイダー	https://www.aicarddass.com/zenonzard/images/cardlist/cards/purple_07_01_06_01.png?v=20201113	field_minion	フィールド・ミニオン	purple	紫	2	PC:06 HELIX	1	モンスター	C					
purple_07_01_06_02	purple	「カギ爪」ラミア	Lahmia the Claw	7			【自分の夕\nこのミ二オンがバトルに勝利するたび、相手の\nフォース全てに1ダメージを与える。\n【常時】\n自分が他の紫のカードを使用するたぴ、このターン\n中、このミ二オンをBP+100/DP+1する。	[On Your Turn]\nWhenever this minion wins a battle against\nanother minion, deal 1 damage to each of\nyour opponent's Forces.\n[Passive]\nWhenever you play another Purple card.\nthis minion gains +100BP/+1DP for the\nduration of this turn.					ocr	539	「カギ爪」ラミア	https://www.aicarddass.com/zenonzard/images/cardlist/cards/purple_07_01_06_02.png?v=20201113	field_minion	フィールド・ミニオン	purple	紫	7	PC:06 HELIX	1	モンスター	E					
purple_07_01_EX04_00	purple	テラー・ドーパント	Monstrosity 01 - Horned Terror	7			【アタック時】&【破壊時】\n相手のミ二オン1体を、相手が選んで破壊する。	[When Attacking] & [When Destroyed]\nYour opponent chooses one of their own\nminions to destroy.					ocr	536	テラー・ドーパント	https://www.aicarddass.com/zenonzard/images/cardlist/cards/purple_07_01_EX04_00.png?v=20201113	field_minion	フィールド・ミニオン	purple	紫	7	EX:04 KAMEN RIDER	4	デーモン	E					
purple_07_01_EX04c_00	purple	怪異01 ホーン・テラー		7			【アタック時】＆【破壊時】\n相手のミ二オン1体を、相手が選んで破壊する。						ocr	537	怪異01 ホーン・テラー	https://www.aicarddass.com/zenonzard/images/cardlist/cards/purple_07_01_EX04c_00.png?v=20201113	field_minion	フィールド・ミニオン	purple	紫	7	EX:04 HEROIC_MASQUERADE	3	デーモン	E					
purple_07_02_01_00	purple	「死霊の子爵」オッドアイ	Iridis - Lord of the Dead	7	500	2	【破壊時】\n相手のミニオン1体と相手のフォース1つを破壊する。	[When Destroyed]\nDestroy one of your opponent's minions\nand one of your opponent's Forces.	AWAKEN				gamerch	528	「死霊の子爵」オッドアイ	https://www.aicarddass.com/zenonzard/images/cardlist/cards/purple_07_02_01_00.png?v=20201113	field_minion	フィールド・ミニオン	purple	紫	7	PC:01 AWAKEN	14	デーモン	E					
purple_07_02_01r_00	purple	「三頭の騎士」アリュシナシオン	Revenant - The Three-Headed Knight	7	600	3	【破壊時】\n「S・アリュシナシオン・トークン」3体を出すことができる。\n【後退時】\n相手のミニオン1体にBP-400を付与する。	[When Destroyed]\nYou can have three Token Revenant\nenter your field.\n<Base> [When Retreating]\nDeal -400BP to one of your opponent's\nminions. (This ability activates as a mana\nability.)	BEYOND				gamerch	530	「三頭の騎士」アリュシナシオン	https://www.aicarddass.com/zenonzard/images/cardlist/cards/purple_07_02_01r_00.png?v=20201113	field_minion	フィールド・ミニオン	purple	紫	7	PC:01R BEYOND	12	スケルトン	E					
purple_07_02_02r_00	purple	「闇炎狼」アンフェール	Rekindled - The Shadow	7			【召唤時】\n相手のフォース1つに2ダメージを与える。\n【常時】\nこのミニオンがアクティブ状態でなければ[加護]は付与さ\nれない。\n【加護時】\n紫の加護である場合、加護しているマナを除外して、「「常\n闇狼鬼」アンフェール」に変形する。\nＬEＧEND	"[When Summoned]\nDeal 2 damage to one of your opponent's Forces.\n[Passive]\nThis minion cannot receive a Boost when not in the\nActive State.\n[When Boosted]\nIf Boosted by a Purple Mana, banish that mana. This\ncard Transtorms into ""Rekindled - The Darkened\nDemon""."					ocr	531	「闇炎狼」アンフェール	https://www.aicarddass.com/zenonzard/images/cardlist/cards/purple_07_02_02r_00.png?v=20201113	field_minion	フィールド・ミニオン	purple	紫	7	PC:02R DIVINE	10	モンスター	L					
purple_07_02_02r_01	purple	「常闇狼鬼」アンフェール	Rekindled - The Darkened Demon	7			【変形時】\n他の種族「ドラゴン」を持つミニオン全てを破壊する。\n【アタック時】\n自分のトラッシュにある、コスト3以下のフィールド・ミニオ\nンドX枚を出す。Xは相手の破壊さフスの数と同\nじとする。	Charge\n[When Transformed]\nDestroy all other minions belonging to the Dragon\nclass.\n[When Attacking]\nRetrieve X Field Minion cards with a cost of 3 or\nlower from your trash and put them on your field, where\nX is the number of your opponent's Forces that have\nbeen destroyed.					ocr	532	「常闇狼鬼」アンフェール	https://www.aicarddass.com/zenonzard/images/cardlist/cards/purple_07_02_02r_01.png?v=20201113	field_minion	フィールド・ミニオン	purple	紫	7	PC:02R DIVINE	10	ドラゴン|モンスター	L					
purple_07_03_01r_00	purple	リインカーネーション	Reincarnation	7			【メイン】\n自分のトラッシュにあるフィールド・ミニオンカード1枚を出す。	[Main]\nRetrieve one Field Minion card from your trash and put it on your field. ([When Summoned] abilities will not activate.)	BEYOND				gamerch	541	リインカーネーション	https://www.aicarddass.com/zenonzard/images/cardlist/cards/purple_07_03_01r_00.png?v=20201113	magic	マジック	purple	紫	7	PC:01R BEYOND	12		R					
purple_08_01_03_00	purple	「球体の監獄」マモン	Mammon - The Perpetual Prison	8			【召喚時】\n自分のデッキの中からコスト5以下のフィールド・\nミニオンカード全てを破棄する。その後、自分の\nデッキをシャッフルする。\n【自分のターン終了時】\n自分のトラッシュにある紫のカード10枚毎に、相\n手のプレイヤーに1ダメージを与える。\nLEＧEND	[When Summoned]\nSend all Field Minion cards with a cost of\n5 or lower from your deck to your trash.\nThen, shuffle your deck.\n[At the End of Your Turn]\nDeal 1 damage to your opponent's Life\nfor every ten Purple Cards in your trash					ocr	544	「球体の監獄」マモン	https://www.aicarddass.com/zenonzard/images/cardlist/cards/purple_08_01_03_00.png?v=20201113	field_minion	フィールド・ミニオン	purple	紫	8	PC:03 EVOLVE	8	デーモン	L					
purple_08_01_04_00	purple	双魚賊神ピスケガレオン	The PirateDeity Piscegalleon	8			【自分の夕ーン】\n相のミ二オンが1体以上破壊さるび、自分はドを1\n枚引く。\n【自分のターン】\nこのミ二オンに「コ」が付与さている場合、自分のミ二\nオンが1体以上破壊されるたび、相手の手札1枚を相手が選ん\nで破棄する。	Cost Reduction: Purple\n[On Your Turn]\nWhenever one or more of your opponent's\nminions is destroyed, draw one card.\n[On Your Turn]\nIf this minion has received a Core, whenever one\nor more of your minions are destroyed, your\nopponent must discard one card from their hand					ocr	546	双魚賊神ピスケガレオン	https://www.aicarddass.com/zenonzard/images/cardlist/cards/purple_08_01_04_00.png?v=20201113	field_minion	フィールド・ミニオン	purple	紫	8	PC:04 FORBIDDEN	6	BS|光導	L					
purple_08_01_04_03	purple	フォルカロル	Focalor	8			【召喚時】\n相手の破壊されたフォース1つ毎に、相手のミニオ\nン1体を破壊する。	[When Summoned]\nFor each one of your opponent's Forces\ndestroyed, destroy one of your opponent's\nminions.					ocr	545	フォルカロル	https://www.aicarddass.com/zenonzard/images/cardlist/cards/purple_08_01_04_03.png?v=20201113	field_minion	フィールド・ミニオン	purple	紫	8	PC:04 FORBIDDEN	6	ヒューマノイド	E					
purple_08_01_EX03_00	purple	虚皇帝ネザード・バァラル	The HollowEmperor Netherd-Baaral	8			【常時】\nこのミ二オンに「コア」が付与されている場合、相の札にあ\nるフィールド・ミニオンカードのフリーコストを1増やす。\n【自分のターン\n自分の種族「デーモン」または「モンスター」を持つミニオンが\nアタックするたび、相手のミニオン1体にBP-300を付与する。	Cost Reduction: Purple\n[Passive]\nIf this minion has received a Core, increase the basic cost\nof the Field Minions in your opponent's hand by 1.\n[On Your Turn]\nWhenever one of your minions belonging to the Demon or\nMonster class attacks, deal -300BP to one of your\nopponent's minions.					ocr	547	虚皇帝ネザード・バァラル	https://www.aicarddass.com/zenonzard/images/cardlist/cards/purple_08_01_EX03_00.png?v=20201113	field_minion	フィールド・ミニオン	purple	紫	8	EX:03 Battle Spirits	5	BS|モンスター	E					
purple_08_02_01_00	purple	「憂鬱の魔王」ベールフェゴル	Belphegor - King of Sorrow	8	800	2	【常時】\n相手の手札にあるフィールド・ミニオンカードのフリーコストを1増やす。\n【アタック時】\n自分のトラッシュにある、「「憂鬱の魔王」ベールフェゴル」以外の紫のフィールド・ミニオンカード1枚を出す。	"[Passive]\nIncrease the basic cost of the Field Minion\ncards in your opponent's hand by 1.\n[When Attacking]\nRetrieve one Purple Field Minion card from\nyour trash that is not ""Belphegor - King of\nSorrow and put it on your field. ([When\nSummoned] abilities will not activate.)"	AWAKEN				gamerch	542	「憂鬱の魔王」ベールフェゴル	https://www.aicarddass.com/zenonzard/images/cardlist/cards/purple_08_02_01_00.png?v=20201113	field_minion	フィールド・ミニオン	purple	紫	8	PC:01 AWAKEN	14	デーモン	L					
purple_08_02_01_01	purple	ウォールクラッシャー	Wallcrusher	8	700	2	【アタック時】\n自分の紫マナが4つ以上ある場合、相手のコスト4以下のミニオン1体を破壊する。\n【常時】\n相手の破壊されたフォース1つ毎に、このミニオンをBP+200/DP+1する。	[When Attacking]\nIf you have four or more Purple Mana\ndestroy one of your opponent's minions with\ncost of 4 or lower.\n[Passive]\nFor each one of your opponent's Forces\ndestroyed, this minion gains +200BP/+1DP	AWAKEN				gamerch	543	ウォールクラッシャー	https://www.aicarddass.com/zenonzard/images/cardlist/cards/purple_08_02_01_01.png?v=20201113	field_minion	フィールド・ミニオン	purple	紫	8	PC:01 AWAKEN	14	デーモン	R					
purple_08_03_01_00	purple	パンデミック	Pandemic	8	-	-	【メイン】\n全てのミニオンを破壊する。	[Main]\nDestroy all minions.	AWAKEN	PC:01 AWAKEN	Rare		gamerch	548	パンデミック	https://www.aicarddass.com/zenonzard/images/cardlist/cards/purple_08_03_01_00.png?v=20201113	magic	マジック	purple	紫	8	PC:01 AWAKEN	14		R					
purple_09_01_04_00	purple	蛇皇神帝アスクレピオーズ	The SnakeMasterDeity Asklepiooze	9+			【自分のターン】\n他の自分の種族「BS」を持つ三二才ンが1体以上破壊さるび、自\n分のマナ1つを破壊できる。そうし場合、その二オン全てをレスト\n状態で出す。この効果は重しない。\n【加護時】\n他の自分の二オン1体を破壊する。そ場合、自分のッ\nに、この効果で破壊しニ才以外の二カー3枚手札\nに戻す。	Cost Reduction: Purple\n[On Your Turn]\nWhenever one or more of your other minions belonging to the\nBS class is destroyed, you can destroy one of your mana. If you\ndo, those destroyed minions enter your field in the Rest State. This\neffect cannot stack.\n[When Boosted]\nDestroy one of your other minions. If you do, return three\nminions from your trash to your hand that are not the minion that\nwas destroyed by this effect.					ocr	550	蛇皇神帝アスクレピオーズ	https://www.aicarddass.com/zenonzard/images/cardlist/cards/purple_09_01_04_00.png?v=20201113	field_minion	フィールド・ミニオン	purple	紫	9+	PC:04 FORBIDDEN	6	BS|光導	L					
purple_09_01_04_01	purple	魔界七将アスモディオス	The SevenShogun Asmodios	9+			【召喚時】\n他の自分のミ二オン1体を破壊できる。そうした場合、相手の\n手札2枚を相手が選んで破棄する。\n【自分のターン】\n自分の種族「デーモン」を持つニオンが破壊さるび、\n相手のミ二オン全てにBP-300を付与し、相手のプレイヤ\nに1ダメージを与える。	Cost Reduction: Purple\n[When Summoned]\nYou can destroy one of your other minions. If you do\nyour opponent must select two cards to discard from their\nhand.\n[On Your Turn]\nWhenever one of your minions belonging to the Demon\nclass is destroyed, deal -300BP to all of your opponent's\nminions, and deal 1 damage to your opponent's Life.					ocr	551	魔界七将アスモディオス	https://www.aicarddass.com/zenonzard/images/cardlist/cards/purple_09_01_04_01.png?v=20201113	field_minion	フィールド・ミニオン	purple	紫	9+	PC:04 FORBIDDEN	6	BS|デーモン	E					
purple_09_01_05_00	purple	「死の霧」ミスト・リーパー	Necro - The Deadly Mist	9+			【自分のターン】\n自分の手札にあるこのカードのフリーコストは、自分\nの破壊されたフォース1つ毎に3減らされる。\n【破壊時】\n相手のミ二オン1体を破壊する。この効果で破壊した\nミニオンのDP分、自分のプレイヤーを回復する。	Revenge\n[On Your Turn]\nReduce the basic cost of this card in your hand by\n3 for each of your destroyed Forces.\n[When Destroyed]\nDestroy one of your opponent's minions. Restore\nyour Life points by an amount equal to the DP\nvalue of the minion destroyed by this effect.					ocr	552	「死の霧」ミスト・リーパー	https://www.aicarddass.com/zenonzard/images/cardlist/cards/purple_09_01_05_00.png?v=20201113	field_minion	フィールド・ミニオン	purple	紫	9+	PC:05 GLORY	2	モンスター	L					
purple_09_02_02_00	purple	「死滅公」スカルボーン	Shatterbourne - Lord of Annihilators	9(紫3)	800	3	【召喚時】\n相手のミニオン1体を破壊する。この効果で破壊したミニオンのコスト分、自分のデッキを上から破棄する。\n【自分のターン】\nこのミニオンは種族「ドラゴン」または「ドラゴニュート」を持たないミニオンにはブロックされない。	[When Summoned]\nDestroy one of your opponent's minions.\nDiscard the same number of cards from the top of\nyour deck as the Cost of the minion destroyed by\nthis ability.\n[On Your Turn]\nOnly minions belonging to the Dragon or\nDragonewt class can block this minion's attacks	CONTRACT				gamerch	549	「死滅公」スカルボーン	https://www.aicarddass.com/zenonzard/images/cardlist/cards/purple_09_02_02_00.png?v=20201113	field_minion	フィールド・ミニオン	purple	紫	9+	PC:02 CONTRACT	11	ドラゴン	L					
purple_10_01_EX03_00	purple	騎士の覇王ソーディアス・アーサー	The KnightHero Swordius-Arthur	9+			【アタック時】\nこのミ二オンに[加護]が付与されている場合、自分のト\nラッシュにある、\n以外の紫のフィールド・ミニオンカード1枚を出す。\n【加護時】\n相手のミ二オン1体にBP-500を付与する。	Cost Reduction: Purple\n[When Attacking]\nIf this minion has received a {Boost}, retrieve one\nPurple Field Minion card from your trash that is\nnot The KnightHero Swordius-Arthur and put it on\nyour field.\n[When Boosted]\nDeal -500BP to one of your opponent's minions					ocr	553	騎士の覇王ソーディアス・アーサー	https://www.aicarddass.com/zenonzard/images/cardlist/cards/purple_10_01_EX03_00.png?v=20201113	field_minion	フィールド・ミニオン	purple	紫	9+	EX:03 Battle Spirits	5	BS|ソード	E					
red_00_00_03_00	red	「火蜘蛛の召喚士」ロック Lv1	Roque - Conjurer of Fiery Spiders Lv.1				《ベース》\n【配置時】\n「「ロックの召喚獣」レッドスパイダーLv1」1枚\nを手札に加える。\n《ベース》\nこのマナは移動できない	"<Base> [When Placed]\nAdd one ""Flaming Arachnid - Of Roque Lv.1"" to\nyour hand.\n<Base>\nThis minion cannot move."					ocr	11	「火蜘蛛の召喚士」ロック Lv1	https://www.aicarddass.com/zenonzard/images/cardlist/cards/red_00_00_03_00.png?v=20201113	base_minion	ベース・ミニオン	red	赤		PC:03 EVOLVE	8	エヴォーカー	R					
red_00_00_03_01	red	「火蜘蛛の召喚士」ロック Lv2	Roque - Conjurer of Fiery Spiders Lv.2				《ベース》\n【配置時】\n「「ロックの召喚獣」レッドスパイダーLv2」1枚\nを手札に加える。\n《ベース》\nこのマナは移動できない。	"<Base> [When Placed]\nAdd one ""Flaming Arachnid - Of Roque Lv.2"" to\nyour hand.\n<Base>\nThis minion cannot move."					ocr	12	「火蜘蛛の召喚士」ロック Lv2	https://www.aicarddass.com/zenonzard/images/cardlist/cards/red_00_00_03_01.png?v=20201113	base_minion	ベース・ミニオン	red	赤		PC:03 EVOLVE	8	エヴォーカー	R					
red_00_00_03_02	red	「火蜘蛛の召喚士」ロック Lv3	Roque - Conjurer of Fiery Spiders Lv.3				《ベース》\n【配置時】\n「「ロックの召喚獣」レッドスパイダーLv3」1枚\nを手札に加える。\n《ベース》\nこのマナは移動できない。	"<Base> [When Placed]\nAdd one ""Flaming Arachnid - Of Roque Lv.1"" to\nyour hand.\n<Base>\nThis minion cannot move."					ocr	13	「火蜘蛛の召喚士」ロック Lv3	https://www.aicarddass.com/zenonzard/images/cardlist/cards/red_00_00_03_02.png?v=20201113	base_minion	ベース・ミニオン	red	赤		PC:03 EVOLVE	8	エヴォーカー	R					
red_00_00_03_03	red	「炎石の召喚士」エミリー Lv1	Emeli - Conjurer of the Burning Embers Lv.1				《ベース》\n【配置時】\n「「エミリーの召喚獣」フレイムリングLv1」1枚\nを手札に加える。\n《ベース》\nこのマナは移動できない。\nＬEＧEND	<Base> [When Placed]\nAdd one Inferno Ring - Of Emeli Lv.1 to\nyour hand.\n<Base>\nThis minion cannot move.					ocr	14	「炎石の召喚士」エミリー Lv1	https://www.aicarddass.com/zenonzard/images/cardlist/cards/red_00_00_03_03.png?v=20201113	base_minion	ベース・ミニオン	red	赤		PC:03 EVOLVE	8	エヴォーカー	L					
red_00_00_03_04	red	「炎石の召喚士」エミリー Lv2	Emeli - Conjurer of the Burning Embers Lv.2				《ベース》\n【配置時】\n「「エミリーの召喚獣」フレイムリングLv2」1枚\nを手札に加える。\n《ベース》\nこのマナは移動できない。\nＬEGEND	<Base> [When Placed]\nAdd one Inferno Ring - Of Emeli Lv.2 to\nyour hand.\n<Base>\nThis minion cannot move.					ocr	15	「炎石の召喚士」エミリー Lv2	https://www.aicarddass.com/zenonzard/images/cardlist/cards/red_00_00_03_04.png?v=20201113	base_minion	ベース・ミニオン	red	赤		PC:03 EVOLVE	8	エヴォーカー	L					
red_00_00_03_05	red	「炎石の召喚士」エミリー Lv3	Emeli - Conjurer of the Burning Embers Lv.3				《ベース》\n【配置時】\n「「エミリーの召喚獣」フレイムリングLv3」1枚\nを手札に加える。\n《ベース》\nこのマナは移動できない。\nＬEGEND	<Base> [When Placed]\nAdd one Inferno Ring - Of Emeli Lv.3 to\nyour hand.\n<Base>\nThis minion cannot move.					ocr	16	「炎石の召喚士」エミリー Lv3	https://www.aicarddass.com/zenonzard/images/cardlist/cards/red_00_00_03_05.png?v=20201113	base_minion	ベース・ミニオン	red	赤		PC:03 EVOLVE	8	エヴォーカー	L					
red_00_00_04_00	red	「紅の魔術師」マッド	Fury - The Reddened Wizard				《ベース》\n【配置時】\n「マッドの第1魔法：クリエイト」1枚を手札に加\nえる。\n《ベース》\nこのマナは移動できない	<Base> [When Placed]\nAdd one Fury's Spells, Entry 1: Creation\nto your hand.\n<Base>\nThis minion cannot move.		PC:04 FORBIDDEN	Rare		ocr	20	「紅の魔術師」マッド	https://www.aicarddass.com/zenonzard/images/cardlist/cards/red_00_00_04_00.png?v=20201113	base_minion	ベース・ミニオン	red	赤		PC:04 FORBIDDEN	6	エヴォーカー	R					
red_00_00_04_01	red	「焔の魔術師」ケネス	Kenneth - The Scorching Wizard				《ベース》\n【配置時】\n「ケネスの第1魔法：アクセラレイト」1枚を手札\nに加える。\n《ベース》\nこのマナは移動できない。\nＥＰＩＣ	pa\n<Base> [When Placed]\nAdd one Kenneth's Spells, Entry 1\nAccelerate to your hand.\n<Base>\nThis minion cannot move.		PC:04 FORBIDDEN	Epic		ocr	21	「焔の魔術師」ケネス	https://www.aicarddass.com/zenonzard/images/cardlist/cards/red_00_00_04_01.png?v=20201113	base_minion	ベース・ミニオン	red	赤		PC:04 FORBIDDEN	6	エヴォーカー	E					
red_00_00_04_02	red	馬神 弾 Lv1	Dan Bashin Lv.1				《ベース》\n【配置時】\n「ブレイドラ」1枚を手札に加える。その後、\n神弾」をLv2Iこする。\n《ベース》\nこのマナは移動できない	"<Base> [When Placed]\nAdd one Bladra"" to your hand. Dan\nBashin becomes Lv.2.\n<Base>\nThis minion cannot move."					ocr	22	馬神 弾 Lv1	https://www.aicarddass.com/zenonzard/images/cardlist/cards/red_00_00_04_02.png?v=20201113	base_minion	ベース・ミニオン	red	赤		PC:04 FORBIDDEN	6	カードバトラー	E					
red_00_00_04_03	red	馬神 弾 Lv2	Dan Bashin Lv.2				《ベース》\n【配置時】\n「太陽龍ジーク・アポロドラン」1枚を手札に加\nえる。その後、「馬神弾」をLv3にする。\n《ベース》\nこのマナは移動できない	"oO\n<Base> [When Placed]\nAdd one The SunDragon\nSieg-Apollodragon"" to your hand. Dan Bashin\nbecomes Lv.3.\n<Base>\nThis minion cannot move."					ocr	23	馬神 弾 Lv2	https://www.aicarddass.com/zenonzard/images/cardlist/cards/red_00_00_04_03.png?v=20201113	base_minion	ベース・ミニオン	red	赤		PC:04 FORBIDDEN	6	カードバトラー	E					
red_00_00_04_04	red	馬神 弾 Lv3	Dan Bashin Lv.3				《ベース》\n【配置時】\n「太陽神龍ライジング・アポロドラゴン」\n1枚を手\n札に加える。\n《ベース》\nこのマナは移動できない	<Base> [When Placed]\nAdd one The SunDragonDeity\nRising-Apollodragon to your hand.\n<Base>\nThis minion cannot move.					ocr	24	馬神 弾 Lv3	https://www.aicarddass.com/zenonzard/images/cardlist/cards/red_00_00_04_04.png?v=20201113	base_minion	ベース・ミニオン	red	赤		PC:04 FORBIDDEN	6	カードバトラー	E					
red_00_00_04_05	red	激突王ダン	Dan - The Clash King				《ベース》\n【配置時】\n自分のミニオンカードでない無色マナ1つを「コ\nアに変更する。その後、この夕ーン、次に召喚する\n自分の種族「BS」または「ドラゴン」を持つミニ\nオンにBP+200と[襲撃]を付与する。\n《ベース》\nこのマナは移動できない。	<Base> [When Placed]\nChange one of your Neutral Mana that is not\na minion card into a Core. Then, the next\nminion you summon belonging to the BS or\nDragon class receives +200BP and the {\nCharge} effect.\n<Base>\nThis minion cannot move.					ocr	25	激突王ダン	https://www.aicarddass.com/zenonzard/images/cardlist/cards/red_00_00_04_05.png?v=20201113	base_minion	ベース・ミニオン	red	赤		PC:04 FORBIDDEN	6	カードバトラー	R					
red_00_00_04_06	red	砲竜バル・ガンナー	The CannonDragon Bal-Gunner				《付与能力》\n【アタック時】\n自分はカ一ドを1枚引き、相手のBP300以下の三\n二オン1体を破壊する。	Boost: BS + Cost 3 or Higher\n<Boost Ability> [When Attacking]\nDraw one card, and destroy one of your\nopponent's minions with 300BP or lower.					ocr	26	砲竜バル・ガンナー	https://www.aicarddass.com/zenonzard/images/cardlist/cards/red_00_00_04_06.png?v=20201113	base_minion	ベース・ミニオン	red	赤		PC:04 FORBIDDEN	6		R					
red_00_00_04_07	red	砲凰竜フェニック・キャノン	The GunDragon Phoenix-Cannon				《ベース\n【配置時】\n自分の種族「BS」を持つマナが2つ以上ある場合、\n相手のBP300以下のミニオンまたは相手のライフ\n4以上のフォース1つを破壊する。	Boost: BS + Cost 3 or Higher\n<Base> [When Placed]\nIf you have two or more mana belonging\nto the BS class, you can choose to destroy\none of your opponent's minions with\n300BP or lower, or destroy one of your\nopponent's Forces with 4 points or higher.					ocr	27	砲凰竜フェニック・キャノン	https://www.aicarddass.com/zenonzard/images/cardlist/cards/red_00_00_04_07.png?v=20201113	base_minion	ベース・ミニオン	red	赤		PC:04 FORBIDDEN	6		C					
red_00_00_05_00	red	宝石人フローライト	Floryte of the Gemfolk				【進撃時】\nこのターン中、自分の種族「ジュエリスト」を持つ\nミニオン全てをBP+200する。\n【破壊時】\n合、このカードをレスト状態でベースに置く。	[When Advancing]\nAll your minions belonging to the Jewelist\nclass gain +200BP for the duration of this\nturn.\n[When Destroyed]\nIf there are no Floryte of the Gemfolk\ncards in your base, move this card to your <Base> in the Rest State.		PC:05 GLORY	Common		ocr	28	宝石人フローライト	https://www.aicarddass.com/zenonzard/images/cardlist/cards/red_00_00_05_00.png?v=20201113	base_minion	ベース・ミニオン	red	赤		PC:05 GLORY	2	ジュエリスト	C					
red_00_01_00_00	red	アグマの鉱夫	Miner of Aguma		300	1	《デッキ》\nこのカードは何枚でもデッキに入れられる。\n【常時】\nこのカードはブロックできない。	<Deck>\nA deck can have any number of this card.\n[Passive]\nThis minion cannot block.	Basic			https://gamerch.com/zenonzard/74428	gamerch	2	アグマの鉱夫	https://www.aicarddass.com/zenonzard/images/cardlist/cards/red_00_01_00_00.png?v=20201113	base_minion	ベース・ミニオン	red	赤		ベーシック	15	ドワーフ	Basic					
red_00_01_01_00	red	アグマの守護者	Guardian of Aguma		100	1	【常時】\nこのミニオンはブロックできない。\n《ベース》【自分のターン終了時】\nこのマナをアクティブにする。	[Passive]\nThis minion cannot block.\n<Base> [At the End of Your Turn]\nThis mana enters the Active State.	AWAKEN	PC:01 AWAKEN	Rare	https://gamerch.com/zenonzard/74860	gamerch	1	アグマの守護者	https://www.aicarddass.com/zenonzard/images/cardlist/cards/red_00_01_01_00.png?v=20201113	base_minion	ベース・ミニオン	red	赤		PC:01 AWAKEN	14	ドワーフ	R					
red_00_01_01r_00	red	ドワーフの闘士	Dwarven Champion		300	1	【常時】\nこのミニオンはブロックできない。\n【配置時】\nこのターン中に自分が次に召喚する赤のミニオンに［襲撃］を与える。	[Passive]\nThis minion cannot block.\n<Base> [When Placed]\nOn this turn, the next Red Minion you\nsummon will receive the Charge effect.	BEYOND				gamerch	3	ドワーフの闘士	https://www.aicarddass.com/zenonzard/images/cardlist/cards/red_00_01_01r_00.png?v=20201113	base_minion	ベース・ミニオン	red	赤		PC:01R BEYOND	12	ドワーフ	E					
red_00_01_02_00	red	「石精」ロックバイス	Rockvice - The Stone Sprite		300	0	［加護:赤］	Boost: Red	CONTRACT				gamerch	4	「石精」ロックバイス	https://www.aicarddass.com/zenonzard/images/cardlist/cards/red_00_01_02_00.png?v=20201113	base_minion	ベース・ミニオン	red	赤		PC:02 CONTRACT	11	ニンフ	C					
red_00_01_02_01	red	「炎精」ファイアリィ	Fiery - The Flame Sprite		100	1	［加護:赤+コスト4以上］\n«付与能力»【アタック時】\nこのミニオンがブロックされるたび、ブロックしているミニオンにBP-200を付与する。	Boost: Red + Cost 4 or Higher\n<Boost Ability> [When Attacking]\nWhenever this minion's attacks are blocked, deal -200BP to the minion who blocked the attack.	CONTRACT				gamerch	5	「炎精」ファイアリィ	https://www.aicarddass.com/zenonzard/images/cardlist/cards/red_00_01_02_01.png?v=20201113	base_minion	ベース・ミニオン	red	赤		PC:02 CONTRACT	11	ニンフ	E					
red_00_01_02c_00	red	「小竜」ピナ					【常時】\nこのミニオンはブロックできない。\n《ベース》\n【配置時】\nこのタ一ン中、相手のミニオン1体をBP-100す						ocr	8	「小竜」ピナ	https://www.aicarddass.com/zenonzard/images/cardlist/cards/red_00_01_02c_00.png?v=20201113	base_minion	ベース・ミニオン	red	赤		EXCODE:02C SAO	9	ソード|ドラゴン	C					
red_00_01_02c_01	red	ダークリパルサー					《ベース》\n【配置時】\nフィールドに自分の種族「ソード」を持つミニオン\nが2体以上いる場合、自分の移動権を1増やす。						ocr	9	ダークリパルサー	https://www.aicarddass.com/zenonzard/images/cardlist/cards/red_00_01_02c_01.png?v=20201113	base_minion	ベース・ミニオン	red	赤		EXCODE:02C SAO	9	アイテム|ソード	R					
red_00_01_02c_02	red	エリュシデータ					《付与能力》\n【アタック時】\n相手のBP400以下のミ二オン1体を破壊する。\nＥＰＩＣ						ocr	10	エリュシデータ	https://www.aicarddass.com/zenonzard/images/cardlist/cards/red_00_01_02c_02.png?v=20201113	base_minion	ベース・ミニオン	red	赤		EXCODE:02C SAO	9	アイテム|ソード	E					
red_00_01_02r_00	red	「鉄精」アイロナ	Steella - The Iron Sprite				《付与能力》\n【自分のターン\n他の自分のミニオン・トークン全てをBP+200す	Boost: Red\n<Boost Ability> On your turn, all your other Token Minions gain +200BP.					ocr	6	「鉄精」アイロナ	https://www.aicarddass.com/zenonzard/images/cardlist/cards/red_00_01_02r_00.png?v=20201113	base_minion	ベース・ミニオン	red	赤		PC:02R DIVINE	10	ニンフ	R					
red_00_01_02r_01	red	「紅玉精」ルビニア	Rubia - The Red Gem Sprite				【配置時】\n相手のBP400以下のミ二オン1体を選択する。こ\nのターン中、そのミニオンはブロックできない。\nＥＰＩＣ	<Base> [When Placed]\nSelect one of your opponent's minions\nwith 400BP or lower. That minion cannot\nblock for the duration of this turn.\nBoost: Red + Cost 2 or Higher					ocr	7	「紅玉精」ルビニア	https://www.aicarddass.com/zenonzard/images/cardlist/cards/red_00_01_02r_01.png?v=20201113	base_minion	ベース・ミニオン	red	赤		PC:02R DIVINE	10	ニンフ	E					
red_00_01_04_00	red	ブレイドラ	Bladra	0			【召喚時】\n自分のデッキを上から3枚見て、その中の赤のべ-\nス・ミニオンカード1枚を公開して手札に加える。\n残りをランダムにデッキの下に戻す。\n【自分のターン】\nこのミニオンは移動できない。	[When Summoned]\nLook at the top three cards of your deck and\nselect one Red Base Minion. Reveal it to\nyour opponent and add it to your hand. Put the\nrest back on the bottom of your deck in\nrandom order.\n[On Your Turn]\nThis minion cannot move.					ocr	0	ブレイドラ	https://www.aicarddass.com/zenonzard/images/cardlist/cards/red_00_01_04_00.png?v=20201113	field_minion	フィールド・ミニオン	red	赤	0	PC:04 FORBIDDEN	6	BS	E					
red_00_01_EX02_00	red	「豚竜」プビィ	Poobi - The Draconic Hog				【常時】\nこのミニオンはブロックできない。\n《ベース》\n【配置時】\nこのタ一ン中、相手のミニオン1体をBP-100す	[Passive]\nThis minion cannot block.\n<Base> [When Placed]\nSelect one of your opponent's minions to\nlose 100BP for the duration of this turn.					ocr	17	「豚竜」プビィ	https://www.aicarddass.com/zenonzard/images/cardlist/cards/red_00_01_EX02_00.png?v=20201113	base_minion	ベース・ミニオン	red	赤		EX:02 幻影の剣士	7	ソード|ドラゴン	C					
red_00_01_EX02_01	red	炎刃レイジングブレイズ	Nitro - The Fire Saber				《ベース》\n【配置時】\nフィールドに自分の種族「ソード」を持つミニオン\nが2体以上いる場合、自分の移動権を1増やす。	Boost: Sword + Cost 3 or Higher\n<Base> [When Placed]\nIf you have two or more minions on the\nfield belonging to the Sword class, increase\nyour Movement by 1.					ocr	18	炎刃レイジングブレイズ	https://www.aicarddass.com/zenonzard/images/cardlist/cards/red_00_01_EX02_01.png?v=20201113	base_minion	ベース・ミニオン	red	赤		EX:02 幻影の剣士	7	アイテム|ソード	R					
red_00_01_EX02_02	red	赤剣ウインブレイド	Triumph - The Scarlet Saber				《付与能力》\n【アタック時】\n相手のBP400以下のミ二オン1体を破壊する。	Boost: Sword Cost 4 or Higher\n<Boost Ability> [When Attacking]\nDestroy one of your opponent's minions\nwith 400BP or lower.					ocr	19	赤剣ウインブレイド	https://www.aicarddass.com/zenonzard/images/cardlist/cards/red_00_01_EX02_02.png?v=20201113	base_minion	ベース・ミニオン	red	赤		EX:02 幻影の剣士	7	アイテム|ソード	E					
red_01_00_04_00	red	カメレオプス	Chamaeleopus	1			【自分の夕\nこのミニオンは[コスト軽減：赤で2体として数\nえる。\n【常時】\nこのミニオンはベースに移動するとき、レスト状態\nで移動する。	[On Your Turn]\nThis minion counts as two for the {Cost\nReduction: Red} effect.\n[Passive]\nThis minion enters the Rest State when it\nmoves to the base.					ocr	34	カメレオプス	https://www.aicarddass.com/zenonzard/images/cardlist/cards/red_01_00_04_00.png?v=20201113	field_minion	フィールド・ミニオン	red	赤	1	PC:04 FORBIDDEN	6	BS	C					
red_01_00_06_00	red	宝石人スピネル	Spinelle of the Gemfolk	2			【進撃時】\n自分の種族「ジュエリスト」を持つミニオン1体に\n[襲撃]を付与する。\n【破壊時】\nのカードをレスト状態でベースに置く。	"{When Advancing]\nSelect one of your minions belonging to the\nJewelist class to receive the {Charge} effect\n[When Destroyed]\nIf there are no Spinelle of the Gemfolk""""\nin the Rest State.\ncards in your base, move this card to your base."					ocr	82	宝石人スピネル	https://www.aicarddass.com/zenonzard/images/cardlist/cards/red_01_00_06_00.png?v=20201113	base_minion	ベース・ミニオン	red	赤	2	PC:06 HELIX	1	ジュエリスト	R					
red_01_01_03_00	red	アーマーヘラクレス	Armored Hercules	1			【自分の夕\nこのミニオンがプレイヤにアタックした場合、自分\nの種族「エヴォーカー」を持つ、赤または無色のマナ\nがあるなら、このバトル中、このミニオンをDP+1す\n【常時】\nこのミニオンはベースに移動するとき、\nレスト状態で\n移動する。	[On Your Turn]\nIf you have Red or Neutral Mana belonging\nto the Evoker class in your base, this minion\ngains +1DP when attacking the opponent's\nLife for the duration of the battle.\n[Passive]\nThis minion enters the Rest State when it\nmoves to your base.					ocr	33	アーマーヘラクレス	https://www.aicarddass.com/zenonzard/images/cardlist/cards/red_01_01_03_00.png?v=20201113	field_minion	フィールド・ミニオン	red	赤	1	PC:03 EVOLVE	8	モンスター	R					
red_01_01_04_00	red	アンキラーザウルス	Ankillersaurus	1			【常時】\n他の自分の種族「BS」を持つ赤のミ二オンがいる\n場合、このミニオンをBP+100/DP+1する。\n【常時】\nこのミニオンはベースに移動するとき、レスト状態\nで移動する。	[Passive]\nIf you have another Red Minion\nbelonging to the BS class on the field, this minion\ngains + 100BP/+1DP.\n[Passive]\nThis minion enters the Rest State when it\nmoves to the base.					ocr	35	アンキラーザウルス	https://www.aicarddass.com/zenonzard/images/cardlist/cards/red_01_01_04_00.png?v=20201113	field_minion	フィールド・ミニオン	red	赤	1	PC:04 FORBIDDEN	6	BS	C					
red_01_01_05_00	red	はじまりの宝石人	Gemfolk Novice	1			【召喚時】&【進撃時】\n自分の種族「ジュエリスト」を持つ、コスト2以上\nのミニオンがいる場合、このターン中、このミニオ\nンをDP+1する。\n【常時】\nこのミニオンはベースに移動するとき、レスト状態\nで移動する。	[When Summoned] & [When Advancing]\nThis minion gains +1DP for the duration of\nthis turn if there is a minion with a cost of 2\nor higher belonging to the Jewelist class on\nyour field.\n[Passive]\nThis minion enters the Rest State when it\nmoves to the base.					ocr	36	はじまりの宝石人	https://www.aicarddass.com/zenonzard/images/cardlist/cards/red_01_01_05_00.png?v=20201113	field_minion	フィールド・ミニオン	red	赤	1	PC:05 GLORY	2	ジュエリスト	C					
red_01_01_06_00	red	空賊トッコウ	Toko the Sky Pirate	2			【自分の夕\nこのミニオンがプレイヤーにアタックした場合、自\n分はカードを１枚引く。\n【常時】\n他の自分のミニオンがフィールドに出るたび、この\nターン中、このミニオンをBP+200する。	[On Your Turn]\nIf this minion attacks your opponent's\nLife, draw one card.\n[Passive]\nWhenever another minion enters your\nfield, for the duration of this turn, this\nminion gains +200BP.		PC:06 HELIX	Rare		ocr	69	空賊トッコウ	https://www.aicarddass.com/zenonzard/images/cardlist/cards/red_01_01_06_00.png?v=20201113	field_minion	フィールド・ミニオン	red|yellow	赤|黄	2	PC:06 HELIX	1	ウイング|ドラゴニュート	R					
red_01_02_01_00	red	スパイクリザード	Spike Lizard	1	100	1	【常時】\n自分のミニオンが2体以下である場合、このミニオンはアタックできない。\n【常時】\nこのミニオンはベースに移動するとき、レスト状態で移動する。	[Passive]\nIf you have two minions or fewer on your\nfield, this minion cannot attack.\n[Passive]\nThis minion enters the Rest State when it\nmoves to the base.	AWAKEN				gamerch	31	スパイクリザード	https://www.aicarddass.com/zenonzard/images/cardlist/cards/red_01_02_01_00.png?v=20201113	field_minion	フィールド・ミニオン	red	赤	1	PC:01 AWAKEN	14	ダイナソー	C					
red_01_02_02_00	red	ゴレイム「タイプ：ディガー」	Digger Golem	1(赤1)	100	0	【召喚時】\n自分のミニオンカードでない無色マナ1つを破壊できる。そうした場合、自分はカードを1枚引く。\n【常時】\nこのミニオンはベースに移動するとき、レスト状態で移動する。	[When Summoned]\nYou can destroy one of your Neutral\nMana that is not a minion card. If you do\ndraw one card.\n[Passive]\nThis minion enters the Rest State when it\nmoves to the base.	CONTRACT				gamerch	32	ゴレイム「タイプ：ディガー」	https://www.aicarddass.com/zenonzard/images/cardlist/cards/red_01_02_02_00.png?v=20201113	field_minion	フィールド・ミニオン	red	赤	1	PC:02 CONTRACT	11	ゴレイム	R					
red_01_02_03_00	red	ボムボール	Bomb Ball	1			【メイン】ノ【フラッシュ】\n相手のBP300以下のミ二オン１体を破壊する。	es Eee\n‘[Main]/[Flash]\nDestroy one of your opponent's minions with 300BP or lower.					ocr	41	ボムボール	https://www.aicarddass.com/zenonzard/images/cardlist/cards/red_01_02_03_00.png?v=20201113	magic	マジック	red	赤	1	PC:03 EVOLVE	8		C					
red_01_02_04_00	red	マッドの第1魔法：クリエイト	Fury's Spells, Entry 1: Creation	1			【メイン】\n「S・ゴレイム・トークン」1体をレスト状態で出\n魔法：レプリカ」１枚を手札に加える。	"This card is part of the Arcana class.\n[Main]\nOne Token Golem S enters\nyour field in\nthe Rest State. Then, banish\nthis card and add one ""Fury's Spells, Entry 2: Replication""\nto your hand."		PC:04 FORBIDDEN	Rare		ocr	42	マッドの第1魔法：クリエイト	https://www.aicarddass.com/zenonzard/images/cardlist/cards/red_01_02_04_00.png?v=20201113	magic	マジック	red	赤	1	PC:04 FORBIDDEN	6		R					
red_01_02_04_01	red	ケネスの第1魔法：アクセラレイト	Kenneth's Spells, Entry 1: Accelerate	1			【メイン】\n自分の赤または無色のミ二オン1体にBP+100と\n[襲撃]を付与する。その後、このカ一ドを除外して\nに加える。	"This card is part of the Arcana class.\n[Main]\nSelect one of your Red or Neutral Minions\n“to receive + 100BP and the {Charge} effect. Then, banish this card and add one\n“Kenneth's Spells, Entry: 2: Firebolt"" to your\nhand."					ocr	43	ケネスの第1魔法：アクセラレイト	https://www.aicarddass.com/zenonzard/images/cardlist/cards/red_01_02_04_01.png?v=20201113	magic	マジック	red	赤	1	PC:04 FORBIDDEN	6		E					
red_01_02_05_00	red	ジュエルの煌めき Lv1	Glistening Jewels Lv.1	1			【メイン】\n自分のプレイヤーに「自分のターン中、自分の種族\n「ジュエリスト」を持つマナがフィールドに移動す\nるたび、そのミニオンにBP+100/DP+1を付与す\nる。」を付与する。この効果は重複しない。\n進化：この力一ドを手札から使用したとき	[Main] You receive the following effect (this effect cannot\nstack)\nDuring your turn, whenever one of your minions\nbelonging to the Jewelist class moves from the Base to the field, that minion receives +100BP/+1DP.\nEvolve: Use this card from your hand. Glistening Jewels becomes Lv.2.					ocr	44	ジュエルの煌めき Lv1	https://www.aicarddass.com/zenonzard/images/cardlist/cards/red_01_02_05_00.png?v=20201113	magic	マジック	red	赤	1	PC:05 GLORY	2		L					
red_01_03_00_00	red	緊急採掘命令	Emergency Mining Order	1	-	-	【メイン】\n自分のミニオンでない無色マナ1つを破壊する。そうした場合、自分はカードを2枚引く。	[Main] Destroy one of your Neutral Mana that is\nnot a minion card. If you do, draw two cards.	Basic				gamerch	39	緊急採掘命令	https://www.aicarddass.com/zenonzard/images/cardlist/cards/red_01_03_00_00.png?v=20201113	magic	マジック	red	赤	1	ベーシック	15		Basic					
red_01_03_01r_00	red	増加装甲装着	Reinforce Armor	1			【メイン】/【フラッシュ】\n自分のミニオン1体に、自分のミニオン・トークン1体毎にBP+100を付与する。	[Main]/[Flash]. Select one of your minions to receive\n+100BP for each Token Minion on your field.	BEYOND				gamerch	40	増加装甲装着	https://www.aicarddass.com/zenonzard/images/cardlist/cards/red_01_03_01r_00.png?v=20201113	magic	マジック	red	赤	1	PC:01R BEYOND	12		C					
red_01_03_EX04_00	red	屑ヤミー	Token Monster S	1			このカードはミニオン・\nクンである。						ocr	46	屑ヤミー	https://www.aicarddass.com/zenonzard/images/cardlist/cards/red_01_03_EX04_00.png?v=20201113	token_minion	ミニオン・トークン	red	赤	1	EX:04 KAMEN RIDER	4	モンスター	Basic					
red_01_03_EX04c_00	red	S・モンスター・トークン		1										47	S・モンスター・トークン	https://www.aicarddass.com/zenonzard/images/cardlist/cards/red_01_03_EX04c_00.png?v=20201113	token_minion	ミニオン・トークン	red	赤	1	EX:04 HEROIC_MASQUERADE	3	モンスター	Basic					
red_01_04_00_00	red	S・ゴレイム・トークン	Token Golem S	1	100	1	効果なし		Basic	BASIC:DECK	Common		gamerch	45	S・ゴレイム・トークン	https://www.aicarddass.com/zenonzard/images/cardlist/cards/red_01_04_00_00.png?v=20201113	token_minion	ミニオン・トークン	red	赤	1	ベーシック	15	ゴレイム	Basic					
red_02_00_06_00	red	空賊ミハーリ	Mihari the Sky Pirate				《ベース》\n【配置時】\n自分のデッキを上から1枚見て、赤または黄の\nフィールド・ミニオンカードの場合、公開して手札こ加\nえる。それ以外の場合、デッキの下に戻す。	OE\n<Base> [When Placed]\nLook at the top card of your deck. If it is\nRed or Yellow Field Minion, reveal it to\nyour opponent, and add it to your hand. In\nany other case, return it to the bottom of\nyour deck.		PC:06 HELIX	Rare		ocr	30	空賊ミハーリ	https://www.aicarddass.com/zenonzard/images/cardlist/cards/red_02_00_06_00.png?v=20201113	base_minion	ベース・ミニオン	red|yellow	赤|黄		PC:06 HELIX	1	ウイング|ドラゴニュート	R					
red_02_01_03_00	red	アグマのトロッコ乗り	Operator of Aguma	2			【破壊時】\n相手のミ二オン1体にBP-200を付与する。	[When Destroyed]\nDeal -200BP to one of your opponent's\nminions.					ocr	57	アグマのトロッコ乗り	https://www.aicarddass.com/zenonzard/images/cardlist/cards/red_02_01_03_00.png?v=20201113	field_minion	フィールド・ミニオン	red	赤	2	PC:03 EVOLVE	8	ドワーフ	C					
red_02_01_03_01	red	「ロックの召喚獣」レッドスパイダー Lv1	Flaming Arachnid - Of Roque Lv.1	2			進化：手札から「ゴレイム」が召喚されたとき	Evolve: Summon minion from the Golem class\nRoque - Conjurer of Fiery Spiders Lv.1\nand Flaming Arachnid - Of Roque Lv. 1\nbecome Lv.2.					ocr	58	「ロックの召喚獣」レッドスパイダー Lv1	https://www.aicarddass.com/zenonzard/images/cardlist/cards/red_02_01_03_01.png?v=20201113	field_minion	フィールド・ミニオン	red	赤	2	PC:03 EVOLVE	8	アルカナ	R					
red_02_01_03_02	red	「ロックの召喚獣」レッドスパイダー Lv2	Flaming Arachnid - Of Roque Lv.2	2			【自分の夕\nン終了時】\n「S・ゴレイム・トークン」1体を出す。\n進化：手札から「ゴレイム」が召喚されたとき	One Token Golem 8S enters your field.\nEvolve: Summon minion from the Golem class\nRoque - Conjurer of Fiery Spiders Lv.2\nand Flaming Arachnid - Of Roque Lv.2\nbecome Lv.3.					ocr	59	「ロックの召喚獣」レッドスパイダー Lv2	https://www.aicarddass.com/zenonzard/images/cardlist/cards/red_02_01_03_02.png?v=20201113	field_minion	フィールド・ミニオン	red	赤	2	PC:03 EVOLVE	8	アルカナ	R					
red_02_01_03_03	red	「ロックの召喚獣」レッドスパイダー Lv3	Flaming Arachnid - Of Roque Lv.3	2			【自分のターン終了時】\n[S・ゴレイム・トークン」1体を出す。\n【常時】\n自分のミニオン・トークンが破壊されるたび、この\nミニオンIにBP+100/DP+1を付与する。	[At the End of Your Turn]\nOne Token Golem S enters your field.\n[Passive]\nWhenever one of your Token Minions is\ndestroyed, this minion receives +100BP/\n+1DP.					ocr	60	「ロックの召喚獣」レッドスパイダー Lv3	https://www.aicarddass.com/zenonzard/images/cardlist/cards/red_02_01_03_03.png?v=20201113	field_minion	フィールド・ミニオン	red	赤	2	PC:03 EVOLVE	8	アルカナ	R					
red_02_01_04_00	red	星角獣ユニゴーント	The StarHornBeast Unigaunt	2			【召喚時】\n自分はデッキの中から種族「ブレイヴ」を持つベー\nス・ミニオンカード1枚を公開して手札に加えるこ\nとができる。その後、自分のデッキをシャッフルす	[When Summoned]\nYou can search your deck for a <Base>\nMinion card belonging to the Brave class\nreveal it to your opponent and add it to your\nhand. Then, shuffle your deck.					ocr	65	星角獣ユニゴーント	https://www.aicarddass.com/zenonzard/images/cardlist/cards/red_02_01_04_00.png?v=20201113	field_minion	フィールド・ミニオン	red	赤	2	PC:04 FORBIDDEN	6	BS	R					
red_02_01_04_02	red	アグマの魔石掘り	Aguma Miner of Magic	2			連携：「エヴォカ」	Chain: Evoker					ocr	63	アグマの魔石掘り	https://www.aicarddass.com/zenonzard/images/cardlist/cards/red_02_01_04_02.png?v=20201113	field_minion	フィールド・ミニオン	red	赤	2	PC:04 FORBIDDEN	6	ドワーフ	C					
red_02_01_04_03	red	アクゥイラム	Aquilam	2			【召喚時】\n自分のミニオンカードでない無色マナ1つを「コ\nア」に変更する。\n【アタック時】\n自分の種族「BS」を持つマナがある場合、相手は\n必ずブロックする。	[When Summoned]\nChange one of your Neutral Mana that is\nnot a minion card into a Core.\n[When Attacking]\nIf you have a minion in your <Base>\nbelonging to the BS class, your opponent must\nblock.					ocr	64	アクゥイラム	https://www.aicarddass.com/zenonzard/images/cardlist/cards/red_02_01_04_03.png?v=20201113	field_minion	フィールド・ミニオン	red	赤	2	PC:04 FORBIDDEN	6	BS	C					
red_02_01_05_00	red	宝石人オプディアン	Tow Paz of the Gemfolk	2			【破壊時】\n合、このカードをレスト状態でベースに置く。	[When Destroyed]\nIf there are no Tow Paz of the Gemfolk\ncards in your base, move this card to your<Base> in the Rest State.					ocr	66	宝石人オプディアン	https://www.aicarddass.com/zenonzard/images/cardlist/cards/red_02_01_05_00.png?v=20201113	field_minion	フィールド・ミニオン	red	赤	2	PC:05 GLORY	2	ジュエリスト	C					
red_02_01_05_01	red	宝石人ブルーベリル	Bluberril of the Gemfolk	2			【自分の夕\nこのミニオンがプレイヤーにアタックした場合、自\n分はカードを1枚引く。\n【破壊時】\n合、このカードをレスト状態でベースに置く。	[On Your Turn]\nIf this minion attacks your opponent's\nLife, draw one card.\n[When Destroyed]\nIf there are no Bluberril of the Gemfolk\ncards in your base, move this card to your<Base> in the Rest State.					ocr	67	宝石人ブルーベリル	https://www.aicarddass.com/zenonzard/images/cardlist/cards/red_02_01_05_01.png?v=20201113	field_minion	フィールド・ミニオン	red	赤	2	PC:05 GLORY	2	ジュエリスト	R					
red_02_01_05_02	red	ゴレイム「タイプ：ブロック」	Block Golem	2			【召喚時】\n自分が「混のフォース“キマイラ”」を選んでいる場\n「レギオン」を持つミニオンが破壊されているなら、	[When Summoned]\nIf you have chosen the Force of Fusion -\nChimera and one of your minions\nbelonging to the Golem or Legion class has been\ndestroyed this turn, one Block Golem\nenters your field.					ocr	68	ゴレイム「タイプ：ブロック」	https://www.aicarddass.com/zenonzard/images/cardlist/cards/red_02_01_05_02.png?v=20201113	field_minion	フィールド・ミニオン	red	赤	2	PC:05 GLORY	2	ゴレイム|レギオン	R					
red_02_02_00_00	red	エオラプトル	Eoraptor	2	100	1	【アタック時】\nこのターン中、このミニオンをBP+300する。	[When Attacking]\nThis minion gains +300BP for the\nduration of this turn.	Basic			https://gamerch.com/zenonzard/74863	gamerch	49	エオラプトル	https://www.aicarddass.com/zenonzard/images/cardlist/cards/red_02_02_00_00.png?v=20201113	field_minion	フィールド・ミニオン	red	赤	2	ベーシック	15	ダイナソー	Basic					
red_02_02_00_01	red	ゴレイム「タイプ：ドリル」	Drill Golem	2	300	1	効果なし		Basic				gamerch	50	ゴレイム「タイプ：ドリル」	https://www.aicarddass.com/zenonzard/images/cardlist/cards/red_02_02_00_01.png?v=20201113	field_minion	フィールド・ミニオン	red	赤	2	ベーシック	15	ゴレイム	Basic					
red_02_02_01_00	red	ファイアービートル	Fire Beetle	2	200	1	［襲撃］	Charge	AWAKEN				gamerch	48	ファイアービートル	https://www.aicarddass.com/zenonzard/images/cardlist/cards/red_02_02_01_00.png?v=20201113	field_minion	フィールド・ミニオン	red	赤	2	PC:01 AWAKEN	14	モンスター	C					
red_02_02_01r_00	red	フレイムカーマン	Flame Caiman	2	300	1	【アタック時】\nプレイヤーにアタックした場合、このミニオンにBP+100を付与する。	[When Attacking]\nIf this minion attacks your opponent's\nLife, this minion receives +100BP.	BEYOND				gamerch	51	フレイムカーマン	https://www.aicarddass.com/zenonzard/images/cardlist/cards/red_02_02_01r_00.png?v=20201113	field_minion	フィールド・ミニオン	red	赤	2	PC:01R BEYOND	12	ビースト	R					
red_02_02_02_00	red	ファイアリザード	Fire Lizard	2(赤1)	200	1	【自分のターン】\n他の自分の「ファイアリサード」1体毎に、このミニオンをBP+300する。	[On Your Turn]\nFor every other Fire Lizard on your\nfield, this minion gains +300BP.	CONTRACT				gamerch	52	ファイアリザード	https://www.aicarddass.com/zenonzard/images/cardlist/cards/red_02_02_02_00.png?v=20201113	field_minion	フィールド・ミニオン	red	赤	2	PC:02 CONTRACT	11	ダイナソー	C					
red_02_02_02c_00	red	「月夜の黒猫団」サチ		2			【破壊時】\nスイッチ：「黒の剣土」\n自分の種族「黒の剣士」を持つミニオン1体に、\nBP+200を付与する。						ocr	55	「月夜の黒猫団」サチ	https://www.aicarddass.com/zenonzard/images/cardlist/cards/red_02_02_02c_00.png?v=20201113	field_minion	フィールド・ミニオン	red	赤	2	EXCODE:02C SAO	9	ソード	C					
red_02_02_02c_01	red	「情報屋」アルゴ		2			【召喚時】\nスイッチ：「黒の剣土」\nフィルドに自分の種族「黒の剣士」を持つミ二オ\nンがいる場合、自分の移動権を1増やす。						ocr	56	「情報屋」アルゴ	https://www.aicarddass.com/zenonzard/images/cardlist/cards/red_02_02_02c_01.png?v=20201113	field_minion	フィールド・ミニオン	red	赤	2	EXCODE:02C SAO	9	ソード	R					
red_02_02_02r_00	red	ロックインプ	Rock Imp	2			【加護時】\nこのターン中、相手のプレイヤーとフォースに「こ\nのライフは回復できず、ダメージを軽減できな\nい。」を与える。	[When Boosted]\nDamage dealt to your opponent's Life and\nForces cannot be reduced for the\nduration of this turn.					ocr	53	ロックインプ	https://www.aicarddass.com/zenonzard/images/cardlist/cards/red_02_02_02r_00.png?v=20201113	field_minion	フィールド・ミニオン	red	赤	2	PC:02R DIVINE	10	モンスター	C					
red_02_02_02r_01	red	ゴレイム「タイプ：ルーラー」	Ruler Golem	2			【召喚時】\n自分のミニオンカードでない無色マナ1つを破壊で\n1体を出す。	[When Summoned]\nYou can destroy one of your Neutral\nMana that is not a minion card. If you do, one\nToken Golem S enters your field.					ocr	54	ゴレイム「タイプ：ルーラー」	https://www.aicarddass.com/zenonzard/images/cardlist/cards/red_02_02_02r_01.png?v=20201113	field_minion	フィールド・ミニオン	red	赤	2	PC:02R DIVINE	10	ゴレイム	C					
red_02_02_04_00	red	スターリードロー	Starry Draw	2			【メイン】\n自分のデッキを上から4枚見て、その中の種族「\nカードバトラー」または「ドラゴン」または「光導」\nを持つミニオンカード全てを公開して手札に加え\nる。残りをランダムにデッキの下に戻す。その後、自\n分のミニオンカードでない無色マナ1つを「コア」\nに変更する。	[Main]\nLook at the top four cards of your deck\nreveal all Field Minions belonging to the Card\nBattler, Dragon, or Zodiac Deity class to your\nopponent, and add them to your hand. Put the rest back on the bottom of your deck in\nrandom order. Then, change one of your\nNeutral Mana that is not a minion card into a Core.					ocr	80	スターリードロー	https://www.aicarddass.com/zenonzard/images/cardlist/cards/red_02_02_04_00.png?v=20201113	magic	マジック	red	赤	2	PC:04 FORBIDDEN	6		C					
red_02_02_EX02_00	red	「黒猫シーフ」メイ	Mei - The Feline Thief	2			【破壊時】\nスイッチ：「黒の剣士」\n自分の種族「黒の剣士」を持つミ二オン1体に、\nBP+200を付与する。	[When Destroyed] & Switch: Sable Knight\nSelect one of your minions belonging to\nthe Sable Knight class to receive +200BP.					ocr	61	「黒猫シーフ」メイ	https://www.aicarddass.com/zenonzard/images/cardlist/cards/red_02_02_EX02_00.png?v=20201113	field_minion	フィールド・ミニオン	red	赤	2	EX:02 幻影の剣士	7	ソード	C					
red_02_02_EX02_01	red	伝書ラッティー	Mailrat	2			【召喚時】&\nスイッチ：「黒の剣土」\nフィールドに自分の種族「黒の剣士」を持つミ二オ\nンがいる場合、自分の移動権を1増やす。	[When Summoned] & Switch: Sable Knight\nIf you have a minion belonging to the\nSable Knight class on the field, increase your\nMovement by 1.					ocr	62	伝書ラッティー	https://www.aicarddass.com/zenonzard/images/cardlist/cards/red_02_02_EX02_01.png?v=20201113	field_minion	フィールド・ミニオン	red	赤	2	EX:02 幻影の剣士	7	ソード	R					
red_02_03_00_00	red	ハイプレッシャー	High Pressure	2	-	-	【メイン】/【フラッシュ】\nこのターン中、ミニオン1体をBP+300して［襲撃］を与える。	[Main] / [Flash]\nSelect one minion to gain +300BP and the Charge effect for the duration of this\nturn.	Basic				gamerch	71	ハイプレッシャー	https://www.aicarddass.com/zenonzard/images/cardlist/cards/red_02_03_00_00.png?v=20201113	magic	マジック	red	赤	2	ベーシック	15		Basic					
red_02_03_00_01	red	グラヴィティ	Gravity	2			【メイン】/【フラッシュ】\nこのターン中、相手のミニオン1体をBP-300する。	[Main] / [Flash] One of your opponent's minions loses\n-300BP for the duration of this turn.					seesaa	72	グラヴィティ	https://www.aicarddass.com/zenonzard/images/cardlist/cards/red_02_03_00_01.png?v=20201113	magic	マジック	red	赤	2	ベーシック	15		Basic					
red_02_03_01_00	red	コウモリの攪乱	Rush of Bats	2	-	-	【メイン】\nこのターン中、相手のプレイヤーと相手のフォースは回復できず、ダメージを軽減できない。自分はカードを1枚引く。	[Main]\nDraw one card. For the duration of this turn, your opponent gains the following effect:\nLife and Force cannot be restored and damage cannot be reduced.	AWAKEN				gamerch	70	コウモリの攪乱	https://www.aicarddass.com/zenonzard/images/cardlist/cards/red_02_03_01_00.png?v=20201113	magic	マジック	red	赤	2	PC:01 AWAKEN	14		C					
red_02_03_01r_00	red	パラライズボール	Paralyzer	2			【メイン】/【フラッシュ】\n相手のBP500以上のミニオン1体を選択する。このターン中、そのミニオンはブロックできない。	[Main] / [Flash] Select one of your opponent's minions\nwith 500BP or higher. That minion cannot\nblock for the duration of this turn.	BEYOND				gamerch	73	パラライズボール	https://www.aicarddass.com/zenonzard/images/cardlist/cards/red_02_03_01r_00.png?v=20201113	magic	マジック	red	赤	2	PC:01R BEYOND	12		C					
red_02_03_02c_00	red	アスナの料理		2			【メイン】ノ【フラッシュ】\nこのターン中、自分のミニオン1体をBP+300す						ocr	76	アスナの料理	https://www.aicarddass.com/zenonzard/images/cardlist/cards/red_02_03_02c_00.png?v=20201113	magic	マジック	red	赤	2	EXCODE:02C SAO	9		C					
red_02_03_02c_01	red	ヴォーパル・ストライク		2			【メイン】ノ【フラッシュ】\nこのターン中、相手のミニオン1体をBP-300す\nる。自分の種族「黒の剣士」を持つミ二オンがいる場\n合、代わりにBP-600する。						ocr	77	ヴォーパル・ストライク	https://www.aicarddass.com/zenonzard/images/cardlist/cards/red_02_03_02c_01.png?v=20201113	magic	マジック	red	赤	2	EXCODE:02C SAO	9		R					
red_02_03_02r_00	red	コール・ゴレイム	Golem Call	2			【フラッシュ】\nこのターン中、自分のミニオン1体をBP+300す\nる。そのミニオンが種族「ゴレイム」を持つミニオン\nである場合、「S・ゴレイム・トークン」1体を出	[Flash]\nSelect one of your minions to gain\n+300BP for the duration of this turn. If that minion belongs to the Golem class, one Token Golem S enters your field.					ocr	74	コール・ゴレイム	https://www.aicarddass.com/zenonzard/images/cardlist/cards/red_02_03_02r_00.png?v=20201113	magic	マジック	red	赤	2	PC:02R DIVINE	10		C					
red_02_03_02r_01	red	ファイアボール	Fire Rain	2			【メイン】ノフラッシュ】\n本来よりBPが低い相手のミニオン1体を破壊す	[Main] / [Flash]\nDestroy one of your opponent's minions\nwith BP lower than its original value.					ocr	75	ファイアボール	https://www.aicarddass.com/zenonzard/images/cardlist/cards/red_02_03_02r_01.png?v=20201113	magic	マジック	red	赤	2	PC:02R DIVINE	10		R					
red_02_03_EX02_00	red	アメリアの慈愛	Amelia's Affection	2			【メイン】ノ【フラッシュ】\nこのターン中、自分のミニオン1体をBP+300す	If you have a minion belonging to the\nSable Knight or Swift class on the field, the cost of this card while in your hand\nbecomes 0.\n[Main] / [Flash] Select one of your minions to gain\n+300BP for the duration of this turn.					ocr	78	アメリアの慈愛	https://www.aicarddass.com/zenonzard/images/cardlist/cards/red_02_03_EX02_00.png?v=20201113	magic	マジック	red	赤	2	EX:02 幻影の剣士	7		C					
red_02_03_EX02_01	red	カウンター・ストライク	Counter Strike	2			【メイン】ノ【フラッシュ】\nこのターン中、相手のミニオン1体をBP-300す\nる。自分の種族「黒の剣」を持つミ二オンがいる場\n合、代わりにBP-600する。	[Main] / [Flash] Select one of your opponent's minions to lose -300BP for the duration of this turn.\nIf you have a minion belonging to the Sable Knight class on the field, your opponent's minion loses -600BP instead.					ocr	79	カウンター・ストライク	https://www.aicarddass.com/zenonzard/images/cardlist/cards/red_02_03_EX02_01.png?v=20201113	magic	マジック	red	赤	2	EX:02 幻影の剣士	7		R					
red_03_01_03_00	red	ファイアハウンド	Heated Hound	3				Revenge						91	ファイアハウンド	https://www.aicarddass.com/zenonzard/images/cardlist/cards/red_03_01_03_00.png?v=20201113	field_minion	フィールド・ミニオン	red	赤	3	PC:03 EVOLVE	8	ビースト	C					
red_03_01_03_01	red	「アグマの親方」ニトログ	Atom - Leader of Aguma	3			【常時】\n自分が発揮する「BP-する効果」と「BP-を付与す\nる効果」をさらに-100する。	[Passive]\nAny effects you activate where minions\nlose or are dealt -BP have an additional\n-100BP added on.					ocr	92	「アグマの親方」ニトログ	https://www.aicarddass.com/zenonzard/images/cardlist/cards/red_03_01_03_01.png?v=20201113	field_minion	フィールド・ミニオン	red	赤	3	PC:03 EVOLVE	8	ソード|ドワーフ	L					
red_03_01_04_00	red	アグマの傭兵	Aguma Mercenary	3			【召喚時】\n」＆【加護時】\nこのターン中、相手のミ二オン1体をBP-200す	[When Summoned] & [When Boosted]\nSelect one of your opponent's minions to\nlose -200BP for the duration of this turn.					ocr	94	アグマの傭兵	https://www.aicarddass.com/zenonzard/images/cardlist/cards/red_03_01_04_00.png?v=20201113	field_minion	フィールド・ミニオン	red	赤	3	PC:04 FORBIDDEN	6	ドワーフ	R					
red_03_01_04_01	red	砲撃ラット	Bomberrat	3			【アタック時】\n自分の種族「エヴォーカー」を持つ赤マナがある場\n合、このターン中、相手のプレイヤーと相手の\nフォース全てに「このライフは回復できず、ダメージを\n軽減できない。」を与える。	[When Attacking]\nIf you have Red Mana belonging to the\nEvoker class in your base, your opponent\nand their Forces receive the following effect\nfor the duration of this turn\nYour Life/Force points cannot be\nrestored and damage cannot be reduced		[[PACKCODE:04 FORBIDDEN|PC:04 FORBIDDEN]]	Common		ocr	95	砲撃ラット	https://www.aicarddass.com/zenonzard/images/cardlist/cards/red_03_01_04_01.png?v=20201113	field_minion	フィールド・ミニオン	red	赤	3	PC:04 FORBIDDEN	6	ラット	C					
red_03_01_04_02	red	ヤシウム	Yashium	3			【召喚時】\nスイッチ：「光導]\n自分のトラッシュにある、種族「BS」を持つミニ\nオンカード1枚を手札に戻す。	[When Summoned] & Switch: Zodiac Deity\nReturn one minion belonging to the BS\nclass from your trash to your hand.					ocr	96	ヤシウム	https://www.aicarddass.com/zenonzard/images/cardlist/cards/red_03_01_04_02.png?v=20201113	field_minion	フィールド・ミニオン	red	赤	3	PC:04 FORBIDDEN	6	BS	R					
red_03_01_05_00	red	宝石人ムーンストーン	Moon Stone of the Gemfolk	3			【召喚時】\n自分はデッキの中から「ジュエルの煌めき」1枚を\n公開して手札に加えることができる。その後、自分\nのデッキをシャッフルする。\n【破壊時】\n合、このカードをレスト状態でベースに置く。	"[When Summoned]\nYou can search your deck for one\n""Glistening Jewels"", reveal it to your opponent, and\nadd it to your hand. Then, shuffle your deck\n[When Destroyed]\nIf there are no Moon Stone of the Gemfolk\ncards in your base, move this card to your<Base> in the Rest State."					ocr	99	宝石人ムーンストーン	https://www.aicarddass.com/zenonzard/images/cardlist/cards/red_03_01_05_00.png?v=20201113	field_minion	フィールド・ミニオン	red	赤	3	PC:05 GLORY	2	ジュエリスト	C					
red_03_01_05_01	red	「朱の隊長」サクラ	Sakura - The Vermillion Captain	3			【召喚時】&【進撃時】\n自分のフィールド、ベース、トラッシュのいずれかに「「戦\n場を巡る者」アルテガ」がいる場合、自分の移動権を1増や\n【自分のターン】\n自分が「混のフォース“キマイラ”」と「麗のフォース“セイ\nレン」を選んでいる場合、自分の札から他の種族「レギオ\nン」を持つミニオンがフィールドに出るたび、ターンに1回、\nそのミニオンと同じード1枚をレスト状態でベースに置く。\nＥPIＣ	"[When Summoned] & [When Advancing]\nIf there is an ""Artegal - Roamer of the Battlefield"" on your\nfield, in your base, or in your trash, increase your\nMovement by 1.\n[On Your Turn]\nIf you have chosen the Force of Fusion - Chimera and the\nForce of Temptation - Siren, once per turn, when another\nminion belonging to the Legion class enters your field from\nyour hand, place a copy of that minion into your base in the\nRest State."					ocr	100	「朱の隊長」サクラ	https://www.aicarddass.com/zenonzard/images/cardlist/cards/red_03_01_05_01.png?v=20201113	field_minion	フィールド・ミニオン	red	赤	3	PC:05 GLORY	2	レギオン	E					
red_03_01_06_00	red	「紅水晶の踊子」宝石人ローズクォーツ	Roze Quartz - Dancer of the Gemfolk	1			【召喚時】\n自分の種族「ジュエリスト」を持つマナを2つま\nで、アクティブ状態でフイールドに移動させる。\n【破壊時】\nベースに置く。	[When Summoned]\nMove up to two of your minions belonging\nto the Jewelist class from your base to your\nfield in the Active State.\n[When Destroyed]\nIf there are no Roze Quartz - Dancer of the\nGemfolk cards in your base, move this card\nto your base in the Rest State.					ocr	37	「紅水晶の踊子」宝石人ローズクォーツ	https://www.aicarddass.com/zenonzard/images/cardlist/cards/red_03_01_06_00.png?v=20201113	field_minion	フィールド・ミニオン	red	赤	1	PC:06 HELIX	1	ジュエリスト	E					
red_03_01_06_01	red	「赤角竜」ヒートホーン	Magmagore - The Scarlet Horned	4			【自分の夕\nこのミニオンがブロックされるたび、このミニオン\nをアクティブにする。\n【常時】\n自分が他の赤のカードを使用するたび、このタ\n中、このミニオンをBP+100/DP+1する。	[On Your Turn]\nWhenever this minion is blocked, it\nenters the Active State.\n[Passive]\nWhenever you play another Red card.\nthis minion gains +100BP/+1DP for the\nduration of this turn.					ocr	131	「赤角竜」ヒートホーン	https://www.aicarddass.com/zenonzard/images/cardlist/cards/red_03_01_06_01.png?v=20201113	field_minion	フィールド・ミニオン	red	赤	4	PC:06 HELIX	1	ダイナソー	E					
red_03_01_06_02	red	「アグマの戦士王」ドゥリン	Durynn - Warrior King of Aguma	3			【召喚時】\n相手のミ二オン1体にBP-200を付与する。その\n後、相手のミ二オン1体にBP-200を付与する。\n【アタック時】\n自分の赤マナが6つ以上ある場合、相手のBP800\n以下のミ二オン1体を破壊する。そうした場合、相\n手のプレイヤーに1ダメージを与える。\nＬEGEND	[When Summoned]\nDeal -200BP to one of your opponent's minions.\nThen, deal -200BP to one of your opponent's\nminions.\n[When Attacking]\nIf there are six or more Red Mana in your base\ndestroy one of your opponent's minions with 800BP\nor lower. If you do, deal 1 damage to your\nopponent's Life.					ocr	102	「アグマの戦士王」ドゥリン	https://www.aicarddass.com/zenonzard/images/cardlist/cards/red_03_01_06_02.png?v=20201113	field_minion	フィールド・ミニオン	red	赤	3	PC:06 HELIX	1	ドワーフ	L					
red_03_01_06_03	red	空賊イツカ	Itsuka the Sky Pirate	1			【常時】\nこのミニオンはベースに移動するとき、レスト状態\nで移動する。	[Passive]\nThis minion enters the Rest State when it\nmoves to the base.		PC:06: Helix	Common		ocr	38	空賊イツカ	https://www.aicarddass.com/zenonzard/images/cardlist/cards/red_03_01_06_03.png?v=20201113	field_minion	フィールド・ミニオン	red|yellow	赤|黄	1	PC:06 HELIX	1	ウイング|ドラゴニュート	C					
red_03_01_EX04_00	red	カザリ	Laguiole - The Pyromaniac	3			【アタック時】\n相手のBP200以下のミ二オン1体を破壊する。	[When Attacking]\nDestroy one of your opponent's minions\nwith 200BP or lower.					ocr	97	カザリ	https://www.aicarddass.com/zenonzard/images/cardlist/cards/red_03_01_EX04_00.png?v=20201113	field_minion	フィールド・ミニオン	red	赤	3	EX:04 KAMEN RIDER	4	モンスター	R					
red_03_01_EX04c_00	red	「焔を飾るもの」ライオール		3			【アタック時】\n相手のBP200以下のミ二オン1体を破壊する。						ocr	98	「焔を飾るもの」ライオール	https://www.aicarddass.com/zenonzard/images/cardlist/cards/red_03_01_EX04c_00.png?v=20201113	field_minion	フィールド・ミニオン	red	赤	3	EX:04 HEROIC_MASQUERADE	3	モンスター	R					
red_03_02_00_00	red	ゴレイム「タイプ：ソーサー」	Sawblade Golem	3	200	1	【召喚時】\n「S・ゴレイム・トークン」（赤・ゴレイム・コスト1・BP100/DP1）1体を出す。	[When Summoned]\nOne Token Golem S (Red / Golem / Cost\n1 / 100BP / 1DP) enters your field.	Basic	BASIC DECK	Basic		gamerch	87	ゴレイム「タイプ：ソーサー」	https://www.aicarddass.com/zenonzard/images/cardlist/cards/red_03_02_00_00.png?v=20201113	field_minion	フィールド・ミニオン	red	赤	3	ベーシック	15	ゴレイム	Basic					
red_03_02_01_00	red	「導きの竜姫」ダイアナ	Dyana - The Reptile Pathfinder	3	400	1	［連携：赤］\n【自分のターン】\n他の自分の赤のミニオン全てをBP+200する。	Chain: Red\n[On Your Turn]\nAll your other Red Minions gain +200BP.	AWAKEN				gamerch	86	「導きの竜姫」ダイアナ	https://www.aicarddass.com/zenonzard/images/cardlist/cards/red_03_02_01_00.png?v=20201113	field_minion	フィールド・ミニオン	red	赤	3	PC:01 AWAKEN	14	ダイナソー	E					
red_03_02_01_01	red	ゴレイム「タイプ：アイアンハンマー」	Iron Hammer Golem	3	400	1	【アタック時】\nプレイヤーにアタックした場合、自分はカードを1枚引く。	[When Attacking]\nIf this minion attacks your opponent's\nLife, draw one card.	AWAKEN				gamerch	84	ゴレイム「タイプ：アイアンハンマー」	https://www.aicarddass.com/zenonzard/images/cardlist/cards/red_03_02_01_01.png?v=20201113	field_minion	フィールド・ミニオン	red	赤	3	PC:01 AWAKEN	14	ゴレイム	C					
red_03_02_01_02	red	ヴェローシュラプトル	Velociraptor	3	300	1	［襲撃］\n【自分のターン】\n他の自分のミニオン全てをBP+100する。	Charge\n[On Your Turn]\nAll your other minions gain +100BP.	AWAKEN				gamerch	83	ヴェローシュラプトル	https://www.aicarddass.com/zenonzard/images/cardlist/cards/red_03_02_01_02.png?v=20201113	field_minion	フィールド・ミニオン	red	赤	3	PC:01 AWAKEN	14	ダイナソー	R					
red_03_02_01_03	red	「鉄腕の大君」グレイグ・スマッシャー	Graig Smasher - The Iron Lord	3	300	2	【常時】\n他の自分のトークンでないミニオン1体毎に、このミニオンをBP+200する。	[Passive]\nFor every other minion on your field that\nis not a token, this minion gains +200BP.	AWAKEN			https://gamerch.com/zenonzard/74871	gamerch	85	「鉄腕の大君」グレイグ・スマッシャー	https://www.aicarddass.com/zenonzard/images/cardlist/cards/red_03_02_01_03.png?v=20201113	field_minion	フィールド・ミニオン	red	赤	3	PC:01 AWAKEN	14	ドワーフ	E					
red_03_02_01r_00	red	ゴレイム「タイプ：ショベル」	Shovel Golem	3	300	1	【後退時】\n「S・ゴレイム・トークン」1体を出す。	<Base> [When Retreating]\nOne Token Golem S enters your field.	BEYOND	PC:01R BEYOND	Common		gamerch	88	ゴレイム「タイプ：ショベル」	https://www.aicarddass.com/zenonzard/images/cardlist/cards/red_03_02_01r_00.png?v=20201113	field_minion	フィールド・ミニオン	red	赤	3	PC:01R BEYOND	12	ゴレイム	C					
red_03_02_02_00	red	「爆焔の竜巫女」ジェーン	Jain - Sorceress of Blazefires	3(赤1)	400	1	【自分のターン】\n自分の種族「ドラゴン」を持つ、赤または無色のミニオン全てに［襲撃］を与える。	[On Your Turn]\nYour Red and Neutral Minions belonging\nto the Dragon class all receive the Charge\neffect.	CONTRACT				gamerch	89	「爆焔の竜巫女」ジェーン	https://www.aicarddass.com/zenonzard/images/cardlist/cards/red_03_02_02_00.png?v=20201113	field_minion	フィールド・ミニオン	red	赤	3	PC:02 CONTRACT	11	ヒューマノイド	R					
red_03_02_02c_00	red	「アルゲードの商人」エギル		3			【自分の夕\n他の自分の種族「ソード」を持つミニオン全てを\nBP+100する。						ocr	90	「アルゲードの商人」エギル	https://www.aicarddass.com/zenonzard/images/cardlist/cards/red_03_02_02c_00.png?v=20201113	field_minion	フィールド・ミニオン	red	赤	3	EXCODE:02C SAO	9	ソード	C					
red_03_02_04_00	red	ケネスの第2魔法：ファイアボルト	Kenneth's Spells, Entry 2: Firebolt	3			【メイン】\n相手のミ二オン2体にBP-200を付与する。その\nニング」１枚を手札に加える。\nＥＰＩＣ	"This card is part of the Arcana class\n[Main] Deal -200BP to two of your opponent's minions. Then, banish this card and add one ""Kenneth's Spells, Entry 3: Blazing"" to your hand."					ocr	108	ケネスの第2魔法：ファイアボルト	https://www.aicarddass.com/zenonzard/images/cardlist/cards/red_03_02_04_00.png?v=20201113	magic	マジック	red	赤	3	PC:04 FORBIDDEN	6		E					
red_03_02_04_03	red	ドラゴンの孵化	Dragon Hatchling	3			【メイン】ノ【フラッシュ】\n自分のミニオンカードでない無色マナ1つを破壊す\n出す。	[Main] / [Flash] Destroy one of your Neutral Mana that is not a minion card. If you do, one Token\nDragon enters your field.					ocr	106	ドラゴンの孵化	https://www.aicarddass.com/zenonzard/images/cardlist/cards/red_03_02_04_03.png?v=20201113	magic	マジック	red	赤	3	PC:04 FORBIDDEN	6		C					
red_03_02_04_04	red	マッドの第2魔法：レプリカ	Fury's Spells, Entry 2: Replication	3			【メイン】\n自分のミニオン・トークン1体と同じミニオン1体\n第3魔法：アルター」1枚を手札に加える。	"This card is part of the Arcana class.\n[Main] Select a Token Minion on your field. A copy of that minion enters your field. Then, banish this card and add\none ""Fury's Spells, Entry 3: Alteration"" to your hand"					ocr	107	マッドの第2魔法：レプリカ	https://www.aicarddass.com/zenonzard/images/cardlist/cards/red_03_02_04_04.png?v=20201113	magic	マジック	red	赤	3	PC:04 FORBIDDEN	6		R					
red_03_02_05_00	red	宝石たちの共鳴	Resonance of the Gems	3			【メイン）\n自分の種族「ジュエリスト」を持つマナの数が1種\n類以上のとき、自分の種族「ジュエリスト」を持つ\nマナ1つと同じミニオン1体を出す。3種類以上のと\nき、さらに、自分は力一ドを2枚引く。5種類以上\nのとき、さらに、相手のミ二オン全てにBP-500を\n付与する。	[Main]\nIf you have one or more mana belonging to the Jewelist class in your base, select one of those mana; a copy of that mana enters your field.\nIf three or more of those mana are unique, also draw two cards. If five or more are unique, also deal -500BP to all of your opponent's minions.					ocr	109	宝石たちの共鳴	https://www.aicarddass.com/zenonzard/images/cardlist/cards/red_03_02_05_00.png?v=20201113	magic	マジック	red	赤	3	PC:05 GLORY	2		E					
red_03_02_05_01	red	ロックスロー	Rock Launch	3			【メイン】ノ【フラッシュ)\n相手のミ二オン1体にBP-300を付与する。自分は\nカードを１枚引く。	This card's Red Mana cost can be paid, using mana belonging to the Legion class.\n[Main]/[Flash].\nDeal -300BP to one of your opponent's minions. Draw one card.					ocr	110	ロックスロー	https://www.aicarddass.com/zenonzard/images/cardlist/cards/red_03_02_05_01.png?v=20201113	magic	マジック	red	赤	3	PC:05 GLORY	2		R					
red_03_02_05_02	red	ジュエルの煌めき Lv2	Glistening Jewels Lv.2	3			【メイン】\n自分の種族「ジュエリスト」を持つマナを2つま\nで、アクティブ状態でフィールドに移動させる。その\n後、このカードを除外する。	[Main] Move up to two of your minions belonging to the Jewelist class from your base to your field\nin the Active State. Then, banish this card.					ocr	111	ジュエルの煌めき Lv2	https://www.aicarddass.com/zenonzard/images/cardlist/cards/red_03_02_05_02.png?v=20201113	magic	マジック	red	赤	3	PC:05 GLORY	2		L					
red_03_02_06_00	red	奇襲作戦	Ambush Tactics	5			【フラッシュ】\nこのターン中、相手のミニオン1体をBP-600す\nる。その後、自分の手札にこある本来のコストが4以下\nの、赤または黄のフィールド・ミニオンカード1枚\nを出す。	[Flash] Select one of your opponent's minions to lose -600BP for the duration of this turn.\nThen, put a Red or Yellow Field Minion whose original Cost is 4 or lower from your hand onto the field.		PC:06 HELIX	Epic		ocr	157	奇襲作戦	https://www.aicarddass.com/zenonzard/images/cardlist/cards/red_03_02_06_00.png?v=20201113	magic	マジック	red|yellow	赤|黄	5	PC:06 HELIX	1		E					
red_03_02_EX02_00	red	アックス・オーク	Cleaver Orc	3			【自分の夕\n他の自分の種族「ソード」を持つミニオン全てを\nBP+100する。	Chain: Item\n[On Your Turn]\nAll your other minions belonging to the\nSword class receive +100BP.					ocr	93	アックス・オーク	https://www.aicarddass.com/zenonzard/images/cardlist/cards/red_03_02_EX02_00.png?v=20201113	field_minion	フィールド・ミニオン	red	赤	3	EX:02 幻影の剣士	7	ソード	C					
red_03_03_02_00	red	シェイプシフト	Shapeshifter	3(赤2)			【メイン】\n自分のコスト3以下の赤のミニオン1体と同じミニオン1体を出す。（【召喚時】効果は発揮しない。）	[Main]\nOne duplicate of a Red Minion with a cost of 3 or lower enters the field. ([When Summoned] abilities. will not activate.)	CONTRACT				gamerch	104	シェイプシフト	https://www.aicarddass.com/zenonzard/images/cardlist/cards/red_03_03_02_00.png?v=20201113	magic	マジック	red	赤	3	PC:02 CONTRACT	11		C					
red_03_03_02_01	red	ブリーチング	Breaching	3(赤1)			【メイン】/【フラッシュ】\n相手のミニオン1体にBP-300を付与する。そのミニオンが種族「ドラゴン」を持つ場合、代わりにBP-600を付与する。	[Main]/[Flash]\nDeal -300BP to one of your opponent's minions. If that minion belongs to the Dragon class, deal -600BP instead.	CONTRACT				gamerch	105	ブリーチング	https://www.aicarddass.com/zenonzard/images/cardlist/cards/red_03_03_02_01.png?v=20201113	magic	マジック	red	赤	3	PC:02 CONTRACT	11		R					
red_04_01_03_00	red	ゴレイム「タイプ：パイルドライバー」	Piledriver Golem	4			【召喚時】\n《ベース》\n【後退時】\n自分のミニオン・トークン1体を破壊する。そうし	[When Summoned]\nOne Token Golem S enters your field\n<Base> [When Retreating]\nDestroy one of your Token Minions. If\nyou do, one Token Golem M enters your\nfield.					ocr	122	ゴレイム「タイプ：パイルドライバー」	https://www.aicarddass.com/zenonzard/images/cardlist/cards/red_04_01_03_00.png?v=20201113	field_minion	フィールド・ミニオン	red	赤	4	PC:03 EVOLVE	8	ゴレイム	E					
red_04_01_03_02	red	「アグマの酒飲み」レッドビア	Bailey - Guzzler of Aguma	4			【召喚時】\n相手の三二オン1体にBP-200を付与する\n【常時】\nこのミニオンがアクティブ状態でなければ[加護は付与\nされない。\n【加護時】\n赤の加護であ場合、加護しているマを除外して\n「紅蓮の猛者」レッドビア」に変形する。	"[When Summoned]\nDeal -200BP to one of your opponent's minions.\n[Passive]\nThis minion cannot receive a {Boost} when not in the\nActive State.\n[When Boosted]\nIf Boosted by a Red Mana, banish that mana. This\ncard Transforms into ""Bailey - The Burgundy Brute"""					ocr	120	「アグマの酒飲み」レッドビア	https://www.aicarddass.com/zenonzard/images/cardlist/cards/red_04_01_03_02.png?v=20201113	field_minion	フィールド・ミニオン	red	赤	4	PC:03 EVOLVE	8	ソード|ドワーフ	E					
red_04_01_03_03	red	「紅蓮の猛者」レッドビア	Bailey - The Burgundy Brute	4			【変形時】\n相手のミニオン1体を選択する。このターン中、その\nミニオンはブロックできない。赤マナ1つをレスト状\n態でベースに置く。\n【自分のターン】\n自分の種族「ドワーフ」を持つミニオンがプレイヤー\nにアタックするたぴ、自分はカードを1枚引く。この\n効果は重複しない	[When Transformed]\nSelect one of your opponent's minions. That\nminion cannot block for the duration of this turn. Place\none Red Mana into your base in the Rest State\n[On Your Turn]\nWhenever one of your minions belonging to the\nDwarf class attacks your opponent's Life, draw one\ncard. This effect cannot stack.					ocr	121	「紅蓮の猛者」レッドビア	https://www.aicarddass.com/zenonzard/images/cardlist/cards/red_04_01_03_03.png?v=20201113	field_minion	フィールド・ミニオン	red	赤	4	PC:03 EVOLVE	8	ソード|ドワーフ	E					
red_04_01_04_00	red	獅龍皇子レオグルス	The LeoDragonPrince Leogulus	4			【召喚時】\n相手のBP400以下のミ二オン1体を破壊する。	Chain: Brave\n[When Summoned]\nDestroy one of your opponent's minions\nwith 400BP or lower.					ocr	124	獅龍皇子レオグルス	https://www.aicarddass.com/zenonzard/images/cardlist/cards/red_04_01_04_00.png?v=20201113	field_minion	フィールド・ミニオン	red	赤	4	PC:04 FORBIDDEN	6	BS	R					
red_04_01_04_01	red	雷皇龍ジークヴルム	The ThunderEmperorDragon Siegwurm	4			【召喚時】\n自分はデッキの中から種族「カードバトラー」を持\nつベース・ミニオンカード1枚を公開して手札に加\nえることができる。その後、自分のデッキをシャッ\nフルする。\n【アタック時】\n相手は必ずブロックする。	[When Summoned]\nYou can search your deck for a <Base>\nMinion card belonging to the Card Battler\nclass, reveal it to your opponent and add it to\nyour hand. Then, shuffle your deck.\n[When Attacking]\nYour opponent must block.					ocr	125	雷皇龍ジークヴルム	https://www.aicarddass.com/zenonzard/images/cardlist/cards/red_04_01_04_01.png?v=20201113	field_minion	フィールド・ミニオン	red	赤	4	PC:04 FORBIDDEN	6	BS|ドラゴン	E					
red_04_01_05_00	red	「蒼玉の騎士」宝石人サファイア	Sapphyre - Azure Knight of the Gemfolk	4			【アタック時】\nジュエリスト」を持つマナ1つを、フィールドにアクティブ状態\nで移動させることができる。\n【破壊時】\nがない\n場合、このカードをレスト状態でベースに置く	"Charge\n[When Attacking]\nYou can move one of your minions belonging to the Jewelist\nclass that is not named ""Sapphyre - Azure Knight of the Gemfolk""\nfrom your base to the field and put it in the Active State.\n[When Destroyed]\nIf there are no ""Sapphyre - Azure Knight of the Gemfolk"" cards\nin your base, move this card to your base in the Rest State."					ocr	128	「蒼玉の騎士」宝石人サファイア	https://www.aicarddass.com/zenonzard/images/cardlist/cards/red_04_01_05_00.png?v=20201113	field_minion	フィールド・ミニオン	red	赤	4	PC:05 GLORY	2	ジュエリスト	L					
red_04_01_06_00	red	宝石人ジルコン	Zyrcon of the Gemfolk	3			【破壊時】\nのカードをレスト状態でベースに置く。	Charge\n[When Destroyed]\nIf there are no Zyrcon of the Gemfolk\ncards in your base, move this card to your<Base> in the Rest State.					ocr	101	宝石人ジルコン	https://www.aicarddass.com/zenonzard/images/cardlist/cards/red_04_01_06_00.png?v=20201113	field_minion	フィールド・ミニオン	red	赤	3	PC:06 HELIX	1	ジュエリスト	C					
red_04_01_06_01	red	「金剛の拳神」宝石人ダイヤモンド	Dyamond - Mighty Fist of the Gemfolk	4			【自分のターン】\n他の自分の種族「ジュエリスト」を持つミニオンカードであるマ\nナがフィルドに移動するたび、自分はカードを1枚引く。この効\n果は重複しない。\n【自分の夕\nこのニオンは相手の効果とバトルでは破壊さない。\n【破壊時】\n合、このカードをレスト状態でベースに置く。	"[On Your Turn]\nWhenever another one of your minions belonging to the Jewelist\nclass moves from the base to the field, draw one card. This\neffect cannot stack.\n[On Your Turn]\nThis minion cannot be destroyed by battle or your opponent's\ncard effects.\n[When Destroyed]\nIf there are no Dyamond - Mighty Fist of the Gemfolk"" cards in\nyour base, move this card to your base in the Rest State."					ocr	129	「金剛の拳神」宝石人ダイヤモンド	https://www.aicarddass.com/zenonzard/images/cardlist/cards/red_04_01_06_01.png?v=20201113	field_minion	フィールド・ミニオン	red	赤	4	PC:06 HELIX	1	ジュエリスト	L					
red_04_01_06_02	red	ファイアーシケイダ	Cinder Cicada	8				Chain: Yellow						192	ファイアーシケイダ	https://www.aicarddass.com/zenonzard/images/cardlist/cards/red_04_01_06_02.png?v=20201113	field_minion	フィールド・ミニオン	red	赤	8	PC:06 HELIX	1	モンスター	C					
red_04_01_06_03	red	空賊ソニック	Speedy the Sky Pirate	5			【自分の夕\nこのミニオンがプレイヤーにアタックした場合、自\n分の手札にある本来のコストが4以下の、赤または\n黄のフィールド・ミニオンカード1枚を出す。	Charge\n[On Your Turn]\nIf this minion attacks your opponent's\nLife, place a Red or Yellow Field Minion with\nan original cost of 4 or lower from your\nhand onto the field.		PC:06 Helix	Rare		ocr	152	空賊ソニック	https://www.aicarddass.com/zenonzard/images/cardlist/cards/red_04_01_06_03.png?v=20201113	field_minion	フィールド・ミニオン	red|yellow	赤|黄	5	PC:06 HELIX	1	ウイング|ドラゴニュート	R					
red_04_01_06_04	red	空賊「特攻隊長」シミター	Scimytar - Sky Pirate Commander	5			【召喚時】\n相手のミ二オン全てにBP-200を付与する。\n【アタック時】\n本来よりBPが低い相手のミニオン1体をデッキの\n下に戻す。	[When Summoned]\nDeal -200BP to all of your opponent's\nminions.\n[When Attacking]\nReturn one of your opponent's minions\nwith BP lower than its original value to the\nbottom of their deck.		PC:06 HELIX	Legend		ocr	153	空賊「特攻隊長」シミター	https://www.aicarddass.com/zenonzard/images/cardlist/cards/red_04_01_06_04.png?v=20201113	field_minion	フィールド・ミニオン	red|yellow	赤|黄	5	PC:06 HELIX	1	ウイング|ドラゴニュート	L					
red_04_01_EX04_00	red	メズール	Scylla - The Passionate	4			【常時】\n自分の種族「モンスター」を持つミニオンが破壊さ\nれるたび、このミニオンにBP+100/DP+1を付与\nする。	[Passive]\nWhenever one of your minions belonging\nto the Monster class is destroyed, this\nminion receives +100BP/+1DP.					ocr	126	メズール	https://www.aicarddass.com/zenonzard/images/cardlist/cards/red_04_01_EX04_00.png?v=20201113	field_minion	フィールド・ミニオン	red	赤	4	EX:04 KAMEN RIDER	4	モンスター	C					
red_04_01_EX04c_00	red	「愛づるもの」スキュラ		4			【常時】\n自分の種族「モンスター」を持つミニオンが破壊さ\nれるたび、このミ二オンにBP+100/DP+1を付与\nする。						ocr	127	「愛づるもの」スキュラ	https://www.aicarddass.com/zenonzard/images/cardlist/cards/red_04_01_EX04c_00.png?v=20201113	field_minion	フィールド・ミニオン	red	赤	4	EX:04 HEROIC_MASQUERADE	3	モンスター	C					
red_04_02_00_00	red	騎兵隊長「百手読み」サムズ	Sams - The All-Seeing Commander	4	500	1	【自分のターン】\n自分の［襲撃］を持つミニオン全てをDP+1する。	[On Your Turn]\nAll your minions with the Charge effect\ngain +1DP.	Basic				gamerch	114	騎兵隊長「百手読み」サムズ	https://www.aicarddass.com/zenonzard/images/cardlist/cards/red_04_02_00_00.png?v=20201113	field_minion	フィールド・ミニオン	red	赤	4	ベーシック	15	ドワーフ	Basic					
red_04_02_01_00	red	ファイアーバット	Fire Bat	4	400	1	【召喚時】\nこのターン中、相手のミニオン1体をBP-300する。	[When Summoned]\nSelect one of your opponent's minions to\nlose -300BP for the duration of this turn.	AWAKEN				gamerch	113	ファイアーバット	https://www.aicarddass.com/zenonzard/images/cardlist/cards/red_04_02_01_00.png?v=20201113	field_minion	フィールド・ミニオン	red	赤	4	PC:01 AWAKEN	14	ウイング	R					
red_04_02_01r_00	red	「真実を映しだす者」ヤヌサス	Janus - Projector of Truth	4	400	1	【召喚時】\n他のトークンでないミニオン1体と同じカード1枚を手札に加える。	[When Summoned]\nCreate a copy of another minion card that\nis on the field and is not a Token and add\nit to your hand.	BEYOND				gamerch	115	「真実を映しだす者」ヤヌサス	https://www.aicarddass.com/zenonzard/images/cardlist/cards/red_04_02_01r_00.png?v=20201113	field_minion	フィールド・ミニオン	red	赤	4	PC:01R BEYOND	12	デミゴッド	L					
red_04_02_02_00	red	「暴竜」グラン=レックス	Grand Rex - Fearsome Beast	4(赤2)	500	2	［襲撃］\n【召喚時】\n自分のミニオンカードでない無色マナ1つを破壊する。	Charge\n[When Summoned]\nDestroy one of your Neutral Mana that is\nnot a minion card.	CONTRACT				gamerch	116	「暴竜」グラン=レックス	https://www.aicarddass.com/zenonzard/images/cardlist/cards/red_04_02_02_00.png?v=20201113	field_minion	フィールド・ミニオン	red	赤	4	PC:02 CONTRACT	11	ダイナソー	E					
red_04_02_02c_00	red	「風林火山」クライン		4										119	「風林火山」クライン	https://www.aicarddass.com/zenonzard/images/cardlist/cards/red_04_02_02c_00.png?v=20201113	field_minion	フィールド・ミニオン	red	赤	4	EXCODE:02C SAO	9	ソード	C					
red_04_02_02r_00	red	ドワーフの銃士	Dwarf Commando	4			【アタック時】\nこのターン中、\n相手のミ二オン1体をBP-200す	[When Attacking]\nSelect one of your opponent's minions to\nlose -200BP for the duration of this turn.					ocr	117	ドワーフの銃士	https://www.aicarddass.com/zenonzard/images/cardlist/cards/red_04_02_02r_00.png?v=20201113	field_minion	フィールド・ミニオン	red	赤	4	PC:02R DIVINE	10	ドワーフ	C					
red_04_02_02r_01	red	アンジュ・フレイム	Anju of Flames	4			【常時】\nこの二オには条件を無視して[加付与ることがで\nきる。\n【自分の夕\nこのミニオンがブロックされるたび、相手のプレイヤに1ダメ\nジを与える。\n【加護時】\n赤以外の有色の加護である場合、加護しているマナを除外して\nその色に応じた姿に大変身する。	[Passive]\nThis minion can receive the {Boost} effect while ignoring\nany required conditions.\n[On Your Turn]\nWhenever this minion’s attack is blocked. deal 1 damage to\nyour opponent's Life.\n[When Boosted]\nIf Boosted by a Color Mana that is not Red, banish that\nmana. This card will Metamorphose according to that color					ocr	118	アンジュ・フレイム	https://www.aicarddass.com/zenonzard/images/cardlist/cards/red_04_02_02r_01.png?v=20201113	field_minion	フィールド・ミニオン	red	赤	4	PC:02R DIVINE	10	デミゴッド	L					
red_04_02_04_00	red	サジッタフレイム	Sagitta Flame	4			【メイン】ノ【フラッシュ】\nこのターン中、相手のミニオン1体をBP-300す\nる。その後、このターン中、相手のミニオン1体を\nBP-200する。	[Main] [Flash]\nSelect one of your opponent's minions to lose -300BP for the duration of this turn. Then,\nselect one of your opponent's minions to lose 200BP for the duration of this turn.					ocr	136	サジッタフレイム	https://www.aicarddass.com/zenonzard/images/cardlist/cards/red_04_02_04_00.png?v=20201113	magic	マジック	red	赤	4	PC:04 FORBIDDEN	6		C					
red_04_02_04_02	red	マッドの第3魔法：アルター	Fury's Spells, Entry 3: Alteration	4			【メイン】\n自分のミニオン・トークン全てにBP+100/DP+1\nを付与する。その後、このカ一ドを除外する。	This card is part of the Arcana class. [Main]\nAll your Token Minions receive +100BP/+1DP. Then, banish this card.					ocr	135	マッドの第3魔法：アルター	https://www.aicarddass.com/zenonzard/images/cardlist/cards/red_04_02_04_02.png?v=20201113	magic	マジック	red	赤	4	PC:04 FORBIDDEN	6		R					
red_04_02_06_00	red	シャイニング・フィスト	Shining Fist	2			【メイン】/【フラッシュ】\n相手のBP300以下のミ二オン1体を破壊する。自\n分の種族「ジュエリスト」を持つマナの数が3種類\n以上である場合、代わりに相手のBP600以下の三\nニオン１体を破壊する。						ocr	81	シャイニング・フィスト	https://www.aicarddass.com/zenonzard/images/cardlist/cards/red_04_02_06_00.png?v=20201113	magic	マジック	red	赤	2	PC:06 HELIX	1		R					
red_04_02_EX02_00	red	サムライ・ソルジャー	Samurai Soldier	4				Charge						123	サムライ・ソルジャー	https://www.aicarddass.com/zenonzard/images/cardlist/cards/red_04_02_EX02_00.png?v=20201113	field_minion	フィールド・ミニオン	red	赤	4	EX:02 幻影の剣士	7	ソード	C					
red_04_03_01_00	red	メガトンハンマー	Megaton Hammer	4	-	-	【メイン】/【フラッシュ】\nこのターン中、相手のミニオン1体をBP-600する。	[Main]/[Flash]\nSelect one of your opponent's minions to\nlose -600BP for the duration of this turn.	AWAKEN				gamerch	134	メガトンハンマー	https://www.aicarddass.com/zenonzard/images/cardlist/cards/red_04_03_01_00.png?v=20201113	magic	マジック	red	赤	4	PC:01 AWAKEN	14		C					
red_04_04_00_00	red	M・ゴレイム・トークン	Token Golem M	4				Charge						137	M・ゴレイム・トークン	https://www.aicarddass.com/zenonzard/images/cardlist/cards/red_04_04_00_00.png?v=20201113	token_minion	ミニオン・トークン	red	赤	4	ベーシック	15		Basic					
red_05_01_03_00	red	アグマの機械屋	Machinist of Aguma	5			【召喚時】\nこのターン中、相手のミ二オン1体をBP-200す	Swoop\n[When Summoned]\nSelect one of your opponent's minions to\nlose -200BP for the duration of this turn.					ocr	142	アグマの機械屋	https://www.aicarddass.com/zenonzard/images/cardlist/cards/red_05_01_03_00.png?v=20201113	field_minion	フィールド・ミニオン	red	赤	5	PC:03 EVOLVE	8	ドワーフ	R					
red_05_01_03_01	red	「エミリーの召喚獣」フレイムリング Lv1	Inferno Ring - Of Emeli Lv.1	5			相手のミ二オン2体にBP-200を付与する。\n進化：手札から「ドワーフ」が召喚されたとき	Deal -200BP to two of your opponent's\nminions.\nEvolve: Summon minion from the Dwarf class\nEmeli - Conjurer of the Burning Embers\nLv.1 and Inferno Ring - Of Emeli Lv. 1\nbecome Lv.2.					ocr	143	「エミリーの召喚獣」フレイムリング Lv1	https://www.aicarddass.com/zenonzard/images/cardlist/cards/red_05_01_03_01.png?v=20201113	field_minion	フィールド・ミニオン	red	赤	5	PC:03 EVOLVE	8	アルカナ	L					
red_05_01_03_02	red	「エミリーの召喚獣」フレイムリング Lv2	Inferno Ring - Of Emeli Lv.2	5			【アタック時】\n相手の三二オン2体にBP-200を付与する。\n【自分のターン】\n自分の種族「ドワーフ」を持つミニオン全てに\n[熊撃】\n与える。\n進化：手札から「ドワー」が召喚されとき	"[When Attacking]\nDeal -200BP to two of your opponent's minions.\n[On Your Turn]\nAll your minions belonging to the Dwarf class\ngain the {Charge} effect.\nEvolve: Summon minion from the Dwarf class\n""Emeli - Conjurer of the Burning Embers Lv.2""\nand ""Inferno Ring - Of Emeli Lv.2"" become Lv.3."					ocr	144	「エミリーの召喚獣」フレイムリング Lv2	https://www.aicarddass.com/zenonzard/images/cardlist/cards/red_05_01_03_02.png?v=20201113	field_minion	フィールド・ミニオン	red	赤	5	PC:03 EVOLVE	8	アルカナ	L					
red_05_01_03_03	red	「エミリーの召喚獣」フレイムリング Lv3	Inferno Ring - Of Emeli Lv.3	5			【アタック時】\n相手のミ二オン2体にBP-200を付与する\n「自分のターン】\n自分の種族「ドワーフ」を持つミニオン全てに\n[熊撃]\n与える。\n【自分のターン】\n自分の赤のミ二オン全ては、本来よBPが低いミニオン\nにはブロックされない。	[When Attacking]\nDeal -200BP to two of your opponent's minions\n[On Your Turn]\nAll your minions belonging to the Dwarf class\ngain the {Charge} effect.\n[On Your Turn]\nNone of your Red Minions can be blocked by\nminions with BP lower than the original value					ocr	145	「エミリーの召喚獣」フレイムリング Lv3	https://www.aicarddass.com/zenonzard/images/cardlist/cards/red_05_01_03_03.png?v=20201113	field_minion	フィールド・ミニオン	red	赤	5	PC:03 EVOLVE	8	アルカナ	L					
red_05_01_04_00	red	ルビーヘッド	Rubycephalosaurus	5			【召喚時】\n自分の種族\n「エヴォーカー」を持つ赤マナがある場\n合、相手のミニオン1体にBP-Xを付与する。Xは\n自分の種族\n「エヴォーカー」を持つ赤マナの数×\n100とする。	Charge\n[When Summoned]\nIf you have Red Mana belonging to the\nEvoker class in your base, deal -XBP to one\nof your opponent's minions, where X is\nthe number of Red Mana belonging to the\nEvoker class in your base x100.					ocr	146	ルビーヘッド	https://www.aicarddass.com/zenonzard/images/cardlist/cards/red_05_01_04_00.png?v=20201113	field_minion	フィールド・ミニオン	red	赤	5	PC:04 FORBIDDEN	6	ダイナソー	R					
red_05_01_04_01	red	龍星皇メテオヴルム	The StarEmperorDragon Meteorwurm	5			【自分のターン】\n自分のベスに「コア」がある場合、自分のミニオン\nがバトルに勝利するたぴ、自分の移動権を1増やす。\n自分のべスに「コア」がない場合、代わりに自分の\nミニオンカードでない無色マナ1つを「コア」に変更\nする。\n【アタック時】\n相手は必ずブロックする。	[On Your Turn]\nIf you have a Core in your base, whenever one of\nyour minions wins a battle against another minion\nincrease your Movement by 1. If you do not have\nCore in your base, change one of your Neutral\nMana that is not a minion card into a Core.\n[When Attacking]\nYour opponent must block.					ocr	147	龍星皇メテオヴルム	https://www.aicarddass.com/zenonzard/images/cardlist/cards/red_05_01_04_01.png?v=20201113	field_minion	フィールド・ミニオン	red	赤	5	PC:04 FORBIDDEN	6	BS|ドラゴン	E					
red_05_01_05_00	red	「太陽の騎士」宝石人コハク	Ambyr - Sun Knight of the Gemfolk	5			【召唤時】&【進撃時】\n自分の種族「ジュエリスト」を持つマナがある場合、\n相手のミ二オン1体にBP-Xを付与する。Xは自分の種\n族「ジュエリスト」を持つマナの数×200とする。\n【破壊時】\nい場合、このカードをレスト状態でベースに置く。	"[When Summoned] & [When Advancing]\nIf you have a minion belonging to the Jewelist\nclass in your base, deal -XBP to one of your\nopponent's minions, where X is the number of mana in\nyour base belonging to the Jewelist class x200\n[When Destroyed]\nIf there are no ""Ambyr - Sun Knight of the\nGemfolk cards in your base, move this card to your <Base>\nin the Rest State."					ocr	150	「太陽の騎士」宝石人コハク	https://www.aicarddass.com/zenonzard/images/cardlist/cards/red_05_01_05_00.png?v=20201113	field_minion	フィールド・ミニオン	red	赤	5	PC:05 GLORY	2	ジュエリスト	E					
red_05_01_05_01	red	アグマの戦場料理人	Military Chef of Aguma	5			【召喚時】\n自分が「麗のフォース“セイレーン”」\nを選んでいる\n場合、自分の種族「ドワーフ」または「レギオン」\nを持つマナ1つを、フィールドにアクティブ状態で\n移動させることができる。	Charge\n[When Summoned]\nIf you have chosen the Force of\nTemptation - Siren, you can move one of your\nminions belonging to the Dwarf or Legion\nclass from your base to the field and put it in\nthe Active State.					ocr	151	アグマの戦場料理人	https://www.aicarddass.com/zenonzard/images/cardlist/cards/red_05_01_05_01.png?v=20201113	field_minion	フィールド・ミニオン	red	赤	5	PC:05 GLORY	2	ドワーフ|レギオン	R					
red_05_01_06_00	red	空賊「青空兄弟」ソラ&クウ	Sora and Kuu - Sky Pirate Brothers	4			【自分のターン】\n自分の赤のミ二オン全てに[襲撃〕を与える。\n【常時】\n他の自分の黄のミニオンがフィールドに出るたび、\nこのターン中、そのミニオンをBP+100/DP+1す\nる。この効果は重複しない。	[On Your Turn]\nAll your Red Minions receive the {Charge}\neffect.\n[Passive]\nWhenever another Yellow Minion enters\nyour field, that minion gains + 1OOBP/+1DP for\nthe duration of this turn. This effect cannot\nstack.		PC:06 Helix	Epic		ocr	133	空賊「青空兄弟」ソラ&クウ	https://www.aicarddass.com/zenonzard/images/cardlist/cards/red_05_01_06_00.png?v=20201113	field_minion	フィールド・ミニオン	red|yellow	赤|黄	4	PC:06 HELIX	1	ウイング|ドラゴニュート	E					
red_05_01_06_01	red	空賊ボウマン	Bowman the Sky Pirate	3			ドラゴニュートウイング\n飛来\n相手のミ二オン1体にBP-100を付与する。	Swoop\n[When Attacking]\nminions.\nDeal -100BP to one of your opponent's		PC:06 HELIX	Common		ocr	103	空賊ボウマン	https://www.aicarddass.com/zenonzard/images/cardlist/cards/red_05_01_06_01.png?v=20201113	field_minion	フィールド・ミニオン	red|yellow	赤|黄	3	PC:06 HELIX	1	ウイング|ドラゴニュート	C					
red_05_01_EX04_00	red	ガメル	Mammelt - The Insatiable	5			【自分の夕\nこのターンに自分が本来のコストが5以上のミニオ\nンを召喚している場合、自分の手札にあるこの力一\nドのフリーコストは0になる。	Charge\n[On Your Turn]\nIf you have summoned a minion with an\noriginal cost of 5 or higher during this\nturn, the basic cost of this card while in your\nhand is reduced to 0.					ocr	148	ガメル	https://www.aicarddass.com/zenonzard/images/cardlist/cards/red_05_01_EX04_00.png?v=20201113	field_minion	フィールド・ミニオン	red	赤	5	EX:04 KAMEN RIDER	4	モンスター	C					
red_05_01_EX04c_00	red	「欲張るもの」マンモール		5			【自分の夕\nこのターンに自分が本来のコストが5以上のミニオ\nンを召喚している場合、自分の手札にあるこの力一\nドのフリーコストは0になる。						ocr	149	「欲張るもの」マンモール	https://www.aicarddass.com/zenonzard/images/cardlist/cards/red_05_01_EX04c_00.png?v=20201113	field_minion	フィールド・ミニオン	red	赤	5	EX:04 HEROIC_MASQUERADE	3	モンスター	C					
red_05_02_01_00	red	三ヵ国連合司令官バンクガイズ	Alliance Commander Vangeiss	5	500	2	【自分のターン】\n自分のコスト3以下のミニオン全てに［襲撃］を与える。	[On Your Turn]\nAll your minions with a cost of 3 or lower\nreceive the Charge effect.	AWAKEN			https://gamerch.com/zenonzard/74876	gamerch	138	三ヵ国連合司令官バンクガイズ	https://www.aicarddass.com/zenonzard/images/cardlist/cards/red_05_02_01_00.png?v=20201113	field_minion	フィールド・ミニオン	red	赤	5	PC:01 AWAKEN	14	ドワーフ	L					
red_05_02_01r_00	red	モーホークザウラー	Mohawk Zaura	5	400	2	［襲撃］\n【常時】\n自分の種族「デミゴッド」を持つミニオンがいる場合、このミニオンをBP+200/DP+1する。	Charge\n[Passive]\nIf you have a minion belonging to the\nDemigod class on your field, this minion\ngains +200BP/+1DP.	BEYOND				gamerch	139	モーホークザウラー	https://www.aicarddass.com/zenonzard/images/cardlist/cards/red_05_02_01r_00.png?v=20201113	field_minion	フィールド・ミニオン	red	赤	5	PC:01R BEYOND	12	ダイナソー	R					
red_05_02_02_00	red	ドワーフ・ウォーハンマー部隊	Dwarven Warhammer Unit	5(赤1)	500	1	［襲撃］\n【加護時】\n「S・ゴレイム・トークン」1体を出す。	Charge\n[When Boosted]\nOne Token Golem S enters your field.	CONTRACT				gamerch	140	ドワーフ・ウォーハンマー部隊	https://www.aicarddass.com/zenonzard/images/cardlist/cards/red_05_02_02_00.png?v=20201113	field_minion	フィールド・ミニオン	red	赤	5	PC:02 CONTRACT	11	ドワーフ	R					
red_05_02_02r_00	red	噴煙竜ボルカルム	Vogg - The Volcanic Dragon	5			【自分の夕\nプレイヤーにアタックした場合、このミニオンがブ\nロックされるたぴ、このミニオンをアクティブにす	[On Your Turn]\nIf this minion attacks your opponent's\nLife and is blocked, this minion returns to\nthe Active State.					ocr	141	噴煙竜ボルカルム	https://www.aicarddass.com/zenonzard/images/cardlist/cards/red_05_02_02r_00.png?v=20201113	field_minion	フィールド・ミニオン	red	赤	5	PC:02R DIVINE	10	ドラゴン	E					
red_05_02_04_00	red	ケネスの第3魔法：バーニング	Kenneth's Spells, Entry 3: Blazing	5			【メイン】\n相手の最もBPの低いミ二オン全てを破壊する。そ\nの後、このカードを除外する。	This card is part of the Arcana class.\n[Main] Destroy all of your opponent's minions with the lowest BP. Then, banish this card.					ocr	156	ケネスの第3魔法：バーニング	https://www.aicarddass.com/zenonzard/images/cardlist/cards/red_05_02_04_00.png?v=20201113	magic	マジック	red	赤	5	PC:04 FORBIDDEN	6		E					
red_05_02_06_00	red	パラシュート作戦	Parachute Tactics	3			【メインノフラッシュ】\n「S・ゴレイム・トークン」1体を出す。その後、\n自分のミ二オン1体にBP+300を付与する。	[Main]/[Flash]\nOne Token Golem S enters your field.\nThen, select one of your minions to receive\n+300BP		PC:06 HELIX	Common		ocr	112	パラシュート作戦	https://www.aicarddass.com/zenonzard/images/cardlist/cards/red_05_02_06_00.png?v=20201113	magic	マジック	red|yellow	赤|黄	3	PC:06 HELIX	1		C					
red_05_03_01_00	red	ゴレイム部隊召集	Golem Mobilization	5			【メイン】/【フラッシュ】\n「S・ゴレイム・トークン」（赤・ゴレイム・コスト1・BP100/DP1）2体を出す。\nこのターン中、自分の種族「ゴレイム」を持つミニオン全てをBP+200する。	[Main]/ [Flash] Two Token Golem S (Red / Golem /\nMana Cost 1 / 100BP / 1DP) enter your field. All your minions belonging to the Golem\nclass gain +200BP for the duration of this.					seesaa	154	ゴレイム部隊召集	https://www.aicarddass.com/zenonzard/images/cardlist/cards/red_05_03_01_00.png?v=20201113	magic	マジック	red	赤	5	PC:01 AWAKEN	14		R					
red_05_03_01r_00	red	クレメイションズフレイム	Cremation	5			【メイン】/【フラッシュ】\n相手のミニオン1体にBP-500を付与する。	[Main]/ [Flash] Deal -500BP to one of your opponent's Minions.	BEYOND				gamerch	155	クレメイションズフレイム	https://www.aicarddass.com/zenonzard/images/cardlist/cards/red_05_03_01r_00.png?v=20201113	magic	マジック	red	赤	5	PC:01R BEYOND	12		R					
red_06_01_03_00	red	オーガール	Orgirl	6			【召喚時】\n本来よりBPが低い相手のミニオン1体を破壊す	[When Summoned]\nDestroy one of your opponent's minions\nwith BP lower than its original value.					ocr	165	オーガール	https://www.aicarddass.com/zenonzard/images/cardlist/cards/red_06_01_03_00.png?v=20201113	field_minion	フィールド・ミニオン	red	赤	6	PC:03 EVOLVE	8	ジャイアント	C					
red_06_01_04_00	red	「秘法の竜姫」ダイアナ	Dyana - The Concealed Reptile	6			【召喚時】\n自分の種族「エヴォーカ」を持つ赤マナが2つ以\n上ある場合、\n「M・ゴレイム・トークン」1体を出\n【自分のターン】\n他の自分の赤または無色のミ二オン全てをBP+\n200/DP+1する。	[When Summoned]\nIf you have two or more Red Mana\nbelonging to the Evoker class in your base, one\nToken Golem M enters your field.\n[On Your Turn]\nAll your other Red Minions and Neutral\nMinions gain +200BP/+1DP.					ocr	168	「秘法の竜姫」ダイアナ	https://www.aicarddass.com/zenonzard/images/cardlist/cards/red_06_01_04_00.png?v=20201113	field_minion	フィールド・ミニオン	red	赤	6	PC:04 FORBIDDEN	6	ダイナソー	L					
red_06_01_04_01	red	太陽龍ジーク・アポロドラゴン	The SunDragon Sieg-Apollodragon	6			【アタック時】\n相手のアクティブ状態であるミニオン1体を選択す\nる。このバトル中、そのミニオンは必ずブロックす\n【加護時】\n相手のBP600以下のミ二オン1体を破壊する\nＥＰＩＣ	Cost Reduction: Red\n(When Attacking]\nSelect one of your opponent's minions that is in\nthe Active State. That minion must block during this\nbattle.\n[When Boosted]\nDestroy one of your opponent's minions with\n600BP or less.					ocr	169	太陽龍ジーク・アポロドラゴン	https://www.aicarddass.com/zenonzard/images/cardlist/cards/red_06_01_04_01.png?v=20201113	field_minion	フィールド・ミニオン	red	赤	6	PC:04 FORBIDDEN	6	BS|ドラゴン	E					
red_06_01_EX03_00	red	焔竜魔皇マ・グー	The FlameDragonDevil Ma-Gwo	6			【自分のターン】\n他の自分の種族「ドラゴン」を持つミニオン全てをBP+\n100/DP+1する。\n【自分の夕ーン終了時】\n自分のベースにある「コア」全てと、自分の種族「BS」また\nは「カードバトラー」を持つマナ全てをアクティブにする。	Cost Reduction: Red\n[On Your Turn]\nAll your minions belonging to the Dragon class\ngain + 100BP/+1DP.\n[At the End of Your Turn]\nAll of the Cores and minions belonging to the BS\nor Card Battler class in your base enter the Active\nState.					ocr	170	焔竜魔皇マ・グー	https://www.aicarddass.com/zenonzard/images/cardlist/cards/red_06_01_EX03_00.png?v=20201113	field_minion	フィールド・ミニオン	red	赤	6	EX:03 Battle Spirits	5	BS|ドラゴン	E					
red_06_01_EX04_00	red	ウヴァ	Sickle - The Bandit	6			【召喚時】&【アタック時】\n「屑ヤミー」1体を出す。	Charge\n[When Summoned] & [When Attacking]\nOne Token Monster S enters your field.					ocr	171	ウヴァ	https://www.aicarddass.com/zenonzard/images/cardlist/cards/red_06_01_EX04_00.png?v=20201113	field_minion	フィールド・ミニオン	red	赤	6	EX:04 KAMEN RIDER	4	モンスター	E					
red_06_01_EX04c_00	red	「奪うもの」シックル		6			【召喚時】&【アタック時】\n[S・モンスター・トークン」1体を出す。						ocr	172	「奪うもの」シックル	https://www.aicarddass.com/zenonzard/images/cardlist/cards/red_06_01_EX04c_00.png?v=20201113	field_minion	フィールド・ミニオン	red	赤	6	EX:04 HEROIC_MASQUERADE	3	モンスター	E					
red_06_02_01_00	red	ゴレイム「タイプ：ピッケル」	Pickaxe Golem	6	300	1	【召喚時】\n「S・ゴレイム・トークン」（赤・ゴレイム・コスト1・BP100/DP1）2体を出す。\n【自分のターン】\nお互いの他の種族「ゴレイム」を持つミニオン全てをBP+200する。	[When Summoned]\nTwo Token Golem 8S (Red / Golem /\nCost 1 / 100BP / 1DP) enter your field\n[On Your Turn]\nAll other minions belonging to the Golem\nclass gain +200BP.	AWAKEN				gamerch	158	ゴレイム「タイプ：ピッケル」	https://www.aicarddass.com/zenonzard/images/cardlist/cards/red_06_02_01_00.png?v=20201113	field_minion	フィールド・ミニオン	red	赤	6	PC:01 AWAKEN	14	ゴレイム	C					
red_06_02_02_00	red	プテラノックス	Pteranox	6(赤1)	700	3	効果なし		CONTRACT				gamerch	160	プテラノックス	https://www.aicarddass.com/zenonzard/images/cardlist/cards/red_06_02_02_00.png?v=20201113	field_minion	フィールド・ミニオン	red	赤	6	PC:02 CONTRACT	11	ダイナソー	C					
red_06_02_02_01	red	「稲妻」マーガス	Margus - The Lightning Bolt	6(赤2)	600	2	【召喚時】\n自分のミニオンカードでない無色マナ1つを破壊する。そうした場合、このターン中、相手のミニオン1体はブロックできない。\n【自分のターン】\n自分のマナが1つ入れ替えによる破棄以外で減るたび、赤マナ1つをレスト状態でベースに置く。この効果は重複しない。	[When Summoned]\nDestroy one of your Neutral Mana that is nota\nminion card. If you do, one of your opponent's\nminions cannot block during this turn.\n[On Your Turn]\nWhenever your mana decreases by methods other\nthan by being replaced, place one Red Mana into\nthe base in the Rest State. This effect cannot stack	CONTRACT				gamerch	161	「稲妻」マーガス	https://www.aicarddass.com/zenonzard/images/cardlist/cards/red_06_02_02_01.png?v=20201113	field_minion	フィールド・ミニオン	red	赤	6	PC:02 CONTRACT	11	ドワーフ	L					
red_06_02_02c_00	red	「神聖剣」ヒースクリフ		6			[神聖剣]\n【自分の夕\n『シス的不死』\nこのミニオンは相手の効果とバトルでは破壊されな\nい。（BPがOになったときは破壊される。\n【自分の夕\n「ン]\nこのミニオンがプレイヤーにアタックした場合、自分\nはカードを1枚引き、このミニオンがブロックされる\nたび、自分はカードを1枚引く。\nEPIＣ						ocr	163	「神聖剣」ヒースクリフ	https://www.aicarddass.com/zenonzard/images/cardlist/cards/red_06_02_02c_00.png?v=20201113	field_minion	フィールド・ミニオン	red	赤	6	EXCODE:02C SAO	9	ソード	E					
red_06_02_02c_01	red	「血盟騎士団」アスナ		6			【召喚時】&\nスイッチ：「黒の剣士」\nこのタ一ン中、相手のミ二オン全てをBP-200し、自\n分の種族「黒の剣士」または「閃光」を持つミ二オン\n全てをBP+200する。\n【アタック時】\nこのタン、次に自分の手札から種族「黒の剣士」を\n持つミニオンカードを召喚するとき、そのフリーコス\nトを0にする。	|}\n|		[[EXCODE:02C SAO|EX:02C SAO]]	Legend		ocr	164	「血盟騎士団」アスナ	https://www.aicarddass.com/zenonzard/images/cardlist/cards/red_06_02_02c_01.png?v=20201113	field_minion	フィールド・ミニオン	red	赤	6	EXCODE:02C SAO	9	閃光|ソード	L					
red_06_02_02r_00	red	ラヴァ・スライム	Lava Slime	6			【召喚時】\nラヴァ	[When Summoned]\nOne Lava Slime enters your field.					ocr	162	ラヴァ・スライム	https://www.aicarddass.com/zenonzard/images/cardlist/cards/red_06_02_02r_00.png?v=20201113	field_minion	フィールド・ミニオン	red	赤	6	PC:02R DIVINE	10	モンスター	R					
red_06_02_03_00	red	サモンゴレイム	Golem Summoning	8			【メイン】ノ【フラッシュ】\n「S・ゴレイム・トークン」を自分のフィールドが\n上限枚数になるまで出す。	E You cannot activate this card during the\nFlash Phase unless you have a minion belonging to the Arcana class on the field.\n[Main] / [Flash] Copies of Token Golem S enter your field until you have reached the maximum number of minions.					ocr	194	サモンゴレイム	https://www.aicarddass.com/zenonzard/images/cardlist/cards/red_06_02_03_00.png?v=20201113	magic	マジック	red	赤	8	PC:03 EVOLVE	8		E					
red_06_02_EX02_00	red	「火炎の騎士」クリフォード	Clyford - The Igknight	6			【自分の夕\nこのミニオンは相手の効果とバトルでは破壊されな\n(BPがOになったときは破壊される。）\n【自分の夕\nこのミニオンがプレイヤーにアタックした場合、自\n分はカードを1枚引き、このミニオンがブロックさ\nれるたび、自分はカードを1枚引く。	[On Your Turn]\nThis minion cannot be destroyed in battle\nor by your opponent's card effects. (It is\ndestroyed if its BP reaches 0.)\n[On Your Turn]\nIf this minion attacks your opponent's Life\ndraw one card. If this minion is blocked, draw\none card.					ocr	166	「火炎の騎士」クリフォード	https://www.aicarddass.com/zenonzard/images/cardlist/cards/red_06_02_EX02_00.png?v=20201113	field_minion	フィールド・ミニオン	red	赤	6	EX:02 幻影の剣士	7	ソード	E					
red_06_02_EX02_01	red	「閃光の竜騎士」アメリア	Amelia - The Swift Dragon Rider	6			【召喚時】&\nスイッチ：「黒の剣士」\nこのタ一中、相手のミ二才全てをBP-200し、自\n分の種族「黒の剣士」まは「閃光」を持つ二オン\n全てをBP+200する。\n【アタック時】\nこのタン、次に自分の手札から種族「黒の剣士」を\n持つミニオンカードを召喚するとき、そのフリーコス\nトを０にする。\nＬEＧEND	[When Summoned] & Switch: Sable Knight\nFor the duration of this turn, all your opponent's\nminions lose -200BP and all your minions\nbelonging to the Sable Knight or Swift class gain +200BP\n[When Attacking]\nThe next minion belonging to the Sable Knight\nclass you summon during this turn has its basic cost\nreduced to 0.					ocr	167	「閃光の竜騎士」アメリア	https://www.aicarddass.com/zenonzard/images/cardlist/cards/red_06_02_EX02_01.png?v=20201113	field_minion	フィールド・ミニオン	red	赤	6	EX:02 幻影の剣士	7	閃光|ソード	L					
red_07_01_03_00	red	「オリジンズ05」アイギス	Aegis - Origins 02	7			【召喚時】\n自分のミニオン・トークン全てを破壊する。この効\n果で破壊したミニオン1体毎に、「M・ゴレイム・\nトークン」１体を出す。	Charge\n[When Summoned]\nDestroy all your Token Minions. For each\nminion destroyed by this effect, one\nToken Golem M enters your field.					ocr	180	「オリジンズ05」アイギス	https://www.aicarddass.com/zenonzard/images/cardlist/cards/red_07_01_03_00.png?v=20201113	field_minion	フィールド・ミニオン	red	赤	7	PC:03 EVOLVE	8	ゴレイム	L					
red_07_01_04_00	red	「溶岩の巨人」マーグ	Burning Veil - The Magmoliath	7			【召喚時】\n相手のBP600以下のミ二オン1体を破壊する。そ	"[When Summoned]\nDestroy one of your opponent's minions\nwith 600BP or lower. If you do, one\n""Burning Veil - The Magmoliath"" enters your\nfield."					ocr	183	「溶岩の巨人」マーグ	https://www.aicarddass.com/zenonzard/images/cardlist/cards/red_07_01_04_00.png?v=20201113	field_minion	フィールド・ミニオン	red	赤	7	PC:04 FORBIDDEN	6	ジャイアント	E					
red_07_01_05_00	red	「炎剣竜」アーマードサウルス	Armorsaur - Blazing Blades	7			【召喚時】\n他に自分のミ二オンがいない場合、自分の移動権を\n2増やす。\n自分の夕\n他の自分のミニオンカードであるマナがフィールド\nに移動するたぴ、このターン中、相手のミニオン1\n体をBP-500する。	[When Summoned]\nIf there are no other minions on your field\nincrease your Movement by 2.\n[On Your Turn]\nWhenever one of your other minions moves\nfrom the base to the field, select one of your\nopponent's minions to lose -50OOBP for the\nduration of the turn.					ocr	184	「炎剣竜」アーマードサウルス	https://www.aicarddass.com/zenonzard/images/cardlist/cards/red_07_01_05_00.png?v=20201113	field_minion	フィールド・ミニオン	red	赤	7	PC:05 GLORY	2	ダイナソー	E					
red_07_01_06_00	red	空賊「用心棒」ジーマ	Zima - Sky Pirate Protector	4			【アタック時】\n自分のデッキを上から3枚見て、その中の赤または\n黄のミ二オンカード1枚を公開して手札に加える。\n残りをランダムにデッキの下に戻す。この効果で自\n分がカドを手札に加えた場合、相手のミニオン1\n体にBP-300を付与する。	[When Attacking]\nLook at the top three cards of your deck and\nselect one Red or Yellow Minion. Reveal it\nto your opponent and add it to your hand. Put\nthe rest back on the bottom of your deck in\na random order. If you add a card to your\nhand from this card's effect, deal -300BP to one\nof your opponent's minions.		PC:06 HELIX	Epic		ocr	132	空賊「用心棒」ジーマ	https://www.aicarddass.com/zenonzard/images/cardlist/cards/red_07_01_06_00.png?v=20201113	field_minion	フィールド・ミニオン	red|yellow	赤|黄	4	PC:06 HELIX	1	ウイング|ドラゴニュート	E					
red_07_02_00_00	red	エクスプテラ	Exptera	7	800	2	［襲撃］	Charge	Basic	BASIC DECK		https://gamerch.com/zenonzard/74879	gamerch	174	エクスプテラ	https://www.aicarddass.com/zenonzard/images/cardlist/cards/red_07_02_00_00.png?v=20201113	field_minion	フィールド・ミニオン	red	赤	7	ベーシック	15	ダイナソー	Basic					
red_07_02_01_00	red	ゴレイム「タイプ：キャノン」	Cannon Golem	7	700	2	【召喚時】\nこのターン中、相手のミニオン2体をBP-400する。	[When Summoned]\nSelect two of your opponent's minions to\nlose -400BP for the duration of this turn.	AWAKEN				gamerch	173	ゴレイム「タイプ：キャノン」	https://www.aicarddass.com/zenonzard/images/cardlist/cards/red_07_02_01_00.png?v=20201113	field_minion	フィールド・ミニオン	red	赤	7	PC:01 AWAKEN	14	ゴレイム	E					
red_07_02_01r_00	red	「赤髭」ブラッド・ヒュージー	Vlad Hyuzi - The Redbeard	6	600	2	【アタック時】\nこのターン中、相手のミニオン1体をBP-300する。\n【後退時】\n「S・ゴレイム・トークン」2体を出す。	[When Attacking]\nSelect one of your opponent's minions to\nlose -300BP for the duration of this turn.\n<Base>[When Retreating]\nTwo Token Golem S enter your field.	BEYOND				gamerch	159	「赤髭」ブラッド・ヒュージー	https://www.aicarddass.com/zenonzard/images/cardlist/cards/red_07_02_01r_00.png?v=20201113	field_minion	フィールド・ミニオン	red	赤	6	PC:01R BEYOND	12	ドワーフ	E					
red_07_02_02c_00	red	「双剣」キリト		7			【変形時】\n『スターバースト・ストリーム』\n相手の無色のマナ全てをレストする。\n【加護時】\nオンをアクティブにする。	|}\n|		[[EXCODE:02C SAO|EX:02C SAO]]	Legend		ocr	179	「双剣」キリト	https://www.aicarddass.com/zenonzard/images/cardlist/cards/red_07_02_02c_00.png?v=20201113	field_minion	フィールド・ミニオン	red	赤	7	EXCODE:02C SAO	9	黒の剣士|ソード	L					
red_07_02_02c_02	red	「黒の剣士」キリト		7			【召喚時】\nこのターン中、自分のプレイヤに「自分の[加護]を持つマナ全て\nは、レスト状態でも付与することができる。」を与える。他に自分のミ二\nオンがいない場合、自分の移動権を1增やす。\n【常時】\nこのニかク状でけば[加は付与ない\n【加護時】\n赤の加護である場合、加護しているマナを除外して、\nト」に変形する。	|}\n|		[[EXCODE:02C SAO|EX:02C SAO]]	Legend		ocr	178	「黒の剣士」キリト	https://www.aicarddass.com/zenonzard/images/cardlist/cards/red_07_02_02c_02.png?v=20201113	field_minion	フィールド・ミニオン	red	赤	7	EXCODE:02C SAO	9	黒の剣士|ソード	L					
red_07_02_02r_00	red	「豪竜」フレイザウラー	Flare Zaura - The Superior	7			[豪竜]\nダイナソー\n【召喚時】\nこのターン中、\n相手のミ二オン1体をBP-500する\n【常時】\nこのミニオンがクティ状態でなければ[加護は付与\nれない。\n【加護時】\n赤の加護である場合、加護しているマナを除外して、「「豪\n炎竜皇」フレイザウ」に変形する。	"[When Summoned]\nSelect one of your opponent's minions to lose -5OOBP for\nthe duration of this turn.\n[Passive]\nThis minion cannot receive a Boost when not in the Active\nState.\n[When Boosted]\nIf Boosted by a Red Mana, banish that mana. This card\nTransforms into ""Flare Zaura - The Ignited Emperor""."					ocr	175	「豪竜」フレイザウラー	https://www.aicarddass.com/zenonzard/images/cardlist/cards/red_07_02_02r_00.png?v=20201113	field_minion	フィールド・ミニオン	red	赤	7	PC:02R DIVINE	10	ダイナソー	L					
red_07_02_02r_01	red	「豪炎竜皇」フレイザウラー	Flare Zaura - The Ignited Emperor	7			【変形時】\nこのターン中、相手のミ二オン全てをBP-300する。\n【アタック時】\nプレイヤにアタックした場合、自分はカドを1枚\n引く。	Charge\n[When Transformed]\nAll your opponent's minions lose -300BP\nfor the duration of this turn.\n[When Attacking]\nIf this minion attacks your opponent's\nLife, draw one card.					ocr	176	「豪炎竜皇」フレイザウラー	https://www.aicarddass.com/zenonzard/images/cardlist/cards/red_07_02_02r_01.png?v=20201113	field_minion	フィールド・ミニオン	red	赤	7	PC:02R DIVINE	10	ダイナソー|ドラゴン	L					
red_07_02_02r_02	red	「爆焔の竜騎士」シエンナ	Shaina - The Blazefires Rider	7			【召喚時】\n自分の手札にある種族「ドラゴン」を持つ赤の\nフィールド・ミニオンカード1枚を出すことができる。\nそのミニオンに「【常時】このミニオンは移動で\nきない。」と「【自分のターン終了時】このミ二才\nンを破壊する。」を付与する。\nLEＧEND	[When Summoned]\nYou can put one Red Field Minion card\nbelonging to the Dragon class from your hand\nonto the field.\nThat minion receives the following abilities\n[Passive] This minion cannot move.\n[At the End of Your Turn] Destroy this\nminion.					ocr	177	「爆焔の竜騎士」シエンナ	https://www.aicarddass.com/zenonzard/images/cardlist/cards/red_07_02_02r_02.png?v=20201113	field_minion	フィールド・ミニオン	red	赤	7	PC:02R DIVINE	10	ヒューマノイド	L					
red_07_02_03_00	red	グラヴィティストーム	Gravity Stream	7			【メイン】/【フラッシュ】\n相手のミ二オン全てにBP-300を付与する。	[Main]/[Flash]\nDeal -300BP to all of your opponent's minions.					ocr	186	グラヴィティストーム	https://www.aicarddass.com/zenonzard/images/cardlist/cards/red_07_02_03_00.png?v=20201113	magic	マジック	red	赤	7	PC:03 EVOLVE	8		R					
red_07_02_EX02_00	red	「連撃の竜刃」ソロ	Solo - Relentless Dragon Blade	7			【変形時】\n相手の無色のマナ全てをレストする。\n【加護時】\nこのミニオンをアクティブにする。	Charge\n[When Transformed]\nthe Rest State.\nAll your opponent's Neutral Mana enters\n[When Boosted]\nThis minion enters the Active State.					ocr	182	「連撃の竜刃」ソロ	https://www.aicarddass.com/zenonzard/images/cardlist/cards/red_07_02_EX02_00.png?v=20201113	field_minion	フィールド・ミニオン	red	赤	7	EX:02 幻影の剣士	7	黒の剣士|ソード	L					
red_07_02_EX02_02	red	「火の竜刃」ソロ	Solo - Lit Dragon Blade	7			【召喚時】\nこのタン中、自分のプレイヤに「自分の[加護]を持つマナ全て\nは、レス状態でも付与することができる。」を与える。他に自分の二\nオンがいない場合、自分の移動権を1增やす。\n【常時】\nこのニオンかク状でけば[加護は付与ない\n【加護時】\n赤の加である場合、加しているマを除外して、「「連撃の竜刃」\nソロ」に変形する。	"[When Summoned]\nIf you have no other minions on the field, increase your Movement\nby 1.\nYou receive the following effect for the duration of this turn\nAN mana with the {Boost} effect in your base can grant its effect\neven if they are in the Rest State.\n[Passive]\nThis minion cannot receive a {Boost} when not in the Active State\n[When Boosted]\nIf Boosted by a Red Mana, banish that mana. This card Transforms\ninto ""Solo - Relentless Dragon Blade"""					ocr	181	「火の竜刃」ソロ	https://www.aicarddass.com/zenonzard/images/cardlist/cards/red_07_02_EX02_02.png?v=20201113	field_minion	フィールド・ミニオン	red	赤	7	EX:02 幻影の剣士	7	黒の剣士|ソード	L					
red_08_01_04_00	red	超神星龍ジークヴルム・ノヴァ	The SupernovaDragon Siegwurm-Nova	8			【召喚時】\n他の自分の種族「ドラゴン」を持つミニオン1体を破壊できる。そ\nうした場合、自分のプレイヤーのライフを5まで回復し、このタ\nン中、相手のミ二オン全てをBP-500する。\n【アタック時】\n相手のBP500以下のミニオン1体を破壊できる。このミニオンに\n「コア」が付与されている場合、自分は力ドを1枚引く。	Cost Reduction: Red\n[When Summoned]\nYou can destroy one of your other minions belonging to the\nDragon class. If you do, restore your Life points until you have 5\npoints, and all of your opponent's minions lose -500BP for the\nduration of this turn instead.\n[When Attacking]\nYou can destroy one of your opponent's minions with 500BP or\nlower. If this minion has received a Core, draw one card.					ocr	189	超神星龍ジークヴルム・ノヴァ	https://www.aicarddass.com/zenonzard/images/cardlist/cards/red_08_01_04_00.png?v=20201113	field_minion	フィールド・ミニオン	red	赤	8	PC:04 FORBIDDEN	6	BS|ドラゴン	L					
red_08_01_04_01	red	金牛龍神ドラゴニック・タウラス	The BullDragonDeity Dragonic-Taurus	8			【自分の夕\n自分の種族「光導」を持つミニオンがアタックする\nたび、相手は必ずブロックする。\n【自分のターン】\nこのミニオンがブロックされるたび、相手のプレイ\nヤーに１ダメージを与える。	Cost Reduction: Red\n[On Your Turn]\nWhenever you attack with a minion belonging to\nthe Zodiac Deity class, your opponent must block\n[On Your Turn]\nWhenever this minion is blocked, deal 1 damage\nto your opponent's Life.					ocr	190	金牛龍神ドラゴニック・タウラス	https://www.aicarddass.com/zenonzard/images/cardlist/cards/red_08_01_04_01.png?v=20201113	field_minion	フィールド・ミニオン	red	赤	8	PC:04 FORBIDDEN	6	BS|光導	E					
red_08_01_06_00	red	宝石人オニキス	Onex of the Gemfolk	4			【自分の夕\nこのミニオンがブロックされるたび、ブロックして\nいるミニオンに、自分の種族「ジュエリスト」を持\nつマナ1種類每にBP-100を付与する。\n【破壊時】\nのカードをレスト状態でベースに置く。	[On Your Turn]\nWhenever this minion is blocked, the minion\nblocking loses -100BP for each unique\nmana belonging to the Jewelist class in your <Base>\n[When Destroyed]\nIf there are no Onex of the Gemfolk cards\nin your base, move this card to your base in\nthe Rest State.					ocr	130	宝石人オニキス	https://www.aicarddass.com/zenonzard/images/cardlist/cards/red_08_01_06_00.png?v=20201113	field_minion	フィールド・ミニオン	red	赤	4	PC:06 HELIX	1	ジュエリスト	C					
red_08_01_EX03_00	red	凶龍爆神ガンディノス	The DinoDeity Gundinos	8			【アタック時】\n自分の赤マナがある場合、相手のBP400以下のミ二オン1体\nを破壊する。\nそうした場合、自分はカードを1枚引く。\n【アタック時】\n自分の青マナが2つ以上ある場合、自分のフォース1つをレス\nトできる。そうした場合、このミニオンをアクティブにす	Cost Reduction: Red, Blue\n[When Attacking]\nIf you have Red Mana, destroy one of your opponent's\nminions with 400BP or lower. If you do, draw one card\n[When Attacking]\nIf you have two Blue Mana or more, you can put one of\nyour Forces in the Rest State. If you do, this minion enters the\nActive State.					ocr	191	凶龍爆神ガンディノス	https://www.aicarddass.com/zenonzard/images/cardlist/cards/red_08_01_EX03_00.png?v=20201113	field_minion	フィールド・ミニオン	red	赤	8	EX:03 Battle Spirits	5	BS|ダイナソー	L					
red_08_02_01_00	red	ソードサウルス	Stabosaur	8	800	2	［襲撃］\n【召喚時】\n自分の赤マナが4つ以上ある場合、このターン中、相手のミニオン1体をBP-600する。	Charge\n[When Summoned]\nIf you have four Red Mana or more, one\nof your opponent's minions loses -600BP\nfor the duration of this turn.	AWAKEN				gamerch	187	ソードサウルス	https://www.aicarddass.com/zenonzard/images/cardlist/cards/red_08_02_01_00.png?v=20201113	field_minion	フィールド・ミニオン	red	赤	8	PC:01 AWAKEN	14	ダイナソー	R					
red_08_02_02r_00	red	溶岩竜ドラフレア	Flair - The Lava Dragon	8			【アタック時】\n相手のミニオン全てにBP-100を付与する。\n【破壊時】\n自分のターンである場合、このミニオンを手札に戻	[When Attacking]\nDeal -200BP to all your opponent's\nminions.\n[When Destroyed]\nIf it is your turn, this minion returns to\nyour hand.					ocr	188	溶岩竜ドラフレア	https://www.aicarddass.com/zenonzard/images/cardlist/cards/red_08_02_02r_00.png?v=20201113	field_minion	フィールド・ミニオン	red	赤	8	PC:02R DIVINE	10	ドラゴン	R					
red_08_03_02_00	red	ドラゴン・オブ・フォーシル	Fossil Dragon	8(赤3)			【メイン】\n自分のミニオンカードでない無色マナ1つを破壊する。そうした場合、自分のデッキを上から3枚見て、その中の種族「ドラゴン」を持つ、赤または無色のフィールド・ミニオンカード1枚を出す。（【召喚時】効果は発揮しない。）残りをランダムにデッキの下に戻す。	[Main]\nDestroy one of your Neutral Mana that is not\nminion card. If you do, look at the top three cards of your deck, select one Red or Neutral Field Minion card belonging to the Dragon\nclass and put it on the field. ([When Summoned] abilities will not activate.) Put the rest back on the bottom of your deck in random order.	CONTRACT				gamerch	193	ドラゴン・オブ・フォーシル	https://www.aicarddass.com/zenonzard/images/cardlist/cards/red_08_03_02_00.png?v=20201113	magic	マジック	red	赤	8	PC:02 CONTRACT	11		E					
red_09_01_04_00	red	太陽神龍ライジング・アポロドラゴン	The SunDragonDeity Rising-Apollodragon	9+			【自分のターン】\n自分のニ才ンがタックするたび、相のニ1体を選択で\nきる。うした場合、そのニオンをクティブにして、このバ\nト中に必ブックる。\n【加護時】\nこのミニオンに「【常時】このニオンがトルに勝利る\nび、相手のBP800以下の三二オン1体を破壊する。」を付与する。	Cost Reduction: Red\n[On Your Turn]\nWhenever one of your minions attacks, select one of your\nopponent's minions. If you do, that minion enters the Active State and\nmust block during this battle.\n[When Boosted]\nThis minion receives the following effect\n[Passive] Whenever this minion wins a battle against another\nminion, destroy one of your opponent's minions with 800BP or\nlower.					ocr	198	太陽神龍ライジング・アポロドラゴン	https://www.aicarddass.com/zenonzard/images/cardlist/cards/red_09_01_04_00.png?v=20201113	field_minion	フィールド・ミニオン	red	赤	9+	PC:04 FORBIDDEN	6	BS|ドラゴン	E					
red_09_01_04_02	red	光龍騎神サジット・アポロドラゴン	The ShineCentaurusDeity Sagitto-Apollodragon	9+			【常時】\nこの二オンには[加を2つまで付与ることができ\n【アタック時】\nこのミニオンに付与さている種族「レイ」を持つ[加\n護】1つ每に、相手のBP700以下の三二才ン1体を破壊す	Cost Reduction: Red\n[Passive]\nThis minion can receive the {Boost} effect up to\ntwo times.\n[When Attacking]\nFor each {Boost} this minion has received from\nmana belonging to the Brave class, destroy one of\nyour opponent's minions with 700BP or lower					ocr	197	光龍騎神サジット・アポロドラゴン	https://www.aicarddass.com/zenonzard/images/cardlist/cards/red_09_01_04_02.png?v=20201113	field_minion	フィールド・ミニオン	red	赤	9+	PC:04 FORBIDDEN	6	BS|光導	L					
red_09_01_05_00	red	「火山の巨人」ヴォルカニック	Volcanic Veil - The Eruptor	9+			【自分の夕\n自分の手札にあるこのカードのフリーコストは、自\n分の破壊されたフォース1つ毎に3減らされる。\n【常時】\nこのミ二オンが相手の効果で選択されるたぴ、相手\nのプレイヤーに1ダメージを与える	Charge\n[On Your Turn]\nReduce the basic cost of this card in your hand by\n3 for each of your destroyed Forces.\n[Passive]\nWhenever this minion is selected as a target for\nyour opponent's card effect, deal 1 damage to your\nopponent's Life points.					ocr	199	「火山の巨人」ヴォルカニック	https://www.aicarddass.com/zenonzard/images/cardlist/cards/red_09_01_05_00.png?v=20201113	field_minion	フィールド・ミニオン	red	赤	9+	PC:05 GLORY	2	ジャイアント	L					
red_09_02_01_00	red	「オリジンズ02」アロンダイ	Arondai - Origins 02	9+	800	2	【召喚時】\n「S・ゴレイム・トークン」（赤・ゴレイム・コスト1・BP100/DP1）2体を出すことができる。\n【アタック時】\nプレイヤーにアタックした場合、このターン中、自分のミニオンがブロックされるたび、相手のプレイヤーに1ダメージを与える。	"[When Summoned]\nYou can have two ""Token Golem S"" (Red / Golem /\nCost 1 / 100BP / 1DP) enter your field.\n[When Attacking]\nIf this minion attacks your opponent's Life, you\nreceive the following effect for the duration of the\nturn\nWhenever your minion's attack is blocked, deal 1\ndamage to your opponent's Life."	AWAKEN				gamerch	195	「オリジンズ02」アロンダイ	https://www.aicarddass.com/zenonzard/images/cardlist/cards/red_09_02_01_00.png?v=20201113	field_minion	フィールド・ミニオン	red	赤	9+	PC:01 AWAKEN	14	ゴレイム	L					
red_09_02_02_00	red	「爆焔公」マグマファング	Magma Fang - Lord of Blazefires	9(赤3)	900	3	【アタック時】\n相手のBP500以下のミニオン1体を破壊する。そうした場合、「ドラゴン・トークン」1体を出す。\n【自分のターン】\nこのミニオンは種族「ドラゴン」または「ドラゴニュート」を持たないミニオンにはブロックされない。	[When Attacking]\nDestroy one of your opponent's minions\nwith 500BP or lower. If you do, one Token\nDragon enters your field.\n[On Your Turn]\nOnly minions belonging to the Dragon or\nDragonewt class can block this minion's\nattacks.	CONTRACT				gamerch	196	「爆焔公」マグマファング	https://www.aicarddass.com/zenonzard/images/cardlist/cards/red_09_02_02_00.png?v=20201113	field_minion	フィールド・ミニオン	red	赤	9+	PC:02 CONTRACT	11	ドラゴン	L					
red_11_01_04_00	red	幻羅星龍ガイ・アスラ	The PhantomStarDragon Gai-Asura	9+			ン1体にBP-300を付与することができる。そうし\nた場合、このミ二オンにBP+300を付与し、アク\nティブにする。	Cost Reduction: Red\n[When Attacking]\nYou can choose to deal -300BP to one of\nyour other minions that is not The\nPhantomStarDragon Gai-Asura, and if you do\nthis minion receives +300BP and enters\nthe Active State.					ocr	200	幻羅星龍ガイ・アスラ	https://www.aicarddass.com/zenonzard/images/cardlist/cards/red_11_01_04_00.png?v=20201113	field_minion	フィールド・ミニオン	red	赤	9+	PC:04 FORBIDDEN	6	BS|ドラゴン	L					
white_00_00_03_00	white	「氷晶の召喚士」アイシー Lv1	Hailee - Conjurer of Crystals Lv.1				《ベース》\n【配置時】\n「「アイシーの召喚獣」フリズリL1」1枚を手\n札に加える。\n《ベース》\nこのマナは移動できない。	eo\n<Base> [When Placed]\nAdd one Brice - Of Hailee Lv.1 to your\nhand\n<Base>\nThis minion cannot move					ocr	947	「氷晶の召喚士」アイシー Lv1	https://www.aicarddass.com/zenonzard/images/cardlist/cards/white_00_00_03_00.png?v=20201113	base_minion	ベース・ミニオン	white	白		PC:03 EVOLVE	8	エヴォーカー	R					
white_00_00_03_01	white	「氷晶の召喚士」アイシー Lv2	Hailee - Conjurer of Crystals Lv.2				《ベース》\n【配置時】\n「「アイシーの召喚獣」フリズリL2」1枚を手\n札に加える。\n《ベース》\nこのマナは移動できない。	eo\n<Base> [When Placed]\nAdd one Brice - Of Hailee Lv.2 to your\nhand\n<Base>\nThis minion cannot move					ocr	948	「氷晶の召喚士」アイシー Lv2	https://www.aicarddass.com/zenonzard/images/cardlist/cards/white_00_00_03_01.png?v=20201113	base_minion	ベース・ミニオン	white	白		PC:03 EVOLVE	8	エヴォーカー	R					
white_00_00_03_02	white	「氷晶の召喚士」アイシー Lv3	Hailee - Conjurer of Crystals Lv.3				《ベース》\n【配置時】\n「「アイシーの召喚獣」フリズリL3」1枚を手\n札に加える。\n《ベース》\nこのマナは移動できない。	"<Base> [When Placed]\nAdd one ""Brice - Of Hailee Lv.3"" to your hand.\n<Base>\nThis minion cannot move."					ocr	949	「氷晶の召喚士」アイシー Lv3	https://www.aicarddass.com/zenonzard/images/cardlist/cards/white_00_00_03_02.png?v=20201113	base_minion	ベース・ミニオン	white	白		PC:03 EVOLVE	8	エヴォーカー	R					
white_00_00_03_03	white	「機馬の召喚士」サラ Lv1	Serah - Conjurer of the Metallic Steed Lv.1				《ベース》\n【配置時】\n「「サラの召喚獣」メタリック・ステード\nLv1」1枚を手札Iこ加える。\n《ベース》\nこのマナは移動できない。	<Base> [When Placed]\nAdd one Chrome Charger - Of Serah Lv.\n1 to your hand.\n<Base>\nThis minion cannot move.					ocr	950	「機馬の召喚士」サラ Lv1	https://www.aicarddass.com/zenonzard/images/cardlist/cards/white_00_00_03_03.png?v=20201113	base_minion	ベース・ミニオン	white	白		PC:03 EVOLVE	8	エヴォーカー	L					
white_00_00_03_04	white	「機馬の召喚士」サラ Lv2	Serah - Conjurer of the Metallic Steed Lv.2				《ベース》\n【配置時】\n「「サラの召喚獣」メタリック・スティード\nLv2」1枚を手札Iに加える。\n《ベース》\nこのマナは移動できない。	<Base> [When Placed]\nAdd one Chrome Charger - Of Serah Lv.\n2 to your hand.\n<Base>\nThis minion cannot move.					ocr	951	「機馬の召喚士」サラ Lv2	https://www.aicarddass.com/zenonzard/images/cardlist/cards/white_00_00_03_04.png?v=20201113	base_minion	ベース・ミニオン	white	白		PC:03 EVOLVE	8	エヴォーカー	L					
white_00_00_03_05	white	「機馬の召喚士」サラ Lv3	Serah - Conjurer of the Metallic Steed Lv.3				《ベース》\n【配置時】\n「「サラの召喚獣」メタリック・スティード\nLv3」1枚を手札Iこ加える。\n《ベース》\nこのマナは移動できない。	"<Base> [When Placed]\nAdd one ""Chrome Charger - Of Serah Lv.\n3"" to your hand.\n<Base>\nThis minion cannot move."					ocr	952	「機馬の召喚士」サラ Lv3	https://www.aicarddass.com/zenonzard/images/cardlist/cards/white_00_00_03_05.png?v=20201113	base_minion	ベース・ミニオン	white	白		PC:03 EVOLVE	8	エヴォーカー	L					
white_00_00_04_00	white	「白銀の魔術師」シル	Gin - The Silvery Wizard				《ベース》\n【配置時】\n「シルの第1魔法：ディフロスト」1枚を手札に加\nえる。\n《ベース》\nこのマナは移動できない。	"<Base> [When Placed]\nAdd one ""Gin's Spells, Entry 1: Defrost""\nto your hand.\n<Base>\nThis minion cannot move."					ocr	953	「白銀の魔術師」シル	https://www.aicarddass.com/zenonzard/images/cardlist/cards/white_00_00_04_00.png?v=20201113	base_minion	ベース・ミニオン	white	白		PC:04 FORBIDDEN	6	エヴォーカー	R					
white_00_00_04_01	white	「球体の魔術師」ロイド	Andrew - The Sphere Wizard				《ベース》\n【配置時】\n「ロイドの第1魔法：プライヤー」1枚を手札に加\nえる。\n《ベース》\nこのマナは移動できない。	"<Base> [When Placed]\nAdd one ""Andrew's Spells, Entry 1\nMeditation"" to your hand.\n<Base>\nThis minion cannot move."					ocr	954	「球体の魔術師」ロイド	https://www.aicarddass.com/zenonzard/images/cardlist/cards/white_00_00_04_01.png?v=20201113	base_minion	ベース・ミニオン	white	白		PC:04 FORBIDDEN	6	エヴォーカー	E					
white_00_00_04_02	white	月光のバローネ Lv1	The Moonlight Barone Lv.1				《ベース》\n【配置時】\n「ーザンベアード」1枚を手札に加える。その\n《ベース》\nこのマナは移動できない。\nＥＰＩＣ	<Base> [When Placed]\nAdd one Northernbeard to your hand. The Moonlight Barone becomes Lv.2.\n<Base>\nThis minion cannot move.					ocr	955	月光のバローネ Lv1	https://www.aicarddass.com/zenonzard/images/cardlist/cards/white_00_00_04_02.png?v=20201113	base_minion	ベース・ミニオン	white	白		PC:04 FORBIDDEN	6	カードバトラー	E					
white_00_00_04_03	white	月光のバローネ Lv2	The Moonlight Barone Lv.2				《ベース》\n【配置時】\n「月光龍ストライク・クヴル」1枚を手札に\n《ベース》\nこのマナは移動できない。\nEＰ IＣ	"<Base> [When Placed]\nAdd one ""The MoonlightDragon\nStrike Siegwurm"" to your hand. ""The Moonlight\nBarone"" becomes Lv.3.\n<Base>\nThis minion cannot move."					ocr	956	月光のバローネ Lv2	https://www.aicarddass.com/zenonzard/images/cardlist/cards/white_00_00_04_03.png?v=20201113	base_minion	ベース・ミニオン	white	白		PC:04 FORBIDDEN	6	カードバトラー	E					
white_00_00_04_04	white	月光のバローネ Lv3	The Moonlight Barone Lv.3				《ベース》\n【配置時】\n「月光神龍ルナテック・ストライクヴルム」1枚を\n手札に加える。\n《ベース》\nこのマナは移動できない。\nEＰ IＣ	—— -\n<Base> [When Placed]\nAdd one The MoonlightDragonDeity\nLunatech-Strikewurm to your hand.\n<Base>\nThis minion cannot move.					ocr	957	月光のバローネ Lv3	https://www.aicarddass.com/zenonzard/images/cardlist/cards/white_00_00_04_04.png?v=20201113	base_minion	ベース・ミニオン	white	白		PC:04 FORBIDDEN	6	カードバトラー	E					
white_00_00_04_05	white	百瀬 勇貴	Yuki Momose				《ベース》\n【配置時】\n自分のミニオンカドでない無色マナ1つを「コ\nアIこ変更する。その後、自分の種族「BS」を持つ\n三二オン1体に[再起を付与する。\n《ベース》\nこのマナは移動できない。	<Base> [When Placed]\nChange one of your Neutral Mana that is\nnot a minion card into a Core. Then, select\none of your minions belonging to the BS\nclass to receive the {Resurge} effect.\n<Base>\nThis minion cannot move.					ocr	958	百瀬 勇貴	https://www.aicarddass.com/zenonzard/images/cardlist/cards/white_00_00_04_05.png?v=20201113	base_minion	ベース・ミニオン	white	白		PC:04 FORBIDDEN	6	カードバトラー	R					
white_00_00_04_06	white	ホーク・ブレイカー	Hawk-Breaker				加護：[BS」+コスト3以上\n《ベース》\n【自分の夕\nン終了時】\nこのマナをアクティブにする。	Boost: BS + Cost 3 or Higher\n<Base> [At the End of Your Turn]\nThis mana enters the Active State.					ocr	959	ホーク・ブレイカー	https://www.aicarddass.com/zenonzard/images/cardlist/cards/white_00_00_04_06.png?v=20201113	base_minion	ベース・ミニオン	white	白		PC:04 FORBIDDEN	6		R					
white_00_00_04_07	white	獣装甲メガバイソン	The BeastArmor Megabison				《付与能力》\n【常時】\nこのミニオンは相手の効果でレストせず、相手の効\n果で破壊されない。	Boost: BS + Cost 4 or Higher\n<Boost Ability> [Passive]\nThis minion cannot be put into the Rest\nState by your opponent's card effects and\ncannot be destroyed by your opponent's\ncard effects.					ocr	960	獣装甲メガバイソン	https://www.aicarddass.com/zenonzard/images/cardlist/cards/white_00_00_04_07.png?v=20201113	base_minion	ベース・ミニオン	white	白		PC:04 FORBIDDEN	6		C					
white_00_00_05_00	white	ライノブレイド	Bladed Rhinoceros				《付与能力》【自分の夕ン\nこのミニオンがバトル勝利するたび、自分はカー\nドを1枚引き、相手のプレイヤに1ダメを与\nえる。	Boost: Soldier\n<Boost Ability> [On Your Turn]\nWhenever this minion wins a battle\nagainst another minion, draw one card and\ndeal 1 damage to your opponent's Life.					ocr	967	ライノブレイド	https://www.aicarddass.com/zenonzard/images/cardlist/cards/white_00_00_05_00.png?v=20201113	base_minion	ベース・ミニオン	white	白		PC:05 GLORY	2	アームズ	C					
white_00_00_05_01	white	キャノンバード	Armed Avian				《付与能力》\n【アタック時】&【ブロック時】\n相手のミ二オン1体にBP-300を付与する。	Boost: Soldier\n<Boost Ability> [When Attacking] &\n[When Blocking]\nDeal -300BP to one of your opponent's\nminions.					ocr	968	キャノンバード	https://www.aicarddass.com/zenonzard/images/cardlist/cards/white_00_00_05_01.png?v=20201113	base_minion	ベース・ミニオン	white	白		PC:05 GLORY	2	アームズ	C					
white_00_00_EX04_00	white	アタッシュカリバー	Mechanical Attaché				《付与能力》\n【常時】\nこのミニオンは、相手のマックの効果で選択でき\nない。	Boost: White + Mask\n<Boost Ability> [Passive]\nThis minion cannot be selected as\ntarget for your opponent's Magic cards.					ocr	961	アタッシュカリバー	https://www.aicarddass.com/zenonzard/images/cardlist/cards/white_00_00_EX04_00.png?v=20201113	base_minion	ベース・ミニオン	white	白		EX:04 KAMEN RIDER	4	アイテム|仮面	R					
white_00_00_EX04_01	white	飛電ゼロワンドライバー	Aggro Shield				《付与能力》\n【常時】\nこのミニオンがバトルに勝利するび、種族「仮\n面」を持つ白の三二オンに変身できる。\nEPIＣ	——\nBoost: White + Mask\n<Boost Ability> [Passive]\nWhenever this minion wins a battle\nagainst another minion, it can Morph into\nWhite Minion belonging to the Mask class					ocr	962	飛電ゼロワンドライバー	https://www.aicarddass.com/zenonzard/images/cardlist/cards/white_00_00_EX04_01.png?v=20201113	base_minion	ベース・ミニオン	white	白		EX:04 KAMEN RIDER	4	アイテム|仮面	E					
white_00_00_EX04_02	white	ライズホッパー	Road Breaker				《ベース\n【配置時】\n自分の種族「饭面」を持つ三二才ンがる場合、自分の移動権を1增や\n《付与能カ》【自分の一】\n自分のニがこのター既変身していても、このニンは変身\nできる。自分の二オンがこのタンに1回以上変身している場合、こ\nの二才が変身すび、この[加護を除外し、白マナ1つべ\nスに置く。	Boost: Cost 2 or Higher\n<Base> [When Placed]\nIf you have a minion belonging to the Mask class on the\nfield, increase your Movement by 1.\n<Boost Ability> [On Your Turn]\nThis minion can Morph even if one of your minions has\nalready Morphed this turn. If this minion Morphs and one of\nyour minions has already Morphed this turn, remove this {\nBoost} and place one White Mana into your base.					ocr	963	ライズホッパー	https://www.aicarddass.com/zenonzard/images/cardlist/cards/white_00_00_EX04_02.png?v=20201113	base_minion	ベース・ミニオン	white	白		EX:04 KAMEN RIDER	4	アイテム|仮面	C					
white_00_00_EX04c_00	white	メカニカルアタッシュ					《付与能力》\n【常時】\nこのミニオンは、相手のマックの効果で選択でき\nない。						ocr	964	メカニカルアタッシュ	https://www.aicarddass.com/zenonzard/images/cardlist/cards/white_00_00_EX04c_00.png?v=20201113	base_minion	ベース・ミニオン	white	白		EX:04 HEROIC_MASQUERADE	3	アイテム|仮面	R					
white_00_00_EX04c_01	white	シールドウェポン					《付与能力》\n【常時】\nこのミニオンがバトル勝利するび、種族「仮\n面」持つ白の三二オン変身できる。\nＥＰＩＣ						ocr	965	シールドウェポン	https://www.aicarddass.com/zenonzard/images/cardlist/cards/white_00_00_EX04c_01.png?v=20201113	base_minion	ベース・ミニオン	white	白		EX:04 HEROIC_MASQUERADE	3	アイテム|仮面	E					
white_00_00_EX04c_02	white	ロードブレイカー					《ベ一ス》【配置時】\n自分の種族「饭面」を持つ三二才ンがいる場合、自分の移動権を1增や\n《付与能力》【自分の夕一]\n自分のニオこのタン既に変身していても、このニンは変身\nできる。自分の三二才ンがこの夕ー1回以上変身している場合、こ\nのミ二才が変身するび、この[加護を除外し、白マナ1つべ\nスに置く。						ocr	966	ロードブレイカー	https://www.aicarddass.com/zenonzard/images/cardlist/cards/white_00_00_EX04c_02.png?v=20201113	base_minion	ベース・ミニオン	white	白		EX:04 HEROIC_MASQUERADE	3	アイテム|仮面	C					
white_00_01_00_00	white	マキナスの住人	Denizen of Machinas		300	1	《デッキ》\nこのカードは何枚でもデッキに入れられる。\n【常時】\nこのカードはブロックできない。	<Deck>\nA deck can have any number of this card.\n[Passive]\nThis minion cannot block.	Basic				gamerch	941	マキナスの住人	https://www.aicarddass.com/zenonzard/images/cardlist/cards/white_00_01_00_00.png?v=20201113	base_minion	ベース・ミニオン	white	白		ベーシック	15	アンドロイド	Basic					
white_00_01_01_00	white	マキナスの守護者	Guardian of Machinas		100	1	【常時】\nこのミニオンはブロックできない。\n《ベース》【自分のターン終了時】\nこのマナをアクティブにする。	(Passive]\nThis minion cannot block.\n<Base> [At the End of Your Turn]\nThis mana enters the Active State.	AWAKEN				gamerch	940	マキナスの守護者	https://www.aicarddass.com/zenonzard/images/cardlist/cards/white_00_01_01_00.png?v=20201113	base_minion	ベース・ミニオン	white	白		PC:01 AWAKEN	14	アンドロイド	R					
white_00_01_01r_00	white	アンドロイドの銃士	Android Commando		300	1	【常時】\nこのミニオンはブロックできない。\n【配置時】\n相手のミニオン1体を対象に選ぶことができる。このターン中、そのミニオンは必ずブロックする。	[Passive]\nThis minion cannot block.\n<Base> [When Placed]\nYou can choose one of your opponent's\nminions. That minion must block during\nthis turn. (This ability activates as a mana\nability.)	BEYOND				gamerch	942	アンドロイドの銃士	https://www.aicarddass.com/zenonzard/images/cardlist/cards/white_00_01_01r_00.png?v=20201113	base_minion	ベース・ミニオン	white	白		PC:01R BEYOND	12	アンドロイド	E					
white_00_01_02_00	white	「雪精」ホワイトスノウ	White Frost - The Snow Sprite		300	0	加護：白	Boost: White					seesaa	943	「雪精」ホワイトスノウ	https://www.aicarddass.com/zenonzard/images/cardlist/cards/white_00_01_02_00.png?v=20201113	base_minion	ベース・ミニオン	white	白		PC:02 CONTRACT	11	ニンフ	C					
white_00_01_02_01	white	「時精」クロノラ	Chronora - The Time Sprite		100	1	加護：白+コスト4以上\n《付与能力》【常時】\nこのミニオンがコスト3以下のミニオンとのバトルに勝利するたび、このミニオンをアクティブにする。	Boost: White + Cost 4 or Higher\n<Boost Ability > [Passive]\nWhenever this minion wins a battle against another minion with a cost of 3 or lower, this minion returns to the Active State.					seesaa	944	「時精」クロノラ	https://www.aicarddass.com/zenonzard/images/cardlist/cards/white_00_01_02_01.png?v=20201113	base_minion	ベース・ミニオン	white	白		PC:02 CONTRACT	11	ニンフ	E					
white_00_01_02r_00	white	「人鳥精」ペン	Penny - The Penguin Sprite				《付与能力》\n【自分のターン】\nこのミニオンがダメーを与えるたび、自分の\nフォース1つを1回復する。	Boost: White\n<Boost Ability> [On Your Turn]\nWhenever this minion deals damage, restore 1 point to one of your Forces.		PC:02R DIVINE	Rare		ocr	945	「人鳥精」ペン	https://www.aicarddass.com/zenonzard/images/cardlist/cards/white_00_01_02r_00.png?v=20201113	base_minion	ベース・ミニオン	white	白		PC:02R DIVINE	10	ニンフ	R					
white_00_01_02r_01	white	「凍精」フロンネル	Nicold - The Frost Sprite				《ベース》\n【配置時】\n次の相手のターン終了時まで、自分のフ才一スに与\nえられるダメーを1軽减する。	Boost: White + Cost 6 or Higher\n<Base> [When Placed]\nDamage dealt to your Forces is reduced\nby 1 until the end of your opponent's turn.					ocr	946	「凍精」フロンネル	https://www.aicarddass.com/zenonzard/images/cardlist/cards/white_00_01_02r_01.png?v=20201113	base_minion	ベース・ミニオン	white	白		PC:02R DIVINE	10	ニンフ	E					
white_00_01_04_00	white	ノーザンベアード	Northernbeard	0			【ブロック時】\n自分のミニオンカードでない無色マナ1つを「コ\nア」に変更する。\n【自分の夕\nこのミニオンは移動できない。	[When Blocking]\nChange one of your Neutral Mana that is\nnot a minion card into a Core.\n[On Your Turn]\nThis minion cannot move.					ocr	939	ノーザンベアード	https://www.aicarddass.com/zenonzard/images/cardlist/cards/white_00_01_04_00.png?v=20201113	field_minion	フィールド・ミニオン	white	白	0	PC:04 FORBIDDEN	6	BS|ビースト	E					
white_01_01_03_00	white	エレクトロニードル	Electro Needler	1			【相手のターン】\n自分の種族「エヴォーカ」を持つ、白または無色の\nマナがある場合、自分のフオースに与えられるコスト\n5以下のミニオンからのダメージを1軽減する。この効\n果は重複しない。\n【常時】\nこのミニオンはベースに移動するとき、レスト状態で\n移動する。	[On Your Opponent's Turn]\nIf you have White or Neutral Mana belonging to\nthe Evoker class in your base, damage dealt to\nyour Forces by minions with a cost of 5 or lower\nis reduced by 1. This effect cannot stack.\n[Passive]\nThis minion enters the Rest State when it moves\nto your base.					ocr	973	エレクトロニードル	https://www.aicarddass.com/zenonzard/images/cardlist/cards/white_01_01_03_00.png?v=20201113	field_minion	フィールド・ミニオン	white	白	1	PC:03 EVOLVE	8	ハンター	R					
white_01_01_04_00	white	ザニーガン	Zaneegun	1			【相手の夕\nこのミ二オンは相手の効果で破壊されない\n【常時】\nこのミニオンはベースに移動するとき、レスト状態\nで移動する。	[On Your Opponent's Turn]\nThis minion cannot be destroyed by your\nopponent's card effects.\n[Passive]\nThis minion enters the Rest State when it\nmoves to the base.					ocr	974	ザニーガン	https://www.aicarddass.com/zenonzard/images/cardlist/cards/white_01_01_04_00.png?v=20201113	field_minion	フィールド・ミニオン	white	白	1	PC:04 FORBIDDEN	6	BS	C					
white_01_01_04_01	white	イグア・バギー	Igua-Buggy	1			【相手の夕\n他の自分の赤または白のミ二オン全てをBP+100\nする。\n【常時】\nこのミニオンはベースに移動するとき、レスト状態\nで移動する。	[On Your Opponent's Turn]\nAll your other Red Minions and White\nMinions gain +100BP.\n[Passive]\nThis minion enters the Rest State when it\nmoves to the base.					ocr	975	イグア・バギー	https://www.aicarddass.com/zenonzard/images/cardlist/cards/white_01_01_04_01.png?v=20201113	field_minion	フィールド・ミニオン	white	白	1	PC:04 FORBIDDEN	6	BS|ハンター	C					
white_01_01_05_00	white	キャリースワン	Carrier Swan	1			【召喚時】\n自分の移動権を1消費する。消費した場合、自分は\nデッキの中から種族「アームズ」を持つベース・ミ\nニオンカード1枚をレスト状態でベースに置く。そ\nの後、自分のデッキをシャッフルする。\n【常時】\nこのミニオンは移動できない。	[When Summoned]\nReduce Movement by 1. If you do, search\nyour deck for one Base Minion belonging to\nthe Arms class and place it into your base in\nthe Rest State. Then, shuffle your deck.\n[Passive]\nThis minion cannot move.					ocr	976	キャリースワン	https://www.aicarddass.com/zenonzard/images/cardlist/cards/white_01_01_05_00.png?v=20201113	field_minion	フィールド・ミニオン	white	白	1	PC:05 GLORY	2	ウイング	R					
white_01_01_06_00	white	傭兵団グレネ	Grena the Mercenary	2			【召喚時】\n自分の移動権を１消費する。消費した場合、白マナ\n1つか緑マナ1つをレスト状態でベースに置く。\n【相手の夕\n自分のフォース1つ毎に、このミニオンをBP+200\nする。	[When Summoned]\nYou can reduce your Movement by 1. If\nyou do, place one White or Green Mana\ninto your base in the Rest State.\n[On Your Opponent's Turn]\nFor each one of your Forces, this minion\ngains +200BP.					ocr	995	傭兵団グレネ	https://www.aicarddass.com/zenonzard/images/cardlist/cards/white_01_01_06_00.png?v=20201113	field_minion	フィールド・ミニオン	white|green	白|緑	2	PC:06 HELIX	1	エルフ|ソルジャー	R					
white_01_02_01_00	white	スノーラット	Snow Mouse	1	200	0	【召喚時】\n自分のフォース1つを1回復する。\n【常時】\nこのミニオンはベースに移動するとき、レスト状態で移動する。	[When Summoned]\nRestore 1 point to one of your Forces.\n[Passive]\nThis minion enters the Rest State when it\nmoves to the base.	AWAKEN				gamerch	971	スノーラット	https://www.aicarddass.com/zenonzard/images/cardlist/cards/white_01_02_01_00.png?v=20201113	field_minion	フィールド・ミニオン	white	白	1	PC:01 AWAKEN	14	ラット	C					
white_01_02_02_00	white	アイゼンクロコ	Eisenclock	1(白1)	100	0	【常時】\n自分の破壊されたフォース1つ毎に、このミニオンをBP+200/DP+1する。\n【常時】\nこのミニオンはベースに移動するとき、レスト状態で移動する。	[Passive]\nFor each one of your Forces destroyed\nthis minion gains +200BP/+1DP.\n[Passive]\nThis minion enters the Rest State when it\nmoves to the base.					seesaa	972	アイゼンクロコ	https://www.aicarddass.com/zenonzard/images/cardlist/cards/white_01_02_02_00.png?v=20201113	field_minion	フィールド・ミニオン	white	白	1	PC:02 CONTRACT	11	ハンター	R					
white_01_02_04_00	white	ロイドの第1魔法：プライヤー	Andrew's Spells, Entry 1: Meditation	1			【メイン】\n自分のフォース1つを1回復する。その後、この\nライト」1枚を手札に加える。	"This card is part of the Arcana class.\n[Main]\nRestore 1 point to your Forces.\nThen, banish this card and add one ""Andrew's Spells, Entry 2: Light Refreshments"" to your hand."					ocr	980	ロイドの第1魔法：プライヤー	https://www.aicarddass.com/zenonzard/images/cardlist/cards/white_01_02_04_00.png?v=20201113	magic	マジック	white	白	1	PC:04 FORBIDDEN	6		E					
white_01_02_04_02	white	シルの第1魔法：ディフロスト	Gin's Spells, Entry 1: Defrost	1			【メイン】\n自分のミ二オン1体にBP+100と[再起]を付与す\n法：アイスアーマー」１枚を手札に加える。	"This card is part of the Arcana class.\n[Main]\nSelect one of your minions to receive +100BP and the {Resurge} effect. Then, banish this card and add one ""Gin's Spells,\nEntry 2: Icy Shell"" to your hand."					ocr	979	シルの第1魔法：ディフロスト	https://www.aicarddass.com/zenonzard/images/cardlist/cards/white_01_02_04_02.png?v=20201113	magic	マジック	white	白	1	PC:04 FORBIDDEN	6		R					
white_01_02_05_00	white	フルアーマー Lv1	Max Power Armor Lv.1	1			【メイン】\n自分のプレイヤーに「自分の[加護]が付与されて\nいる、種族「ソルジャー」を持つミニオンがアタッ\nクするたぴ、相手は必ずブロックする。」を付与す\nる。この効果は重複しない。\n進化：この力一ドを手札から使用したとき\nＬEGEND	[Main]. -\nYou receive the following effect (this effect cannot stack):\nWhenever one of your minions belonging to the Soldier class that has received a {Boost} attacks, your opponent must block.\nEvolve: Use this card from your hand\nMax Power Armor becomes Lv.2.					ocr	981	フルアーマー Lv1	https://www.aicarddass.com/zenonzard/images/cardlist/cards/white_01_02_05_00.png?v=20201113	magic	マジック	white	白	1	PC:05 GLORY	2		L					
white_01_03_01_00	white	ロックオン	Lock-On	1	-	-	【メイン】\nこのターン中、種族「ハンター」を持つミニオンがアタックするたび、相手は必ずブロックする。	[Main]\nFor the duration of this turn, you gain the following effect:\nYour opponent must block every time one of your minions belonging to the Hunter class attacks.	AWAKEN				gamerch	978	ロックオン	https://www.aicarddass.com/zenonzard/images/cardlist/cards/white_01_03_01_00.png?v=20201113	magic	マジック	white	白	1	PC:01 AWAKEN	14		C					
white_02_00_06_00	white	傭兵団バンディ	Bundy the Mercenary				《ベース》\n【配置時】\n自分のデッキを上から5枚見て、その中の白または\n緑のベース・ミニオンカード1枚を公開して手札に\n加える。残りをランダムにデッキの下に戻す。	<Base> [When Placed]\nLook at the top five cards of your deck\nand select one White or Green Base Minion.\nReveal it to your opponent and add it to\nyour hand. Put the rest back on the bottom\nof your deck in a random order.					ocr	970	傭兵団バンディ	https://www.aicarddass.com/zenonzard/images/cardlist/cards/white_02_00_06_00.png?v=20201113	base_minion	ベース・ミニオン	white|green	白|緑		PC:06 HELIX	1	エルフ|ソルジャー	R					
white_02_01_03_00	white	マキナスの警備員	Guard of Machinas	2			【召喚時】\nフォース1つを１回復する。	[When Summoned]\nRestore 1 point to one of your Forces.					ocr	987	マキナスの警備員	https://www.aicarddass.com/zenonzard/images/cardlist/cards/white_02_01_03_00.png?v=20201113	field_minion	フィールド・ミニオン	white	白	2	PC:03 EVOLVE	8	アンドロイド	C					
white_02_01_04_00	white	マキナスの魔道士	Magician of Machinas	2			【相手の夕\nこのミ二オンは相手の効果で選択できない。	[On Your Opponent's Turn]\nThis minion cannot be selected as\ntarget for your opponent's card effects.					ocr	988	マキナスの魔道士	https://www.aicarddass.com/zenonzard/images/cardlist/cards/white_02_01_04_00.png?v=20201113	field_minion	フィールド・ミニオン	white	白	2	PC:04 FORBIDDEN	6	アンドロイド	C					
white_02_01_04_01	white	キグナ・スワンMk-II	Kigna-Swan Mk-II	2			【召喚時】\n自分のミニオンカードでない無色マナ1つを「コ\nア」に変更する。\n【後退時】\n自分の種族\n「BS」を持つミニオン1体にBP+200\nを付与する。	[When Summoned]\nChange one of your Neutral Mana that is\nnot a minion card into a Core.\n<Base> [When Retreating]\nSelect one of your minions belonging to\nthe BS class to receive +200BP.					ocr	989	キグナ・スワンMk-II	https://www.aicarddass.com/zenonzard/images/cardlist/cards/white_02_01_04_01.png?v=20201113	field_minion	フィールド・ミニオン	white	白	2	PC:04 FORBIDDEN	6	BS	C					
white_02_01_04_02	white	ガドファント	Gadphant	2			【相手の夕\nこのミニオンは移動できない。	[On Your Opponent's Turn]\nThis minion cannot move.					ocr	990	ガドファント	https://www.aicarddass.com/zenonzard/images/cardlist/cards/white_02_01_04_02.png?v=20201113	field_minion	フィールド・ミニオン	white	白	2	PC:04 FORBIDDEN	6	BS	R					
white_02_01_05_00	white	D-17 バリアード	D-17 Barrier	2			【自分の夕\n自分の種族「アームズ」と[加護]を持つマナ全て\nは、レスト状態でも付与することができる。\n【常時】\n自分の[加護]が付与されているミ二オン全ては相\n手のマジックの効果で選択できない。	[On Your Turn]\nAll mana with the {Boost} effect belonging\nto the Arms class in your base can grant their\neffect even if they are in the Rest State.\n[Passive]\nYour minions that have received a {Boost}\ncannot be selected as targets for your\nopponent's Magic cards.					ocr	993	D-17 バリアード	https://www.aicarddass.com/zenonzard/images/cardlist/cards/white_02_01_05_00.png?v=20201113	field_minion	フィールド・ミニオン	white	白	2	PC:05 GLORY	2	ソルジャー	E					
white_02_01_05_01	white	マキナスの両剣	Double Edge of Machinas	2			【召喚時】\n自分が「聖のフォース“スフィンクス”」を選んでい\nる場合、このターン中、自分の種族「アンドロイ\nド」または「レギオン」を持つミニオン1体は相手の\nマックの効果で選択できない。	[When Summoned]\nIf you have chosen the Force of Sanctity -\nSphynx, select one of your minions\nbelonging to the Android or Legion class. That\nminion cannot be selected as a target for\nyour opponent's Magic card effects for the\nduration of the turn.					ocr	994	マキナスの両剣	https://www.aicarddass.com/zenonzard/images/cardlist/cards/white_02_01_05_01.png?v=20201113	field_minion	フィールド・ミニオン	white	白	2	PC:05 GLORY	2	アンドロイド|レギオン	R					
white_02_01_EX04_00	white	仮面ライダーゼロワン ライジングホッパー	NEMS - Arise	2			【自分のターン】\nこのミニオンがダメージを与えるたび、種族「仮\n面」を持つ白のミ二オンに変身できる。\n【自分のターン\nこのミニオンがレスト状態である場合、このミニオ\nンは相手の効果で選択できない。	[On Your Turn]\nWhenever this minion deals damage, it can\nMorph into a White Minion belonging to the\nMask class.\n[On Your Turn]\nIf this minion is in the Rest State, it cannot\nbe selected as a target for your opponent's\ncard effects.					ocr	991	仮面ライダーゼロワン ライジングホッパー	https://www.aicarddass.com/zenonzard/images/cardlist/cards/white_02_01_EX04_00.png?v=20201113	field_minion	フィールド・ミニオン	white	白	2	EX:04 KAMEN RIDER	4	仮面	R					
white_02_01_EX04c_00	white	NEMS ライジング		2			【自分のターン]\nこのミニオンがダメージを与えるたび、種族「仮\n面」を持つ白のミ二オンに変身できる。\n【自分のターン】\nこのミニオンがレスト状態である場合、このミニオ\nンは相手の効果で選択できない。						ocr	992	NEMS ライジング	https://www.aicarddass.com/zenonzard/images/cardlist/cards/white_02_01_EX04c_00.png?v=20201113	field_minion	フィールド・ミニオン	white	白	2	EX:04 HEROIC_MASQUERADE	3	仮面	R					
white_02_02_00_00	white	リングラプター	Ring Raptor	2	300	1	【常時】\nこのミニオンは、相手のマジックの効果で選択できない。	[Passive]\nThis minion cannot be selected as\ntarget for your opponent's Magic cards.	Basic				gamerch	983	リングラプター	https://www.aicarddass.com/zenonzard/images/cardlist/cards/white_02_02_00_00.png?v=20201113	field_minion	フィールド・ミニオン	white	白	2	ベーシック	15	ウイング	Basic					
white_02_02_00_01	white	マオルブルフ	Maulwurf	2	300	1	効果なし		Basic				gamerch	984	マオルブルフ	https://www.aicarddass.com/zenonzard/images/cardlist/cards/white_02_02_00_01.png?v=20201113	field_minion	フィールド・ミニオン	white	白	2	ベーシック	15	ハンター	Basic					
white_02_02_01_00	white	トレーサードーベル	Doberman Tracer	2	300	1	【アタック時】\n相手は必ずブロックする。	[When Attacking]\nYour opponent must block.	AWAKEN				gamerch	982	トレーサードーベル	https://www.aicarddass.com/zenonzard/images/cardlist/cards/white_02_02_01_00.png?v=20201113	field_minion	フィールド・ミニオン	white	白	2	PC:01 AWAKEN	14	ハンター	C					
white_02_02_01r_00	white	ホーリーフライ	Holy Fly	2	200	1	【後退時】\nこのターン中、自分のミニオン1体は相手のマジックの効果で選択できない。	<Base> [When Retreating]\nSelect one of your minions to prevent it\nfrom being a target for your opponent's\nMagic cards for the duration of this turn.	BEYOND				gamerch	985	ホーリーフライ	https://www.aicarddass.com/zenonzard/images/cardlist/cards/white_02_02_01r_00.png?v=20201113	field_minion	フィールド・ミニオン	white	白	2	PC:01R BEYOND	12	ウイング	C					
white_02_02_02r_00	white	スカイ・スクイード	Sky Squid	2			【加護時】\n自分のフォース全てを1回復してアクティブにす	[When Boosted]\nRestore 1 point to all your Forces and put\nthem in the Active State.					ocr	986	スカイ・スクイード	https://www.aicarddass.com/zenonzard/images/cardlist/cards/white_02_02_02r_00.png?v=20201113	field_minion	フィールド・ミニオン	white	白	2	PC:02R DIVINE	10	ウイング	C					
white_02_02_06_00	white	リバーサルフレア	Reversal Flare	4			【メインノフラッシュ】\n相手のコスト5以下のミニオン全てをレストする。\nその後、相手のレスト状態である、コスト3以下の\nミニオン全てを除外する。\nEPⅠC	[Main]/[Flash]\nPut all your opponent's minions with a cost of 5 or lower in the Rest State.\nThen, banish all of your opponent's minions with a cost of 3 or lower that are in the Rest State.					ocr	1064	リバーサルフレア	https://www.aicarddass.com/zenonzard/images/cardlist/cards/white_02_02_06_00.png?v=20201113	magic	マジック	white|green	白|緑	4	PC:06 HELIX	1		E					
white_02_02_EX04_00	white	ライジングインパクト	Shield Impact	2			【メイン】ノフラッシュ】\nこのターン中、自分のミニオン1体をBP+200す\nる。相手のターンである場合、さらに、そのミ二オン\nをアクティブにする。\n《トラッシュ》\n自分のミニオンが変身するたび、このカードを手札\nに戻す。この効果は重複しない。\nＥＰＩＣ	[Main]/[Flash] Select one of your minions to gain +200BP for the duration of this turn.\nIf it is your opponent's turn, that minion enters the Active State.\nWhenever one of your minions Morphs, return this card to your hand. This effect cannot stack.					ocr	1001	ライジングインパクト	https://www.aicarddass.com/zenonzard/images/cardlist/cards/white_02_02_EX04_00.png?v=20201113	magic	マジック	white	白	2	EX:04 KAMEN RIDER	4		E					
white_02_02_EX04c_00	white	シールドインパクト		2			【メイン】ノフラッシュ】\nこのターン中、自分のミニオン1体をBP+200す\nる。相手のターンである場合、さらに、そのミ二オン\nをアクティブにする。\n《トラッシュ》\n自分のミニオンが変身するたび、このカードを手札\nに戻す。この効果は重複しない。						ocr	1002	シールドインパクト	https://www.aicarddass.com/zenonzard/images/cardlist/cards/white_02_02_EX04c_00.png?v=20201113	magic	マジック	white	白	2	EX:04 HEROIC_MASQUERADE	3		E					
white_02_03_00_00	white	リアクティブシールド	Reactive Shield	2	-	-	【メイン】/【フラッシュ】\nこのターン中、ミニオン1体をBP+300する。相手のターンである場合、そのミニオンをアクティブにする。	[Main]/ [Flash]\nOne minion gains +300BP for the duration of this turn. If it is your opponent's turn, that minion enters the Active State.	Basic	[[Basic (Pack)|BASIC DECK]]	Basic		gamerch	996	リアクティブシールド	https://www.aicarddass.com/zenonzard/images/cardlist/cards/white_02_03_00_00.png?v=20201113	magic	マジック	white	白	2	ベーシック	15		Basic					
white_02_03_00_01	white	リプレイス	Reprise	2	-	-	【メイン】\n自分はカードを2枚引く。その後、自分の手札1枚を破棄する。	[Main]\nDraw two cards. Then, discard one card from your hand.	Basic				gamerch	997	リプレイス	https://www.aicarddass.com/zenonzard/images/cardlist/cards/white_02_03_00_01.png?v=20201113	magic	マジック	white	白	2	ベーシック	15		Basic					
white_02_03_01r_00	white	ゾーンディフェンス	Zone Defense	2			【フラッシュ】\n相手のターンである場合、自分のミニオン全てと自分のフォース全てをアクティブにする。	[Flash]\nIf it is your opponent's turn, all your minions and Forces enter the Active State.	BEYOND				gamerch	998	ゾーンディフェンス	https://www.aicarddass.com/zenonzard/images/cardlist/cards/white_02_03_01r_00.png?v=20201113	magic	マジック	white	白	2	PC:01R BEYOND	12		C					
white_02_03_01r_01	white	キルコマンド	Kill Order	2			【メイン】/【フラッシュ】\nこのターン中、自分の種族「ソルジャー」を持つミニオン1体はBPに関係なくバトルに勝利する。	[Main]/[Flash]\nSelect one of your minions belonging to the Soldier class to win in battle against another minion regardless of its BP during this turn.	BEYOND				gamerch	999	キルコマンド	https://www.aicarddass.com/zenonzard/images/cardlist/cards/white_02_03_01r_01.png?v=20201113	magic	マジック	white	白	2	PC:01R BEYOND	12		R					
white_02_03_02r_00	white	メタルガード	Metal Wall	2			【フラッシュ】\nこのターン中、自分のミニオン1体をBP+300す\nる。そのミニオンは相手の効果で選択できない。	[Flash]\nSelect one of your minions to gain +300BP for the duration of this turn.\nThat minion cannot be selected as a target for your opponent's minion or Magic card effects.					ocr	1000	メタルガード	https://www.aicarddass.com/zenonzard/images/cardlist/cards/white_02_03_02r_00.png?v=20201113	magic	マジック	white	白	2	PC:02R DIVINE	10		C					
white_03_01_03_00	white	「アイシーの召喚獣」フリズリー Lv1	Brice - Of Hailee Lv.1	3			進化：手札から「ハンター」が召喚されたとき	Evolve: Summon minion from the Hunter class\nHailee - Conjurer of Crystals Lv.1 and\nBrice - Of Hailee Lv.1 become Lv.2.					ocr	1011	「アイシーの召喚獣」フリズリー Lv1	https://www.aicarddass.com/zenonzard/images/cardlist/cards/white_03_01_03_00.png?v=20201113	field_minion	フィールド・ミニオン	white	白	3	PC:03 EVOLVE	8	アルカナ	R					
white_03_01_03_01	white	「アイシーの召喚獣」フリズリー Lv2	Brice - Of Hailee Lv.2	3			【自分のターン】\n自分の種族「ハンター」または「アルカナ」を持つ\nミニオンがアタックするたぴ、相手は必ずブロック\nする。\n進化：手札から「ハンター」が召喚されたとき	Whenever one of your minions belonging\nto the Hunter or Arcana class attacks\nyour opponent must block.\nEvolve: Summon minion from the Hunter class\nHailee - Conjurer of Crystals Lv.2 and\nBrice - Of Hailee Lv.2 become Lv.3.					ocr	1012	「アイシーの召喚獣」フリズリー Lv2	https://www.aicarddass.com/zenonzard/images/cardlist/cards/white_03_01_03_01.png?v=20201113	field_minion	フィールド・ミニオン	white	白	3	PC:03 EVOLVE	8	アルカナ	R					
white_03_01_03_02	white	「アイシーの召喚獣」フリズリー Lv3	Brice - Of Hailee Lv.3	3			【自分のターン】\n自分の種族「ハンター」または「アルカナ」を持つミ\n二オンがアタックするたぴ、相手は必ずブロックす\n【自分のターン】\n自分の種族「ハンター」または「アルカナ」を持つミ\nニオンがバトルに勝利するたぴ、相手のプレイヤーに\n1ダメージを与える。	[On Your Turn]\nWhenever one of your minions belonging to the\nHunter or Arcana class attacks, your opponent must\nblock.\n[On Your Turn]\nWhenever one of your minions belonging to the\nHunter or Arcana class wins a battle against\nanother minion, deal 1 damage to your opponent's Life					ocr	1013	「アイシーの召喚獣」フリズリー Lv3	https://www.aicarddass.com/zenonzard/images/cardlist/cards/white_03_01_03_02.png?v=20201113	field_minion	フィールド・ミニオン	white	白	3	PC:03 EVOLVE	8	アルカナ	R					
white_03_01_04_00	white	パトロール・ドローン	Patrol Drone	3			【召喚時】&【加護時】\n自分は力ドを１枚引く。その後、自分の手札1枚\nを破棄する。	[When Summoned] & [When Boosted]\nDraw one card. Then, discard one card\nfrom your hand.					ocr	1014	パトロール・ドローン	https://www.aicarddass.com/zenonzard/images/cardlist/cards/white_03_01_04_00.png?v=20201113	field_minion	フィールド・ミニオン	white	白	3	PC:04 FORBIDDEN	6	ウイング	C					
white_03_01_04_01	white	ジェット・カバン	Vehippo	3			【アタック時】&【ブロック時】\nこのミ二オンにBP+100を付与する。\n【自分の夕\n自分の種族「エヴォーカ」を持つ白マナがある場\n合、このミニオンがバトルに勝利するたび、相手の\nプレイヤーに1ダメージを与える。	[When Attacking] & [When Blocking]\nThis minion receives +100BP.\n[On Your Turn]\nIf you have White Mana belonging to the\nEvoker class in your base, whenever this\nminion wins a battle against another\nminion, deal 1 damage to your opponent's Life.					ocr	1015	ジェット・カバン	https://www.aicarddass.com/zenonzard/images/cardlist/cards/white_03_01_04_01.png?v=20201113	field_minion	フィールド・ミニオン	white	白	3	PC:04 FORBIDDEN	6	ハンター	R					
white_03_01_04_02	white	ドルフィング	Dolphing	3			【召喚時】\n自分のフォース1つを1回復する。\n【相手の夕-\nこのミニオンがコスト2以下のミニオンとのバトル\nに勝利するたび、このミニオンをアクティブにす	[When Summoned]\nRestore 1 point to one of your Forces.					ocr	1016	ドルフィング	https://www.aicarddass.com/zenonzard/images/cardlist/cards/white_03_01_04_02.png?v=20201113	field_minion	フィールド・ミニオン	white	白	3	PC:04 FORBIDDEN	6	BS	R					
white_03_01_05_00	white	D-06 ランチャーボット	D-06 Launcher Bot	3			【召唤時】\n自分はデッキの中から「フルアーマー」1枚を公開\nして手札に加えることができる。その後、自分の\nデッキをシャッフルする。	"Chain: Arms\n[When Summoned]\nYou can search your deck for one ""Max\nPower Armor"", reveal it to your opponent\nand add it to your hand. Then, shuffle\nyour deck."					ocr	1021	D-06 ランチャーボット	https://www.aicarddass.com/zenonzard/images/cardlist/cards/white_03_01_05_00.png?v=20201113	field_minion	フィールド・ミニオン	white	白	3	PC:05 GLORY	2	ソルジャー	C					
white_03_01_05_01	white	「銀の隊長」リーナ	Lena - The Ice Captain	3			【召喚時】&【進弊時】\n自分のフィールド、ベース、トラッシュのいずれかに「「戦\n場を巡る者」アルテガル」がいる場合、相手のミニオン1体に\nBP-200を付与する。\n【自分のターン】\n自分が「悪のフォス“サイクロプス”」と「聖のフォス“ス\nフィンクス」を選んでいる場合、自分の種族「レギオン」を\n持つミニオンがバトルに勝利するたび、相手のプレイヤー2\nダー与る。この効果は重複しない\nＥＰIＣ	"[When Summoned] & [When Advancing]\nIf there is an ""Artegal - Roamer of the Battlefield"" on your\nfield, in your base, or in your trash, deal -200BP to one of\nyour opponent's minions.\n[On Your Turn]\nIf you have chosen the Force of Sin - Cyclops and the\nForce of Sanctity - Sphynx, whenever one of your minions\nbelonging to the Legion class wins a battle against another\nminion, deal 2 damage to your opponent's Life. This effect\ncannot stack."					ocr	1022	「銀の隊長」リーナ	https://www.aicarddass.com/zenonzard/images/cardlist/cards/white_03_01_05_01.png?v=20201113	field_minion	フィールド・ミニオン	white	白	3	PC:05 GLORY	2	レギオン	E					
white_03_01_06_00	white	傭兵団ショット	Shotte the Mercenary	1			【常時】\nこのミニオンはベースに移動するとき、レスト状態\nで移動する。	[Passive]\nThis minion enters the Rest State when it\nmoves to the base.					ocr	977	傭兵団ショット	https://www.aicarddass.com/zenonzard/images/cardlist/cards/white_03_01_06_00.png?v=20201113	field_minion	フィールド・ミニオン	white|green	白|緑	1	PC:06 HELIX	1	エルフ|ソルジャー	C					
white_03_01_EX04_00	white	仮面ライダーゼロワン フライングファルコン	NEMS - Aviator	3			【自分のターン】\nこのミニオンがダメージを与えるたび、種族「仮\n面」を持つ白のミ二オンに変身できる。\n【召喚時】＆【変身時】\n相手のトラッシュにある\nコスト5以下のフィー\nド・ミニオンカード全てを除外する。	[On Your Turn]\nWhenever this minion deals damage, it\ncan Morph into a White Minion belonging to\nthe Mask class.\n[When Summoned] & [When Morphed]\nBanish all Field Minions in your\nopponent's trash with a cost of 5 or lower					ocr	1017	仮面ライダーゼロワン フライングファルコン	https://www.aicarddass.com/zenonzard/images/cardlist/cards/white_03_01_EX04_00.png?v=20201113	field_minion	フィールド・ミニオン	white	白	3	EX:04 KAMEN RIDER	4	仮面	C					
white_03_01_EX04_01	white	仮面ライダーゼロワン バイティングシャーク	NEMS - Marine	3			【自分のターン】\nこのミニオンがダメージを与えるたび、種族「仮\n面」を持つ白のミ二オンに変身できる。\n【召喚時】&【変身時】\n自分のミニオン1体を選択する。そのミニオンと同\nじBPの相手のミ二オン1体を除外する。	[On Your Turn]\nWhenever this minion deals damage, it can\nMorph into a White Minion belonging to the\nMask class.\n[When Summoned] & [When Morphed]\nSelect one of your minions. Banish one of\nyour opponent's minions with the same BP as\nthat minion.					ocr	1018	仮面ライダーゼロワン バイティングシャーク	https://www.aicarddass.com/zenonzard/images/cardlist/cards/white_03_01_EX04_01.png?v=20201113	field_minion	フィールド・ミニオン	white	白	3	EX:04 KAMEN RIDER	4	仮面	C					
white_03_01_EX04c_00	white	NEMS フライング		3			【自分の夕\nこのミニオンがダメージを与えるたび、種族「仮\n面」を持つ白のミ二オンに変身できる。\n【召喚時】&【変身時】\n相手のトラッシュにある\nコスト5以下のフィ\nド・ミニオンカード全てを除外する。						ocr	1019	NEMS フライング	https://www.aicarddass.com/zenonzard/images/cardlist/cards/white_03_01_EX04c_00.png?v=20201113	field_minion	フィールド・ミニオン	white	白	3	EX:04 HEROIC_MASQUERADE	3	仮面	C					
white_03_01_EX04c_01	white	NEMS マリーン		3			【自分のターン]\nこのミニオンがダメージを与えるたび、種族「仮\n面」を持つ白のミ二オンに変身できる。\n【召喚時】&【変身時】\n自分のミニオン1体を選択する。そのミニオンと同\nじBPの相手のミ二オン1体を除外する。						ocr	1020	NEMS マリーン	https://www.aicarddass.com/zenonzard/images/cardlist/cards/white_03_01_EX04c_01.png?v=20201113	field_minion	フィールド・ミニオン	white	白	3	EX:04 HEROIC_MASQUERADE	3	仮面	C					
white_03_02_00_00	white	R-B7 クラビオン	R-B7 Gravion	3	200	1	【常時】\n自分のフォース1つ毎に、このミニオンをBP+200する。	[Passive]\nFor each one of your Forces, this minion\ngains +200BP.	Basic				gamerch	1006	R-B7 クラビオン	https://www.aicarddass.com/zenonzard/images/cardlist/cards/white_03_02_00_00.png?v=20201113	field_minion	フィールド・ミニオン	white	白	3	ベーシック	15	ソルジャー	Basic					
white_03_02_01_00	white	「導きの機婦人」オードリー	Audri - The Mech Pathfinder	3	400	1	［連携：白］\n【常時】\n他の自分の白のミニオン全てに［再起］を与える。	Chain: White\n[Passive]\nAll your other White Minions gain the {\nResurge} effect.	AWAKEN				gamerch	1005	「導きの機婦人」オードリー	https://www.aicarddass.com/zenonzard/images/cardlist/cards/white_03_02_01_00.png?v=20201113	field_minion	フィールド・ミニオン	white	白	3	PC:01 AWAKEN	14	アンドロイド	E					
white_03_02_01r_00	white	リカオニードル	Lycaon Needle	3	400	1	［再起］\n【常時】\n自分の種族「デミゴッド」を持つミニオンがいる場合、このミニオンをBP+200/DP+1する。	Resurge\n[Passive]\nIf you have a minion belonging to the\nDemigod class on your field, this minion\ngains +200BP/+1DP.	BEYOND				gamerch	1007	リカオニードル	https://www.aicarddass.com/zenonzard/images/cardlist/cards/white_03_02_01r_00.png?v=20201113	field_minion	フィールド・ミニオン	white	白	3	PC:01R BEYOND	12	ハンター	R					
white_03_02_02_00	white	R-A7 ラハルコフ	R-A7 Rohlkoff	3(白1)	300	1	【相手のターン】\n自分のフォースが相手のミニオンにアタックされるたび、このミニオンにBP+100を付与する。	[On Your Opponent's Turn]\nWhenever one of your opponent's\nminions attacks your Force(s), this minion\nreceives +100BP.					seesaa	1008	R-A7 ラハルコフ	https://www.aicarddass.com/zenonzard/images/cardlist/cards/white_03_02_02_00.png?v=20201113	field_minion	フィールド・ミニオン	white	白	3	PC:02 CONTRACT	11	ソルジャー	C					
white_03_02_02_01	white	「氷原の竜巫女」マチルダ	Matilda - Sorceress of Dreadfrosts	3(白1)	400	1	【自分のターン】\n自分の種族「ドラゴン」を持つ、白または無色のミニオンカードがバトルに勝利するたび、相手のプレイヤーに1ダメージを与える。	[On Your Turn]\nWhenever one of your White or Neutral\nMinions belonging to the Dragon class wins\na battle against another minion, deal 1\ndamage to your opponent's Life.					seesaa	1009	「氷原の竜巫女」マチルダ	https://www.aicarddass.com/zenonzard/images/cardlist/cards/white_03_02_02_01.png?v=20201113	field_minion	フィールド・ミニオン	white	白	3	PC:02 CONTRACT	11	ヒューマノイド	R					
white_03_02_02r_00	white	工兵型ロイド・パーヴェル	Engineer Parvell Android	3			【召喚時】\n自分の種族「アンドロイド」または「ウイング」を\n持つミ二オン1体にBP+200を付与する。	[When Summoned]\nSelect one of your minions belonging to\nthe Android or Winged classes to receive\n+200BP.					ocr	1010	工兵型ロイド・パーヴェル	https://www.aicarddass.com/zenonzard/images/cardlist/cards/white_03_02_02r_00.png?v=20201113	field_minion	フィールド・ミニオン	white	白	3	PC:02R DIVINE	10	アンドロイド	C					
white_03_02_03_00	white	メンテナンス	Maintenance	3			【メイン】ノ【フラッシュ】\n自分のフォース1つを2回復する。自分はカードを1\n枚引く。	[Main]/[Flash]\nRestore 2 points to one of your Forces.\nDraw one card.					ocr	1027	メンテナンス	https://www.aicarddass.com/zenonzard/images/cardlist/cards/white_03_02_03_00.png?v=20201113	magic	マジック	white	白	3	PC:03 EVOLVE	8		C					
white_03_02_03_01	white	挟み撃ち	Pincer Movement	3			【メイン】\nこのターン中、自分のミニオン全てに「【アタック\n時】相手のアクティブ状態のミニオン1体を選択す\nる。このターン中、そのミニオンは必ずブロックす\nる」を与える。	[Main] All of your minions receive the following\nability for the duration of this turn: [When Attacking] Select one of your opponent's minions that is in the Active State.\nThat minion must block during this turn.					ocr	1028	挟み撃ち	https://www.aicarddass.com/zenonzard/images/cardlist/cards/white_03_02_03_01.png?v=20201113	magic	マジック	white	白	3	PC:03 EVOLVE	8		R					
white_03_02_04_00	white	インビジブルクローク	Invisible Cloak	3			【フラッシュ】\nこのターン中、自分の種族「BS」を持つミニオン1\n体はブロックされない。	[Flash]\nSelect one of your minions belonging to the Soldier class. That minion cannot be blocked for the duration of this turn.					ocr	1032	インビジブルクローク	https://www.aicarddass.com/zenonzard/images/cardlist/cards/white_03_02_04_00.png?v=20201113	magic	マジック	white	白	3	PC:04 FORBIDDEN	6		C					
white_03_02_04_03	white	シルの第2魔法：アイスアーマー	Gin's Spells, Entry 2: Icy Shell	3			【メイン】\n自分の白のミ二オン全てにBP+200を付与する。\nフリーズ」１枚を手札に加える。	"This card is part of the Arcana class.\n[Main]\nAll your White Minions receive +200BP. Then, banish this card and add one ""Gin's Spells, Entry 3: Freeze"" to your hand."					ocr	1029	シルの第2魔法：アイスアーマー	https://www.aicarddass.com/zenonzard/images/cardlist/cards/white_03_02_04_03.png?v=20201113	magic	マジック	white	白	3	PC:04 FORBIDDEN	6		R					
white_03_02_04_04	white	シルの第3魔法：フリーズ	Gin's Spells, Entry 3: Freeze	3			このカードは種族「アルカナ」を持つ。\nこのターン中、自分の白のミ二オン全てに「【ア\nタック時】相手のミ二オン1体を選択できる。そうし\nた場合、そのミニオンをアクティブにして、このバ\nトル中に必ずブロックさせる。」を与える。その\n後、このカードを除外する。	This card is part of the Arcana class.\n[Main]\nAll of your White Minions receive the\nfollowing effect, and this card is banished:\n[When Attacking] Select one of your\nopponent's minions. That minion will be put in the Active State and must block during this battle.					ocr	1030	シルの第3魔法：フリーズ	https://www.aicarddass.com/zenonzard/images/cardlist/cards/white_03_02_04_04.png?v=20201113	magic	マジック	white	白	3	PC:04 FORBIDDEN	6		R					
white_03_02_04_05	white	ロイドの第2魔法：リフレッシュライト	Andrew's Spells, Entry 2: Light Refreshments	3			【メイン】\n次の相手のターン終了時まで、自分のフォースに与\nえられるダメージを1軽減して、「このフォースは\n相手の効果で選択できない。」を与える。その後、\nシュ」１枚を手札に加える。\nＥＰＩＣ	"This card is part of the Arcana class. [Main]\nDamage dealt to your Forces is reduced by 1 until the end of your opponent's turn.\nYour Forces receive the following effect, this card is banished, and add one ""Andrew's Spells, Entry 3: Vanish"" to your hand:\nThis Force cannot be selected by your opponent's card effects."					ocr	1031	ロイドの第2魔法：リフレッシュライト	https://www.aicarddass.com/zenonzard/images/cardlist/cards/white_03_02_04_05.png?v=20201113	magic	マジック	white	白	3	PC:04 FORBIDDEN	6		E					
white_03_02_05_00	white	エネルギー供給	Energy Supply	3			【メイン】\n自分はカードを2枚引く。その後、自分の種族「ソ\nルジャー」を持つミニオンがいない場合、自分の手\n札１枚を破棄する。	[Main]\nDraw two cards. Then, if you have no minions belonging to the Soldier class on your field, discard one card.					ocr	1033	エネルギー供給	https://www.aicarddass.com/zenonzard/images/cardlist/cards/white_03_02_05_00.png?v=20201113	magic	マジック	white	白	3	PC:05 GLORY	2		E					
white_03_03_00_00	white	ビームスマッシャー	Obliteration Beam	3	-	-	【メイン】/【フラッシュ】\nコスト5以上のミニオン1体を破壊する。	[Main]/[Flash]\nDestroy one minion with a cost of 5 or higher.	Basic				gamerch	1025	ビームスマッシャー	https://www.aicarddass.com/zenonzard/images/cardlist/cards/white_03_03_00_00.png?v=20201113	magic	マジック	white	白	3	ベーシック	15		Basic					
white_03_03_01_00	white	リファイン	Refine	3	-	-	【メイン】/【フラッシュ】\n自分のフォース全てを1回復する。このターン中、自分のフォースに与えられるダメージを1軽減する。	[Main]/[Flash]\nRestore 1 point to all your Forces. Damage dealt to your Forces is reduced by 1 for the duration of this turn.	AWAKEN				gamerch	1024	リファイン	https://www.aicarddass.com/zenonzard/images/cardlist/cards/white_03_03_01_00.png?v=20201113	magic	マジック	white	白	3	PC:01 AWAKEN	14		C					
white_03_03_02_00	white	ムービングシールド	Moving Shield	3(白1)			【フラッシュ】\n相手のアタックしているミニオンのアタック対象を変更する。自分のフォースが無い場合、代わりに自分はカードを1枚引く。	[Flash]\nChange the target your opponent's minion is attacking. If you have no Forces left, draw one card instead.					seesaa	1026	ムービングシールド	https://www.aicarddass.com/zenonzard/images/cardlist/cards/white_03_03_02_00.png?v=20201113	magic	マジック	white	白	3	PC:02 CONTRACT	11		R					
white_04_01_03_00	white	キャタピレーラー	Computerpillar	4			【自分の夕\nこのミニオンがブロックされるたび、このミニオン\nこBP+200を付与する。	Resurge\n[On Your Turn]\nWhenever this minion's attack is blocked\nthis minion receives +200BP.					ocr	1044	キャタピレーラー	https://www.aicarddass.com/zenonzard/images/cardlist/cards/white_04_01_03_00.png?v=20201113	field_minion	フィールド・ミニオン	white	白	4	PC:03 EVOLVE	8	ハンター	E					
white_04_01_03_02	white	「マキナスの市民」フェイス	Faith - Citizen of Machinas	4			【召唤時】\n次の相手のターン終了時まで、自分のフォースに与えられるダ\nメージを１軽減する。\n【常時】\nこのミニオンがアクティブ状態でければ[加]は付与されな\n【加護時】\n白の加護である場合、加護しているマナを除外して、\n警衛」フェイス」に変形する。	"[When Summoned]\nDamage dealt to your Forces is reduced by 1 until the end\nof your opponent's turn.\n[Passive]\nThis minion cannot receive a {Boost} when not in the\nActive State.\n[When Boosted]\nIf Boosted by a White Mana, banish that mana. This card\nTransforms into Faith - Protector of the Citizens""."					ocr	1042	「マキナスの市民」フェイス	https://www.aicarddass.com/zenonzard/images/cardlist/cards/white_04_01_03_02.png?v=20201113	field_minion	フィールド・ミニオン	white	白	4	PC:03 EVOLVE	8	アンドロイド|ソード	E					
white_04_01_03_03	white	「市民の警衛」フェイス	Faith - Protector of the Citizens	4			【変形時】\n自分のフォース全てを1回復する。白マナ1つをレスト\n状態でべースに置く。\n【常時】\n自分の種族\n「アンドロイド」を持つミニオン全てをBP\n+100する。自分のフォースが1つ以上ある場合、代わ\nりに、自分の種族「アンドロイド」を持つミニオン全\nてをBP+200する。この効果は重複しない。	[When Transformed]\nRestore 1 point to all of your Forces. Place one\nWhite Mana into your base in the Rest State\n[Passive]\nAll your minions belonging to the Android class\ngain + 100BP. If you have one or more Forces\nthey gain +200BP instead. This effect cannot\nstack.					ocr	1043	「市民の警衛」フェイス	https://www.aicarddass.com/zenonzard/images/cardlist/cards/white_04_01_03_03.png?v=20201113	field_minion	フィールド・ミニオン	white	白	4	PC:03 EVOLVE	8	アンドロイド|ソード	E					
white_04_01_04_00	white	剣馬グラニム	The SwordHorse Granim	4			【召喚時】\n自分の種族「BS」を持つ、\n赤または白のミニオン\n全てに[再起を付与する。	Chain: Brave\n[When Summoned]\nAll of your Red Minions and White\nMinions belonging to the BS class receive the {\nResurge} effect.					ocr	1045	剣馬グラニム	https://www.aicarddass.com/zenonzard/images/cardlist/cards/white_04_01_04_00.png?v=20201113	field_minion	フィールド・ミニオン	white	白	4	PC:04 FORBIDDEN	6	BS	R					
white_04_01_05_00	white	D-15 チェンソール	D-15 Chainsaw	4			【召唤時】\n自分は種族「アームズ」と[加護〕を持つマナ1つ\nを、このミ二オンに付与できる。そうした場合、白マナ\n1つをレスト状態でベースに置く。\n【自分のターン】\nこのミニオンに「ライノブレイド」が付与されている\n場合、このミニオンがバトルに勝利するたび、ターン\nに1回、このミニオンをアクティブにする。	"[When Summoned]\nYou can grant the {Boost} effect from a mana\nbelonging to the Arms class to this minion. If you do\nplace one White Mana into your base in the Rest\nState.\n[On Your Turn]\nOnce per turn, if this minion has received a {\nBoost} from ""Bladed Rhinoceros"", it enters the Active\nState when it wins in battle against another minion"					ocr	1048	D-15 チェンソール	https://www.aicarddass.com/zenonzard/images/cardlist/cards/white_04_01_05_00.png?v=20201113	field_minion	フィールド・ミニオン	white	白	4	PC:05 GLORY	2	ソルジャー	C					
white_04_01_05_01	white	ブラック・レオパルド	Black Leopard	4			【アタック時】&【ブロック時】\n自分が「悪のフォース“サイクロプス”」を選んでい\nる場合、自分の種族「ハンター」または「レギオ\nン」を持つミニオン全てにBP+100を付与する。	Resurge\n[When Attacking] & [When Blocking]\nIf you have chosen the Force of Sin -\nCyclops, all your minions belonging to the\nHunter or Legion class receive +100BP.					ocr	1049	ブラック・レオパルド	https://www.aicarddass.com/zenonzard/images/cardlist/cards/white_04_01_05_01.png?v=20201113	field_minion	フィールド・ミニオン	white	白	4	PC:05 GLORY	2	ハンター|レギオン	R					
white_04_01_06_00	white	D-10 ガンウェイブ	D-10 Hydro Gunner	5			【常時】\n自分の[加護]を付与するたび、自分はカドを1\n枚引く。この効果は重複しない。	Chain: Arms\n[Passive]\nWhenever one of your cards receives a {\nBoost}, draw one card. This effect cannot\nstack.					ocr	1080	D-10 ガンウェイブ	https://www.aicarddass.com/zenonzard/images/cardlist/cards/white_04_01_06_00.png?v=20201113	field_minion	フィールド・ミニオン	white	白	5	PC:06 HELIX	1	ソルジャー	C					
white_04_01_06_01	white	「赤の災厄」D-04 レッドアイ	D-04 Red Eye - Crimson Calamity	5			【召喚時】\n自分の種族「アーズ」と[加護]を持つマナがる場合、自分の[加\nが付与ていない種族「」を持つ二才1体に、自\n分の種族「アームズ」と[加]を持つマナ1つを付与できる。\n【アタック時】＆【ブロック時】\nこの二オに「ロートヴス」が付与ている場合、相手の二\nオン1体をレストする。	"Swoop\n[When Summoned]\nYou can grant the {Boost} effect from a mana belonging to\nthe Arms class to a minion belonging to the Soldier class\nthat has not received the {Boost} effect on your field.\n[When Attacking] & [When Blocking]\nIf this minion has received a {Boost} from ""Rothweiss"", put\none of your opponent's minions into the Rest State."					ocr	1081	「赤の災厄」D-04 レッドアイ	https://www.aicarddass.com/zenonzard/images/cardlist/cards/white_04_01_06_01.png?v=20201113	field_minion	フィールド・ミニオン	white	白	5	PC:06 HELIX	1	ソルジャー	L					
white_04_01_06_02	white	傭兵団アルガ	Alga the Mercenary	3			【召喚時】\n自分の手札にある白または緑のベース・ミ二オン\nカード1枚を、レスト状態でベースに置くことができ\nる。その後、置かれたマナの【配置時】効果を発揮\nさせる。	Resurge\n[When Summoned]\nYou can place a White or Green Base\nMinion from your hand into your base in the\nRest State. Then, that card's [When\nPlaced] effect activates.					ocr	1023	傭兵団アルガ	https://www.aicarddass.com/zenonzard/images/cardlist/cards/white_04_01_06_02.png?v=20201113	field_minion	フィールド・ミニオン	white|green	白|緑	3	PC:06 HELIX	1	エルフ|ソルジャー	R					
white_04_01_06_03	white	傭兵団ヘヴィ	Hevy the Mercenary	4			【常時】\n自分のフォース1つ毎に、\nこのミニオンをBP+200\nする。	Pierce\n[Passive]\nFor each one of your Forces, this minion\ngains +200BP.					ocr	1052	傭兵団ヘヴィ	https://www.aicarddass.com/zenonzard/images/cardlist/cards/white_04_01_06_03.png?v=20201113	field_minion	フィールド・ミニオン	white|green	白|緑	4	PC:06 HELIX	1	エルフ|ソルジャー	C					
white_04_01_06_04	white	傭兵団「壊し屋」マルチ	Malch - Mercenary Demolitionist	5			【召喚時】\n自分はデッキの中から白または緑のベース・ミニオン\nカード1枚を、レスト状態でベースに置くことができ\nその後、自分のデッキをシャッフルする。\n【常時】\n自分のデッキまたは手札から白または緑のミニオン\nカードであるマナが置かれるたぴ、ターンに1回、相手\nのミニオン1体を除外する。	[When Summoned]\nYou can search your deck for one White or Green Base Minion and\nplace it into your base in the Rest\nState. Then, shuffle your deck.\n[Passive]\nWhenever a White or Green Mana is placed into\nyour base from your hand or your deck, banish one\nof your opponent's minions. This effect can only\nbe activated once per turn.					ocr	1083	傭兵団「壊し屋」マルチ	https://www.aicarddass.com/zenonzard/images/cardlist/cards/white_04_01_06_04.png?v=20201113	field_minion	フィールド・ミニオン	white|green	白|緑	5	PC:06 HELIX	1	エルフ|ソルジャー	L					
white_04_01_EX04_00	white	仮面ライダーゼロワン フレイミングタイガー	NEMS - Claw	4			【自分のターン】\nこのミニオンがダメージを与えるたび、種族「仮\n面」を持つ白のミ二オンに変身できる。\n【自分のター\n自分の種族「仮面」を持つミニオンがバトルに勝利\nするたぴ、相手のプレイヤーに1ダメージを与え	[On Your Turn]\nWhenever this minion deals damage, it can\nMorph into a White Minion belonging to the Mask\nclass.\n[On Your Turn]\nWhenever one of your minions belonging to the\nMask class wins a battle against another minion\ndeal 1 damage to your opponent's Life.					ocr	1046	仮面ライダーゼロワン フレイミングタイガー	https://www.aicarddass.com/zenonzard/images/cardlist/cards/white_04_01_EX04_00.png?v=20201113	field_minion	フィールド・ミニオン	white	白	4	EX:04 KAMEN RIDER	4	仮面	C					
white_04_01_EX04c_00	white	NEMS クロウ		4			【自分の夕\nこのミニオンがダメージを与えるたび、種族「仮\n面」を持つ白のミ二オンに変身できる。\n【自分の夕\n自分の種族「仮面」を持つミニオンがバトルに勝利\nするたぴ、相手のプレイヤーに1ダメージを与え						ocr	1047	NEMS クロウ	https://www.aicarddass.com/zenonzard/images/cardlist/cards/white_04_01_EX04c_00.png?v=20201113	field_minion	フィールド・ミニオン	white	白	4	EX:04 HEROIC_MASQUERADE	3	仮面	C					
white_04_02_01_00	white	D-13 ホーリークエイド	D-13 Holy Quayd	4	400	1	［再起］\n【相手のターン】\n自分のミニオン全てをBP+200する。この効果は重複しない。	Resurge\n[On Your Opponent's Turn]\nAll your minions gain +200BP. This\neffect cannot stack.	AWAKEN				gamerch	1035	D-13 ホーリークエイド	https://www.aicarddass.com/zenonzard/images/cardlist/cards/white_04_02_01_00.png?v=20201113	field_minion	フィールド・ミニオン	white	白	4	PC:01 AWAKEN	14	ソルジャー	R					
white_04_02_01_01	white	三ヵ国連合参謀長ダイスラー	Alliance Chief Officer Deizler	3			【相手のターン】\n相手のコスト5以下のミニオンは、自分のフォースにアタックできない。	[On Your Opponent's Turn]\nYour opponent's minions with a cost of 6\nor lower cannot attack your Forces.					seesaa	1004	三ヵ国連合参謀長ダイスラー	https://www.aicarddass.com/zenonzard/images/cardlist/cards/white_04_02_01_01.png?v=20201113	field_minion	フィールド・ミニオン	white	白	3	PC:01 AWAKEN	14	アンドロイド	L					
white_04_02_01r_00	white	R-A6 フォーゲルバイン	R-A6 Vogelbein	4	500	1	【アタック時】\n相手は必ずブロックする。	[When Attacking]\nYour opponent must block.					seesaa	1036	R-A6 フォーゲルバイン	https://www.aicarddass.com/zenonzard/images/cardlist/cards/white_04_02_01r_00.png?v=20201113	field_minion	フィールド・ミニオン	white	白	4	PC:01R BEYOND	12	ソルジャー	R					
white_04_02_02_00	white	殲滅試験型ロイド・アポステル	Exterminator Apostel Android	4(白2)	400	1	【相手のターン】\nこのミニオンは相手の効果で選択できない。\n【常時】\n自分の白のミニオンがバトルに勝利するたび、このミニオンにBP+100/DP+1を付与する。	[On Your Opponent's Turn]\nThis minion cannot be selected as\ntarget for your opponent's card effects\n[Passive]\nWhenever one of your White Minions\nwins a battle against another minion, this\nminion receives +100BP/+1DP.					seesaa	1037	殲滅試験型ロイド・アポステル	https://www.aicarddass.com/zenonzard/images/cardlist/cards/white_04_02_02_00.png?v=20201113	field_minion	フィールド・ミニオン	white	白	4	PC:02 CONTRACT	11	アンドロイド	L					
white_04_02_02_01	white	R-A4 ヴォーギン	R-A4 Vogin	4(白1)	500	2	効果なし						seesaa	1038	R-A4 ヴォーギン	https://www.aicarddass.com/zenonzard/images/cardlist/cards/white_04_02_02_01.png?v=20201113	field_minion	フィールド・ミニオン	white	白	4	PC:02 CONTRACT	11	ソルジャー	C					
white_04_02_02r_00	white	アンジュ・アームズ	Anju of Artillery	4			【常時】\nこのミ二オンには条件を無視して[加護〕を付与させることがで\nきる。\n【常時】\nこのミニオンがバトルに勝利するたび、バトルした相手のミニオ\nンをゲームから除外する。\n【加時】\n白以外の有色の加護である場合、加護しているマナを除外して\nその色に応じた姿に大変身する。	[Passive]\nThis minion can receive the {Boost} effect while ignoring\nany required conditions.\n[Passive]\nWhenever this minion wins a battle against another minion\nbanish that minion from the game.\n[When Boosted]\nIf Boosted by a Color Mana that is not White, banish that\nmana. This card will Metamorphose according to that color					ocr	1039	アンジュ・アームズ	https://www.aicarddass.com/zenonzard/images/cardlist/cards/white_04_02_02r_00.png?v=20201113	field_minion	フィールド・ミニオン	white	白	4	PC:02R DIVINE	10	デミゴッド	L					
white_04_02_02r_01	white	シュツルム・ファルケ	Schuz Ram Falque	4			【相手の夕\n自分のフォースが相手のミニオンにアタックされる\nたぴ、このミニオンをアクティブにする。	[On Your Opponent's Turn]\nWhenever one of your Forces is attacked\nby one of your opponent's minions, this\nminion enters the Active State.					ocr	1040	シュツルム・ファルケ	https://www.aicarddass.com/zenonzard/images/cardlist/cards/white_04_02_02r_01.png?v=20201113	field_minion	フィールド・ミニオン	white	白	4	PC:02R DIVINE	10	ウイング	C					
white_04_02_02r_02	white	白機竜リングヘッド	Halo - The Mechanical Dragon	4			【アタック時】\nこのミニオンがダメージを与えるたび、このミニオ\nンにBP+200を付与する。	[When Attacking]\nWhenever this minion deals damage, this\nminion receives +200BP.					ocr	1041	白機竜リングヘッド	https://www.aicarddass.com/zenonzard/images/cardlist/cards/white_04_02_02r_02.png?v=20201113	field_minion	フィールド・ミニオン	white	白	4	PC:02R DIVINE	10	ドラゴン	R					
white_04_02_04_00	white	チームアーマー	Team Armor	4			【メイン】ノ【フラッシュ】\nこのターン中、自分のミニオン全てに「このミニオ\nンは相手の効果で選択できず、相手の効果で破壊さ\nれない。」を与える。	[Main] / [Flash]\nAll your minions receive the following\neffect for the duration of this turn:\nThis minion cannot be selected as target for your opponent's card effects and cannot be destroyed by your opponent's card effects.					ocr	1057	チームアーマー	https://www.aicarddass.com/zenonzard/images/cardlist/cards/white_04_02_04_00.png?v=20201113	magic	マジック	white	白	4	PC:04 FORBIDDEN	6		C					
white_04_02_04_01	white	ロイドの第3魔法：バニッシュ	Andrew's Spells, Entry 3: Vanish	4			【メイン】\n相手のコストX以下のミニオン1体を破壊する。X\nは最もライフが多い自分のフォースのライフと同じ\nとする。その後、このカードを除外する。\nＥＰＩＣ	This card is part of the Arcana class. [Main]\nDestroy one of your opponent's minions with a cost of X or lower, where X is the number of points your Force with\nthe highest point value has. Then, banish this card.					ocr	1058	ロイドの第3魔法：バニッシュ	https://www.aicarddass.com/zenonzard/images/cardlist/cards/white_04_02_04_01.png?v=20201113	magic	マジック	white	白	4	PC:04 FORBIDDEN	6		E					
white_04_02_04_02	white	サイレントウォール	Silent Wall	4			【フラッシュ】\nこのターン中、相手のミニオン全てはアタックでき\nない。	[Flash]\nNone of your opponent's minions can attack for the duration of this turn.					ocr	1059	サイレントウォール	https://www.aicarddass.com/zenonzard/images/cardlist/cards/white_04_02_04_02.png?v=20201113	magic	マジック	white	白	4	PC:04 FORBIDDEN	6		C					
white_04_02_05_00	white	インターセプト	Intercept	4			【メインノ【フラッシュ】\nこのターン中、自分のミニオン全てをBP+200す\nる。相手のターンである場合、さらに、そのミニオ\nン全てをアクティブにする。	This card's White Mana cost can be paid\nusing mana belonging to the Legion class\n[Main]/[Flash]\nAll your minions gain +200BP for the duration of this turn. If it is your opponent's turn, they also enter the Active State.					ocr	1062	インターセプト	https://www.aicarddass.com/zenonzard/images/cardlist/cards/white_04_02_05_00.png?v=20201113	magic	マジック	white	白	4	PC:05 GLORY	2		R					
white_04_02_05_01	white	フルアーマー Lv2	Max Power Armor Lv.2	4			【メイン】\nこのターン中、自分の種族「ソルジャー」を持つミ\nニオン全てをBP+300し、「このミニオンがバト\nルに勝利するたび、このミニオンをアクティブにす\nる。」を与える。その後、このカードを除外する。\nＬEGEND	[Main] ‘\nBanish this card after it is used. All your minions belonging to the Soldier class gain +300BP and the following effect for the duration of this turn:\nWhenever this minion wins a battle against another minion, this minion returns to the Active State.					ocr	1063	フルアーマー Lv2	https://www.aicarddass.com/zenonzard/images/cardlist/cards/white_04_02_05_01.png?v=20201113	magic	マジック	white	白	4	PC:05 GLORY	2		L					
white_04_02_06_00	white	バリア装置	Barrier Device	3			【フラッシュ】\nこのターン中、自分のプレイヤーか自分のフォース\nに与えられるダメージを１軽減する。	[Flash]\nDamage dealt to your Life and Forces is\nreduced by 1 for the duration of this turn.					ocr	1034	バリア装置	https://www.aicarddass.com/zenonzard/images/cardlist/cards/white_04_02_06_00.png?v=20201113	magic	マジック	white|green	白|緑	3	PC:06 HELIX	1		C					
white_04_02_EX04_00	white	ブレイキングインパクト	Full Breaker	4			【メイン】ノ【フラッシュ】\nこのターン中、自分の種族「仮面」を持つミ二オン\n1体をBP+500/DP+1し、「このミニオンがバト\nルに勝利するたび、このミニオンをアクティブにす\nる。」を与える。	[Main]/[Flash] Select one of your minions belonging to the Mask class. For the duration of this turn, that minion gains\n+500BP/+1DP and the following effect:\nWhenever this minion wins a battle against another minion, this minion returns to the Active State.					ocr	1060	ブレイキングインパクト	https://www.aicarddass.com/zenonzard/images/cardlist/cards/white_04_02_EX04_00.png?v=20201113	magic	マジック	white	白	4	EX:04 KAMEN RIDER	4		C					
white_04_02_EX04c_00	white	フルブレイカー		4			（メイン】ノ【フラッシュ】\nこのターン中、自分の種族「仮面」を持つミ二オン\n1体をBP+500/DP+1し、「このミニオンがバト\nルに勝利するたび、このミニオンをアクティブにす\nる。」を与える。						ocr	1061	フルブレイカー	https://www.aicarddass.com/zenonzard/images/cardlist/cards/white_04_02_EX04c_00.png?v=20201113	magic	マジック	white	白	4	EX:04 HEROIC_MASQUERADE	3		C					
white_04_03_01r_00	white	ディメンジョナルクラック	Dimensional Break	4			【メイン】\n自分のミニオン全てにBP+100を付与する。このターン中、自分のミニオンがバトルに勝利するたび、相手のプレイヤーに1ダメージを与える。	[Main]\nAll your minions receive +100BP. For the duration of this turn, you receive the following effect:\nWhenever one of your minions wins battle against another minion, deal 1 damage to your opponent's Life.	BEYOND				gamerch	1055	ディメンジョナルクラック	https://www.aicarddass.com/zenonzard/images/cardlist/cards/white_04_03_01r_00.png?v=20201113	magic	マジック	white	白	4	PC:01R BEYOND	12		C					
white_04_03_02_00	white	オプションパーツ	Optional Parts	4(白1)			【メイン】\n自分の白のミニオン全てにBP+200を付与する。	[Main] rs.All your White Minions gain +200BP.\npH					seesaa	1056	オプションパーツ	https://www.aicarddass.com/zenonzard/images/cardlist/cards/white_04_03_02_00.png?v=20201113	magic	マジック	white	白	4	PC:02 CONTRACT	11		C					
white_05_00_06_00	white	ロートヴァイス	Rothweiss	4			《付与能力》\n【常時】\nお互いの種族「ルジー」を持ないミニオン全\nてはスタンバイフェイズ以外でアクティブにならな\n《付与能力》\n【破壊時】\nこのカードをフィールドに出す。\nR ＡR E	Boost: Soldier\n<Boost Ability> [Passive|\nMinions cannot enter the Active State\noutside of the Standby Phase unless they\nbelong to the Soldier class.\n<Boost Ability> [When Destroyed|\nThis card enters your field.					ocr	1065	ロートヴァイス	https://www.aicarddass.com/zenonzard/images/cardlist/cards/white_05_00_06_00.png?v=20201113	base_minion	ベース・ミニオン	white	白	4	PC:06 HELIX	1	アームズ	R					
white_05_01_03_00	white	ホワイトファルコン	White Falcon	5			飛来	Swoop					ocr	1070	ホワイトファルコン	https://www.aicarddass.com/zenonzard/images/cardlist/cards/white_05_01_03_00.png?v=20201113	field_minion	フィールド・ミニオン	white	白	5	PC:03 EVOLVE	8	ウイング	C					
white_05_01_03_01	white	「マキナスの機人侍」シュナイデン	Schniden - Cyborg Samurai of Machinas	5			【自分の夕\n自分の種族「アンドロイド」または「アルカナ」を\n持つミニオンがアタックするたぴ、このバトル中、\n相手のプレイヤーに「このプレイヤーはマジック\nカードを使用できない。」を与える。	Resurge\n[On Your Turn]\nWhenever one of your minions belonging\nto the Android or Arcana class attacks\nyour opponent receives the following effect\nfor the duration of the battle\nYou cannot activate Magic cards.					ocr	1071	「マキナスの機人侍」シュナイデン	https://www.aicarddass.com/zenonzard/images/cardlist/cards/white_05_01_03_01.png?v=20201113	field_minion	フィールド・ミニオン	white	白	5	PC:03 EVOLVE	8	アンドロイド|ソード	L					
white_05_01_04_00	white	天王神獣スレイ・ウラノス	The UranusSacredBeast Slei-Uranus	5			【常時】\nこのミニオンに「コア」が付与されている場合、こ\nのミニオンは相手の効果でレストせず、相手の効果\nで手札に戻らない。\n【アタック時】\n相手のレスト状態であるミニオン1体を手札に戻	[Passive]\nIf this minion has received a Core, it cannot\nbe put into the Rest State by your\nopponent's card effects, and it cannot be sent back to\nthe hand by your opponent's card effects.\n[When Attacking]\nReturn one of your opponent's minions that\nis in the Rest State to their hand.					ocr	1074	天王神獣スレイ・ウラノス	https://www.aicarddass.com/zenonzard/images/cardlist/cards/white_05_01_04_00.png?v=20201113	field_minion	フィールド・ミニオン	white	白	5	PC:04 FORBIDDEN	6	BS	E					
white_05_01_04_03	white	マキナスの傭兵	Mercenary of Machinas	5			【召喚時】\n自分のフォース1つを2回復する。\n【常時】\n自分のフォース1つ毎に、このミニオンをBP+200\nする。	[When Summoned]\nRestore 2 points to one of your Forces.\n[Passive]\nFor each one of your Forces, this minion\ngains +200BP.					ocr	1072	マキナスの傭兵	https://www.aicarddass.com/zenonzard/images/cardlist/cards/white_05_01_04_03.png?v=20201113	field_minion	フィールド・ミニオン	white	白	5	PC:04 FORBIDDEN	6	アンドロイド	R					
white_05_01_04_04	white	ワルキューレ・ミスト	The Valkyrie-Mist	5			【常時】\nこのミニオンに「コア」が付与されている場合、こ\nのミニオンは相手の効果で選択できない。\n【ブロック時】\n相手のミニオン1体をレストする。\nE PⅠC	[Passive]\nIf this minion has received a Core, it\ncannot be targeted by your opponent's card\neffects.\n[When Blocking]\nPut one of your opponent's minions in\nthe Rest State.					ocr	1073	ワルキューレ・ミスト	https://www.aicarddass.com/zenonzard/images/cardlist/cards/white_05_01_04_04.png?v=20201113	field_minion	フィールド・ミニオン	white	白	5	PC:04 FORBIDDEN	6	BS	E					
white_05_01_05_00	white	D-11 ダークガンナー	D-11 Dark Gunner	5			【召喚時】\n自分は種族「アームズ」と[加護]を持つマナ1つ\nを、このミ二オンに付与できる。そうした場合、白マナ\n１つをレスト状態でベースに置く。\n【アタック時】\nこのミニオンに「キャノンバード」が付与されている\n場合、相手のミ二オン全てにBP-200を付与する。	"[When Summoned]\nYou can grant the {Boost} effect from a mana\nbelonging to the Arms class to this minion. If you do\nplace one White Mana into your base in the Rest\nState.\n[When Attacking]\nIf this minion has received a {Boost} from ""Armed\nAvian"", deal -200BP to all your opponent's\nminions."					ocr	1079	D-11 ダークガンナー	https://www.aicarddass.com/zenonzard/images/cardlist/cards/white_05_01_05_00.png?v=20201113	field_minion	フィールド・ミニオン	white	白	5	PC:05 GLORY	2	ソルジャー	E					
white_05_01_06_00	white	D-16 シールドウォール	D-16 Phalanx	4			【召喚時】\n自分は種族「アームズ」と[加護を持つマナ1つ\nを、このミ二オンに付与できる。そうした場合、白\nマナ1つをレスト状態でベースに置く。	Resurge\n[When Summoned]\nYou can grant the {Boost} effect from\nmana belonging to the Arms class to this\nminion. If you do, place one White Mana into\nyour base in the Rest State.					ocr	1050	D-16 シールドウォール	https://www.aicarddass.com/zenonzard/images/cardlist/cards/white_05_01_06_00.png?v=20201113	field_minion	フィールド・ミニオン	white	白	4	PC:06 HELIX	1	ソルジャー	C					
white_05_01_06_01	white	D-12 ライフルグレイ	D-12 Gunmetal Grey	4			【召喚時】＆【加護時】\n相手のアクティブ状態であるミニオン1体を選択でき\nる。そうした場合、このタ一ン中、そのミ二オンは必\nずブロックする。\n【常時】\n自分の種族「ソルジャー」を持つミニオンがバトルに\n勝利するたび、バトルした相手のミニオンをゲームか\nら除外する。	[When Summoned] & [When Boosted]\nYou can choose one of your opponent's\nminions in the Active State. If you do, that minion must\nblock during this turn.\n[Passive]\nWhenever one of your minions belonging to the\nSoldier class wins a battle against another\nminion, banish the losing minion from the game					ocr	1051	D-12 ライフルグレイ	https://www.aicarddass.com/zenonzard/images/cardlist/cards/white_05_01_06_01.png?v=20201113	field_minion	フィールド・ミニオン	white	白	4	PC:06 HELIX	1	ソルジャー	E					
white_05_01_06_02	white	傭兵団「暴れ馬」ジョッキー	Jacky - Mercenary Rampager	4			【自分のターン】\n自分の白のミニオンがアタックするたび、相手のア\nクティブ状態であるミニオン1体を選択できる。こ\nのバトル中、そのミニオンは必ずブロックする。\n【自分のターン】\n自分の緑のミ二オン全てに[貫通]を与える。	[On Your Turn]\nWhenever one of your White Minions\nattacks, you can select one of your opponent's\nminions that is in the Active State. That minion\nmust block during that battle.\n[On Your Turn]\nAll your Green Minions gain the {Pierce}\neffect.					ocr	1054	傭兵団「暴れ馬」ジョッキー	https://www.aicarddass.com/zenonzard/images/cardlist/cards/white_05_01_06_02.png?v=20201113	field_minion	フィールド・ミニオン	white|green	白|緑	4	PC:06 HELIX	1	エルフ|ソルジャー	E					
white_05_01_EX04_00	white	仮面ライダーゼロワン シャイニングホッパー	NEMS - Shield	5			【自分の夕\nこのミニオンがダメージを与えるたび、種族「仮\n面」を持つ白のミ二オンに変身できる。\n【変身時】\nこのミニオンをアクティブにする。\n(アタック時】\n相手は必ずブロックする。	[On Your Turn]\nWhenever this minion deals damage, it can\nMorph into a White Minion belonging to the Mask\nclass.\n[When Morphed]\nThis minion enters the Active State.\n[When Attacking]\nYour opponent must block.					ocr	1075	仮面ライダーゼロワン シャイニングホッパー	https://www.aicarddass.com/zenonzard/images/cardlist/cards/white_05_01_EX04_00.png?v=20201113	field_minion	フィールド・ミニオン	white	白	5	EX:04 KAMEN RIDER	4	仮面	C					
white_05_01_EX04_01	white	仮面ライダーゼロワン フリージングベアー	NEMS - Cannon	5			【自分のターン\nこのミニオンがダメージを与えるたび、種族「仮\n面」を持つ白のミ二オンに変身できる。\n【召喚時】&【変身時】\n次の相手のターン終了時まで、相手のプレイヤーに\n「自分のミニオン全てと自分のマナ全ては移動でき\nない。」を与える。	[On Your Turn]\nWhenever this minion deals damage, it can\nMorph into a White Minion belonging to the\nMask class.\n[When Summoned] & [When Morphed]\nYour opponent receives the following effect\nuntil the end of their turn\nYou cannot move your minions or mana.					ocr	1076	仮面ライダーゼロワン フリージングベアー	https://www.aicarddass.com/zenonzard/images/cardlist/cards/white_05_01_EX04_01.png?v=20201113	field_minion	フィールド・ミニオン	white	白	5	EX:04 KAMEN RIDER	4	仮面	C					
white_05_01_EX04c_00	white	NEMS シールド		5			【自分の夕\nこのミニオンがダメージを与えるたび、\n種族「仮\n面」を持つ白のミ二オンに変身できる。\n【変身時】\nこのミニオンをアクティブにする。\n【アタック時】\n相手は必ずブロックする。						ocr	1077	NEMS シールド	https://www.aicarddass.com/zenonzard/images/cardlist/cards/white_05_01_EX04c_00.png?v=20201113	field_minion	フィールド・ミニオン	white	白	5	EX:04 HEROIC_MASQUERADE	3	仮面	C					
white_05_01_EX04c_01	white	NEMS キャノン		5			【自分のターン】\nこのミニオンがダメージを与えるたび、種族「仮\n面」を持つ白のミ二オンに変身できる。\n【召喚時】&【変身時】\n次の相手のターン終了時まで、相手のプレイヤーに\n「自分のミニオン全てと自分のマナ全ては移動でき\nない。」を与える。						ocr	1078	NEMS キャノン	https://www.aicarddass.com/zenonzard/images/cardlist/cards/white_05_01_EX04c_01.png?v=20201113	field_minion	フィールド・ミニオン	white	白	5	EX:04 HEROIC_MASQUERADE	3	仮面	C					
white_05_02_00_00	white	指揮型ロイド・ゲルト（ドームシールド装備Ver.）	Commanding Gelt Android	5	500	2	【召喚時】\n相手のミニオン1体を選択する。そのミニオンをアクティブにして、このターン中、そのミニオンは必ずブロックする。	[When Summoned]\nSelect one of your opponent's minions.\nThat minion will be put in the Active State\nand must block during this turn.	Basic				gamerch	1067	指揮型ロイド・ゲルト（ドームシールド装備Ver.）	https://www.aicarddass.com/zenonzard/images/cardlist/cards/white_05_02_00_00.png?v=20201113	field_minion	フィールド・ミニオン	white	白	5	ベーシック	15	アンドロイド	Basic					
white_05_02_01_00	white	キルジャガード	Killer Jackuar	5	500	2	【常時】\nこのミニオンがバトルに勝利するたび、自分はカードを1枚引く。	[Passive]\nWhenever this minion wins a battle\nagainst another minion, draw one card.	AWAKEN				gamerch	1066	キルジャガード	https://www.aicarddass.com/zenonzard/images/cardlist/cards/white_05_02_01_00.png?v=20201113	field_minion	フィールド・ミニオン	white	白	5	PC:01 AWAKEN	14	ハンター	C					
white_05_02_02_00	white	狙撃型ロイド・イワン	Sniper Ewan Android	5(白2)	500	2	再起\n【加護時】\nこのミニオンに「【アタック時】相手は必ずブロックする。」を付与する。	Resurge\n[When Boosted]\nThis minion gains the following ability\n[When Attacking] Your opponent must\nblock.					seesaa	1068	狙撃型ロイド・イワン	https://www.aicarddass.com/zenonzard/images/cardlist/cards/white_05_02_02_00.png?v=20201113	field_minion	フィールド・ミニオン	white	白	5	PC:02 CONTRACT	11	アンドロイド	R					
white_05_02_02r_00	white	「氷原の竜騎士」ジョリー	Jolie - The Dreadfrosts Rider	5			【自分の夕\n自分の種族「ドラゴン」を持つ白のミニオン全て\nは、相手の効果で選択できない。	[On Your Turn]\nNone of your White Minions belonging to\nthe Dragon class can be selected as\ntarget for your opponent's card effects.					ocr	1069	「氷原の竜騎士」ジョリー	https://www.aicarddass.com/zenonzard/images/cardlist/cards/white_05_02_02r_00.png?v=20201113	field_minion	フィールド・ミニオン	white	白	5	PC:02R DIVINE	10	ヒューマノイド	L					
white_05_02_06_00	white	カウンター・アタック	Counterattack	2			【メイン】ノ【フラッシュ】\n自分の種族「アームズ」と[加護]を持つマナがあ\nる場合、自分の[加護】が付与されていない種族\n「ソルジャー」を持つミニオン1体に、自分の種族\n「アームズ」と[加護]を持つマナ1つを付与でき\nる。相手のタ一ンである場合、自分の[加護]が付与\nされているミニオン全てをアクティブにする。	[Main]/[Flash]\nYou can grant the {Boost} effect from mana belonging to the Arms class to a minion belonging to the Soldier class on your field.\nIf it is your opponent's turn, all of your minions that have received a {Boost} effect also enter the Active State.					ocr	1003	カウンター・アタック	https://www.aicarddass.com/zenonzard/images/cardlist/cards/white_05_02_06_00.png?v=20201113	magic	マジック	white	白	2	PC:06 HELIX	1		R					
white_05_03_01_00	white	サテライトビーム	Death from Orbit	5	-	-	【メイン】\n相手のコスト3以下のミニオン全てを破壊する。	[Main]\nDestroy all your opponent's minions with a cost of 3 or lower.	AWAKEN				gamerch	1084	サテライトビーム	https://www.aicarddass.com/zenonzard/images/cardlist/cards/white_05_03_01_00.png?v=20201113	magic	マジック	white	白	5	PC:01 AWAKEN	14		R					
white_05_03_02r_00	white	オートメイカー	Automated Assembly	5			【メイン】\n自分はカードを3枚引く。その後、自分の手札X枚\nを破棄する。Xは自分の破壊されたフォースの数と\n同じとする。	[Main]\nDraw three cards. Then, discard X cards\nfrom your hand, where X is the number of your Forces that have been destroyed.					ocr	1085	オートメイカー	https://www.aicarddass.com/zenonzard/images/cardlist/cards/white_05_03_02r_00.png?v=20201113	magic	マジック	white	白	5	PC:02R DIVINE	10		R					
white_06_01_03_00	white	R-C3	R-C3	6			相手のミニオンは自分のフォースにアタックできな	[On Your Opponent's Turn]\nYour opponent's minions cannot attack\nyour Forces.					ocr	1095	R-C3	https://www.aicarddass.com/zenonzard/images/cardlist/cards/white_06_01_03_00.png?v=20201113	field_minion	フィールド・ミニオン	white	白	6	PC:03 EVOLVE	8	ソルジャー	C					
white_06_01_03_02	white	マキナスの修行僧	Monk of Machinas	6			贯通\n相手は必ずブロックする。	Pierce\n[When Attacking]\nYour opponent must block.					ocr	1094	マキナスの修行僧	https://www.aicarddass.com/zenonzard/images/cardlist/cards/white_06_01_03_02.png?v=20201113	field_minion	フィールド・ミニオン	white	白	6	PC:03 EVOLVE	8	アンドロイド	R					
white_06_01_04_00	white	「秘法の機婦人」オードリー	Audri - The Concealed Mech	6			【召喚時】\n自分の種族「エヴォーカ-」を持つ白マナが2つ以\n上ある場合、自分のフォス1つ毎に自分はカード\nを１枚引く。\n【常時】\n自分の白または無色のミニオン全てをBP+100し\nて[再起]を与える。	[When Summoned]\nIf you have two or more White Mana\nbelonging to the Evoker class in your base, draw\none card for each of your Forces.\n[Passive]\nAll of your White Minions and Neutral\nMinions gain + 100BP and the {Resurge} effect					ocr	1096	「秘法の機婦人」オードリー	https://www.aicarddass.com/zenonzard/images/cardlist/cards/white_06_01_04_00.png?v=20201113	field_minion	フィールド・ミニオン	white	白	6	PC:04 FORBIDDEN	6	アンドロイド	L					
white_06_01_04_01	white	鉄騎皇イグドラシル	The IronKnight Yggdrasill	6			【召喚時】\n相手のBP300以下のミ二オン全てを手札に戻す。\n【相手の夕-\nこのミニオンに「コア」が付与されている場合、自\n分の種族「BS」を持つミニオン全ては相手の効果\nで破壊されない。	[When Summoned]\nReturn all your opponent's minions with\n300BP or lower to their hand.\n[On Your Opponent's Turn]\nIf this minion has received a Core, none of\nyour minions belonging to the BS class can\nbe destroyed by your opponent's card effects					ocr	1097	鉄騎皇イグドラシル	https://www.aicarddass.com/zenonzard/images/cardlist/cards/white_06_01_04_01.png?v=20201113	field_minion	フィールド・ミニオン	white	白	6	PC:04 FORBIDDEN	6	BS|ソルジャー	L					
white_06_01_04_02	white	月光龍ストライク・ジークヴルム	The MoonlightDragon Strike-Siegwurm	6			【相手の夕\n相手のミニオンがアタックするたび、このミニオン\nをアクティブにする。\n【加護時】\n相手の無色のミ二オン1体を手札に戻す。\nEPIＣ	Cost Reduction: White\n[On Your Opponent's Turn]\nWhenever one of your opponent's minions\nattacks, this minion enters the Active State\n[When Boosted]\nReturn one of your opponent's Neutral\nMinions to their hand.					ocr	1098	月光龍ストライク・ジークヴルム	https://www.aicarddass.com/zenonzard/images/cardlist/cards/white_06_01_04_02.png?v=20201113	field_minion	フィールド・ミニオン	white	白	6	PC:04 FORBIDDEN	6	BS|ドラゴン	E					
white_06_01_05_00	white	「青き流星」D-02 ブルーシル	D-02 Ryusei - The Blue Meteor	6			【召唤時】\n自分はデッキの中から種族「アズ」と[加護]を持つベス・ミニ\nオンカード1枚を選択できる。そうした場合、そのカードをこのミ二オ\nンに付与する。その後、自分のデッキをシッフルする。\n【常時】\nこの二オは[加2つまで付与ことできる。\n【自分のターン】\n自分の[加]が付与さている、種族「ソー」を持つミ二オン\n全てに[襲撃]と[通を与る。	[When Summoned]\nYou can search your deck for one Base Minion belonging\nto the Arms class with the {Boost} effect. If you do, grant\nthat minion's {Boost} effect to this minion. Then, shuffle your\ndeck.\n[Passive]\nThis minion can receive the {Boost} effect up to two times.\n{On Your Turn]\nAll your minions belonging to the Soldier class that have\nreceived a {Boost} gain the {Charge} and {Pierce} effect.					ocr	1101	「青き流星」D-02 ブルーシル	https://www.aicarddass.com/zenonzard/images/cardlist/cards/white_06_01_05_00.png?v=20201113	field_minion	フィールド・ミニオン	white	白	6	PC:05 GLORY	2	ソルジャー	L					
white_06_01_06_00	white	アイヒヘルーネ	Eichherne	5				Chain: Green						1082	アイヒヘルーネ	https://www.aicarddass.com/zenonzard/images/cardlist/cards/white_06_01_06_00.png?v=20201113	field_minion	フィールド・ミニオン	white	白	5	PC:06 HELIX	1	ハンター	C					
white_06_01_EX04_00	white	仮面ライダーゼロワン シャイニングアサルトホッパー	NEMS - Burst Mode	6			【自分のターン】\nこのミニオンがダメージを与えるたび、種族「仮面」を持つ白の\nミニオンに変身できる。\n【召唤時】&【変身時】\nこのミニオンをアクティブにする。その後、相手のミニオン1体を\n選択する。そのミニオンをアクティブにして、このターン中、そ\nのミニオンは必ずブロックする。\n【自分のターン】\nこの二オンは相の効果で破壊さい	[On Your Turn]\nWhenever this minion deals damage, it can Morph into\nWhite Minion belonging to the Mask class.\n[When Summoned] & [When Morphed]\nThis minion enters the Active State. Then, select one of\nyour opponent's minions to enter the Active State. That\nminion must block during this turn.\n[On Your Turn]\nThis minion cannot be destroyed by your opponent's card\neffects.					ocr	1099	仮面ライダーゼロワン シャイニングアサルトホッパー	https://www.aicarddass.com/zenonzard/images/cardlist/cards/white_06_01_EX04_00.png?v=20201113	field_minion	フィールド・ミニオン	white	白	6	EX:04 KAMEN RIDER	4	仮面	E					
white_06_01_EX04c_00	white	NEMS フルバースト		6			【自分のターン]\nこのミニオンがダメージを与えるたぴ、種族「仮面」を持つ白の\nミニオンに変身できる。\n【召唤時】&【変身時】\nこのミニオンをアクティブにする。その後、相手のミニオン1体を\n選択する。そのミニオンをアクティブにして、このターン中、そ\nのミニオンは必ずブロックする。\n【自分のターン】\nこの二オは相手の効果で破壊さい						ocr	1100	NEMS フルバースト	https://www.aicarddass.com/zenonzard/images/cardlist/cards/white_06_01_EX04c_00.png?v=20201113	field_minion	フィールド・ミニオン	white	白	6	EX:04 HEROIC_MASQUERADE	3	仮面	E					
white_06_02_00_00	white	R-A3 ランドザイム	R-A3 Crusher	6	700	2	［再起］	Resurge	Basic				gamerch	1089	R-A3 ランドザイム	https://www.aicarddass.com/zenonzard/images/cardlist/cards/white_06_02_00_00.png?v=20201113	field_minion	フィールド・ミニオン	white	白	6	ベーシック	15	ソルジャー	Basic					
white_06_02_01_00	white	ブラックジャガード	Black Jackuar	6	700	2	【自分のターン】\nこのミニオンがバトルに勝利するたび、このミニオンをアクティブにする。	[On Your Turn]\nWhenever this minion wins a battle\nagainst another minion, this minion returns to\nthe Active State.	AWAKEN				gamerch	1087	ブラックジャガード	https://www.aicarddass.com/zenonzard/images/cardlist/cards/white_06_02_01_00.png?v=20201113	field_minion	フィールド・ミニオン	white	白	6	PC:01 AWAKEN	14	ハンター	R					
white_06_02_01_01	white	戦闘型ロイド・ベルダ Mk4（双剣装備Ver.）	Combat Verda MK4 Android	6	700	2	【常時】\n自分のフォース1つ毎に、このミニオンをBP+100/DP+1する。	[Passive]\nFor each one of your Forces, this minion\ngains + 100BP/+1DP.	AWAKEN				gamerch	1088	戦闘型ロイド・ベルダ Mk4（双剣装備Ver.）	https://www.aicarddass.com/zenonzard/images/cardlist/cards/white_06_02_01_01.png?v=20201113	field_minion	フィールド・ミニオン	white	白	6	PC:01 AWAKEN	14	アンドロイド	E					
white_06_02_01_02	white	D-08 アックスバイター	D-08 Axebiter	6	600	3	【常時】\n自分のミニオンがバトルに勝利するたび、このミニオンにBP+100を付与する。	[Passive]\nWhenever one of your minions wins\nbattle against another minion, this minion\nreceives +100BP.	AWAKEN				gamerch	1086	D-08 アックスバイター	https://www.aicarddass.com/zenonzard/images/cardlist/cards/white_06_02_01_02.png?v=20201113	field_minion	フィールド・ミニオン	white	白	6	PC:01 AWAKEN	14	ソルジャー	C					
white_06_02_01r_00	white	「那由多に届く者」ヘルデューク	Hellduke - The Decimator	6	600	2	【アタック時】&【ブロック時】\n自分のフォース1つをレストできる。そうした場合、このミニオンをアクティブにする。	[When Attacking] & [When Blocking]\nYou can put one of your Forces in the\nRest State. If you do, this minion enters the\nActive State.	BEYOND				gamerch	1090	「那由多に届く者」ヘルデューク	https://www.aicarddass.com/zenonzard/images/cardlist/cards/white_06_02_01r_00.png?v=20201113	field_minion	フィールド・ミニオン	white	白	6	PC:01R BEYOND	12	デミゴッド	L					
white_06_02_02_00	white	カノーネン・ティーゲル	Kanonen Tigerin	6(白2)	600	2	【召喚時】\n相手のミニオン1体を選択する。そのミニオンをアクティブにして、このターン中、そのミニオンは必ずブロックする。\n【自分のターン】\nこのミニオンがバトルに勝利するたび、自分はカードを1枚引く。	[When Summoned]\nSelect one of your opponent's minions.\nThat minion will be put in the Active State\nand must block during this turn.\n[On Your Turn]\nWhenever this minion wins a battle\nagainst another minion, draw one card.					seesaa	1091	カノーネン・ティーゲル	https://www.aicarddass.com/zenonzard/images/cardlist/cards/white_06_02_02_00.png?v=20201113	field_minion	フィールド・ミニオン	white	白	6	PC:02 CONTRACT	11	ハンター	E					
white_06_02_02r_00	white	氷柱竜アイザルフ	Aizalf - The Icicle Dragon	6			【召喚時】\n自分のフォース1つ毎に、\nこのミニオンにBP+100\nを付与する。\n【アタック時】\n相手のアクティブ状態であるミニオン1体を選択す\nる。このバトル中、そのミニオンは必ずブロックす	[When Summoned]\nThis minion receives +100BP for each of\nyour Forces.\n[When Attacking]\nSelect one of your opponent's minions\nthat is in the Active State. That minion must\nblock during this battle.					ocr	1092	氷柱竜アイザルフ	https://www.aicarddass.com/zenonzard/images/cardlist/cards/white_06_02_02r_00.png?v=20201113	field_minion	フィールド・ミニオン	white	白	6	PC:02R DIVINE	10	ドラゴン	E					
white_06_02_02r_01	white	シュネル・アードラー	Synergia Audra	6			【自分の夕\n自分の手札にあるこのカードのフリーコストは、相\n手のミ二オン1体毎に1減らされる。	[On Your Turn]\nThe basic cost of this card while in your\nhand is reduced by 1 for each minion that\nis on your opponent's field.					ocr	1093	シュネル・アードラー	https://www.aicarddass.com/zenonzard/images/cardlist/cards/white_06_02_02r_01.png?v=20201113	field_minion	フィールド・ミニオン	white	白	6	PC:02R DIVINE	10	ウイング	R					
white_06_03_02_00	white	エクス=キャノン	X-Cannon	6(白3)			【フラッシュ】\n相手のミニオン1体を除外する。	[Flash]\nBanish one of your opponent's minions.					seesaa	1103	エクス=キャノン	https://www.aicarddass.com/zenonzard/images/cardlist/cards/white_06_03_02_00.png?v=20201113	magic	マジック	white	白	6	PC:02 CONTRACT	11		E					
white_07_01_03_00	white	「サラの召喚獣」メタリック・スティード Lv1	Chrome Charger - Of Serah Lv.1	7			【召喚時】\n最もライフが多い自分のフオースのライフ1毎に、\n相手のミ二オン全てにBP-100を付与する。\n進化：手札から「アンドロイド」が召喚されたとき	"For every point your Force with the highest\npoint value has, deal -100BP to all your\nopponent's minions.\nEvolve: Summon minion from the Android class\n""Serah - Conjurer of the Metallic Steed Lv.1""\nand ""Chrome Charger - Of Serah Lv.1""\nbecome Lv.2."					ocr	1107	「サラの召喚獣」メタリック・スティード Lv1	https://www.aicarddass.com/zenonzard/images/cardlist/cards/white_07_01_03_00.png?v=20201113	field_minion	フィールド・ミニオン	white	白	7	PC:03 EVOLVE	8	アルカナ	L					
white_07_01_03_01	white	「サラの召喚獣」メタリック・スティード Lv2	Chrome Charger - Of Serah Lv.2	7			【召唤時】\n最もライフが多い自分のフオスのライフ1每に、相手のミニオン\n全てにBP-100を付与する。\n【常時】\n自分の種族「アンドロイド」を持つニオンがいる場合、この三\n二才ンは相手の効果で遥択できい。\n化：手札か「ドロイド」が召されとき\nをLv3にする。	"For every point your Force with the highest point value\nhas, deal -100BP to all your opponent's minions.\nIf you have a minion belonging to the Android class on\nyour field, this minion cannot be selected as a target for your\nopponent's effects.\nEvolve: Summon minion from the Androld class\n""Serah - Conjurer of the Metallic Steed Lv.2"" and ""Chrome\nCharger - Of Serah Lv.2"" become Lv.3."					ocr	1108	「サラの召喚獣」メタリック・スティード Lv2	https://www.aicarddass.com/zenonzard/images/cardlist/cards/white_07_01_03_01.png?v=20201113	field_minion	フィールド・ミニオン	white	白	7	PC:03 EVOLVE	8	アルカナ	L					
white_07_01_03_02	white	「サラの召喚獣」メタリック・スティード Lv3	Chrome Charger - Of Serah Lv.3	7			【召唤時】\n最もライフが多い自分のフォスのライフ1毎に、相手のミ二オン\n全てにBP-100を付与する。\n【常時】\n自分の種族「アンドロイド」を持つミニオンがいる場合、このミ\n二オンは相手の効果で遥択できい\n【自分のターン]\n自分の種族「ンドロイド」を持つミニオン全はBP係く\nバトルに勝利する。	[When Summoned]\nFor every point your Force with the highest point value\nhas, deal -100BP to all your opponent's minions.\n[Passive]\nIf you have a minion belonging to the Android class on\nyour field, this minion cannot be selected as a target for your\nopponent's effects.\n[On Your Turn]\nYour minions belonging to the Android class will win in\nbattle against other minions regardless of BP.					ocr	1109	「サラの召喚獣」メタリック・スティード Lv3	https://www.aicarddass.com/zenonzard/images/cardlist/cards/white_07_01_03_02.png?v=20201113	field_minion	フィールド・ミニオン	white	白	7	PC:03 EVOLVE	8	アルカナ	L					
white_07_01_04_00	white	宝瓶神機アクア・エリシオン	The WaterCarrierDeity Aqua-Elysion	7			【相手の夕\n相手のコスト5以下のミニオン全てはアクティブに\nならない。\n【自分のターン】\nこのミニオンは、相手のマジックの効果で選択でき\nない。\nＥＰⅠＣ	Cost Reduction: White\n[On Your Opponent's Turn]\nNone of your opponent's minions with\ncost of 5 or less can enter the Active State\n[On Your Turn]\nThis minion cannot be selected as\ntarget for your opponent's Magic card effects					ocr	1111	宝瓶神機アクア・エリシオン	https://www.aicarddass.com/zenonzard/images/cardlist/cards/white_07_01_04_00.png?v=20201113	field_minion	フィールド・ミニオン	white	白	7	PC:04 FORBIDDEN	6	BS|光導	E					
white_07_01_04_03	white	D-05 ファイアアクス	D-05 Searing Axe	7			【召喚時】\n相手のコストX以下のミ二オン2体を除外する。X\nは自分の種族「エヴォーカー」を持つ白マナの数と\n同じとする。\nEPIＣ	Resurge\n[When Summoned]\nBanish two of your opponent's minions\nwith a cost of X or lower, where X is the\nnumber of White Mana belonging to the\nEvoker class in your base.					ocr	1110	D-05 ファイアアクス	https://www.aicarddass.com/zenonzard/images/cardlist/cards/white_07_01_04_03.png?v=20201113	field_minion	フィールド・ミニオン	white	白	7	PC:04 FORBIDDEN	6	ソルジャー	E					
white_07_01_06_00	white	傭兵団「防衛隊長」フェン	Fynn - Mercenary Rearguard Ace	4			【常時】\n自分のプレイヤーと自分のフォース全ては、\n相手の\n効果で選択できない。\n【相手の夕\n自分のプレイヤーか自分のフォースに与えられるミ\nニオンからのダメージを1軽減する。この効果は重\n複しない。	[Passive]\nYour Life and Forces cannot be targeted\nby your opponent's effects.\n[On Your Opponent's Turn]\nDamage dealt to your Life and Forces by\nyour opponent's minions is reduced by 1.\nThis effect cannot stack.					ocr	1053	傭兵団「防衛隊長」フェン	https://www.aicarddass.com/zenonzard/images/cardlist/cards/white_07_01_06_00.png?v=20201113	field_minion	フィールド・ミニオン	white|green	白|緑	4	PC:06 HELIX	1	エルフ|ソルジャー	E					
white_07_01_EX04_00	white	仮面ライダーゼロワン メタルクラスタホッパー	NEMESIS-00	7			【自分のターン】\nこのミニオンがダメージを与えるたぴ、種族「仮面」を持\nつ白のミ二オンに変身できる。\n【召喚時】&【変身時】\n相手のコスト3以下のミニオン全てを除外する。その後、\nこのミニオンをアクティブにする。\n【自分のターン】\nこの二オンは相手の効果で選択できない。	{On Your Turn]\nWhenever this minion deals damage, it can Morph\ninto a White Minion belonging to the Mask class.\n[When Summoned] & [When Morphed]\nBanish all your opponent's minions with a cost of 3\nor lower. Then, this minion enters the Active State\n[On Your Turn]\nThis minion cannot be selected as a target for your\nopponent's card effects.					ocr	1112	仮面ライダーゼロワン メタルクラスタホッパー	https://www.aicarddass.com/zenonzard/images/cardlist/cards/white_07_01_EX04_00.png?v=20201113	field_minion	フィールド・ミニオン	white	白	7	EX:04 KAMEN RIDER	4	仮面	L					
white_07_01_EX04c_00	white	NEMESIS-00		7			【自分のターン】\nこのミニオンがダメージを与えるたび、種族「仮面」を持\nつ白のミ二オンに変身できる。\n【召唤時】&【変身時】\n相手のコスト3以下のミニオン全てを除外する。その後、\nこのミニオンをアクティブにする。\n【自分のターン】\nこのミ二オンは相手の効果で選択できない。						ocr	1113	NEMESIS-00	https://www.aicarddass.com/zenonzard/images/cardlist/cards/white_07_01_EX04c_00.png?v=20201113	field_minion	フィールド・ミニオン	white	白	7	EX:04 HEROIC_MASQUERADE	3	仮面	L					
white_07_02_01r_00	white	戦闘型ロイド・シュバイン	Combatant Schwein Android	7	700	2	【常時】\nこのミニオンがバトルに勝利するたび、相手のミニオン1体をレストする。\n【後退時】\nこのターン中、あなたのミニオン全ては相手のマジックの効果の対象に選べない。	[Passive]\nWhenever this minion wins a battle against\nanother minion, put one of your opponent's\nminions in the Rest State.\n<Base> [When Retreating]\nNone of your minions can be selected as\ntargets for your opponent's Magic cards for the\nduration of this turn.	BEYOND				gamerch	1104	戦闘型ロイド・シュバイン	https://www.aicarddass.com/zenonzard/images/cardlist/cards/white_07_02_01r_00.png?v=20201113	field_minion	フィールド・ミニオン	white	白	7	PC:01R BEYOND	12	アンドロイド	E					
white_07_02_02r_00	white	「凍械獣」グリフォン	Griphone - Machine of the Arctic	7			[召唤時】\n自分は力ドを2枚引く。その後、自分の手札2枚を破棄する。\n【常時】\nこのミニオンがアクティブ状態でなければ[加護は付与されな\n【加護時】\n白の加護である場合、加しているマナを除外して、「「氷雪械\n竜グリフォンに変形する。\nＬEGEND	"[When Summoned]\nDraw two cards. Then, discard two cards from your hand\n[Passive]\nThis minion cannot receive a Boost when not in the Active\nState.\n[When Boosted]\nIf Boosted by a White Mana, banish that mana. This card\nTransforms into ""Griphone - Droid of the Tundra""."					ocr	1105	「凍械獣」グリフォン	https://www.aicarddass.com/zenonzard/images/cardlist/cards/white_07_02_02r_00.png?v=20201113	field_minion	フィールド・ミニオン	white	白	7	PC:02R DIVINE	10	ウイング	L					
white_07_02_02r_01	white	「氷雪械竜」グリフォン	Griphone - Droid of the Tundra	7			【変形時】\n自分のミニオン全てIにBP+100と[再起]を付与す\n【自分のターン】\nこのミニオンがバトルに勝利するたび、このミニオン\nをアクティブにする。	Charge\n[When Transformed]\nAll your minions receive + 100BP and the\nResurge effect.\n[On Your Turn]\nWhenever this minion wins a battle against\nanother minion, this minion returns to the Active\nState.					ocr	1106	「氷雪械竜」グリフォン	https://www.aicarddass.com/zenonzard/images/cardlist/cards/white_07_02_02r_01.png?v=20201113	field_minion	フィールド・ミニオン	white	白	7	PC:02R DIVINE	10	ウイング|ドラゴン	L					
white_07_02_03_00	white	データ解析	Data Analysis	7			【メインノ【フラッシュ】\n相手のコスト5以上のミニオン1体を除外する。相\n手のデッキの中からそのミニオンと同じコストの\nカード全てを除外する。	If you have a minion belonging to the Arcana class on your field, reduce the basic cost of this card in your hand by 2.\n[Main]/[Flash]\nBanish one of your opponent's minions with a cost of 5 or higher. Banish all cards in your opponent's deck with the same cost as that minion.					ocr	1115	データ解析	https://www.aicarddass.com/zenonzard/images/cardlist/cards/white_07_02_03_00.png?v=20201113	magic	マジック	white	白	7	PC:03 EVOLVE	8		E					
white_08_01_04_00	white	獅機龍神ストライクヴルム・レオ	The MachineLionDeity Strikewurm-Leo	8			【常時】\n他の自分の種族「BS」または「ハンタ—」を持つ\nミニオンがレストするたぴ、自分のマナ1つをレス\nトできる。そうした場合、このミニオンをアクティ\nブにする。	Cost Reduction: White\n[Passive]\nWhenever one of your other minions\nbelonging to the BS or Hunter class enters\nthe Rest State, you can select one of your\nmana to put into the Rest State. If you do\nthis minion enters the Active State.					ocr	1118	獅機龍神ストライクヴルム・レオ	https://www.aicarddass.com/zenonzard/images/cardlist/cards/white_08_01_04_00.png?v=20201113	field_minion	フィールド・ミニオン	white	白	8	PC:04 FORBIDDEN	6	BS|光導	L					
white_08_01_06_00	white	「雲海の白エイ」フルークロッヘン	Fruhkrohne - Cloud Sea's White Eye	6			【召喚時】\n相手のプレイヤーに1ダメージを与える。\n【常時】\n自分が他の白のカードを使用するたび、このターン\n中、このミ二オンをBP+100/DP+1する。	[When Summoned]\nDeal 1 damage to your opponent's Life\n[Passive]\nWhenever you play another White card.\nthis minion gains + 100BP/+1DP for the\nduration of this turn.					ocr	1102	「雲海の白エイ」フルークロッヘン	https://www.aicarddass.com/zenonzard/images/cardlist/cards/white_08_01_06_00.png?v=20201113	field_minion	フィールド・ミニオン	white	白	6	PC:06 HELIX	1	ウイング	E					
white_08_01_EX03_00	white	機獣要塞ナウマンガルド	The MachineBeastFortress Naumannguard	8			【自分の夕一ン終了時】\n自分の種族「BS」を持つミ二オン全てをクィブにする。\nその後、自分の「コア」全てと、自分の白マナ全てをアク\nティブにする。\n【破壊時】\n自分はカドを3枚引く。その後、自分のベスに「コア」3\nつを置く。	Cost Reduction: White\n[At the End of Your Turn]\nAll of your minions belonging to the BS class\nenter the Active State. Then, all of your Cores and\nWhite Mana enter the Active State.\n[When Destroyed]\nDraw three cards. Then, place three Cores into\nyour base.					ocr	1119	機獣要塞ナウマンガルド	https://www.aicarddass.com/zenonzard/images/cardlist/cards/white_08_01_EX03_00.png?v=20201113	field_minion	フィールド・ミニオン	white	白	8	EX:03 Battle Spirits	5	BS|ハンター	E					
white_08_02_01_00	white	「百獣」ヴァイスレーベ	Vicerave - The King	8	1000	2	【自分のターン】\n自分のミニオンがアタックするたび、相手は必ずブロックする。\n【自分のターン】\nこのミニオンがバトルに勝利するたび、相手のプレイヤーと相手のフォース全てに1ダメージを与える。	[On Your Turn]\nWhenever one of your minions attacks\nyour opponent must block.\n[On Your Turn]\nWhenever this minion wins a battle, deal\n1 damage to your opponent's Life and each\nof your opponent's Forces.	AWAKEN			https://gamerch.com/zenonzard/71705	gamerch	1116	「百獣」ヴァイスレーベ	https://www.aicarddass.com/zenonzard/images/cardlist/cards/white_08_02_01_00.png?v=20201113	field_minion	フィールド・ミニオン	white	白	8	PC:01 AWAKEN	14	ハンター	L					
white_08_02_01_01	white	アイスベアード	Icebear	8	700	2	【アタック時】\n自分の白マナが4つ以上ある場合、自分のミニオン全てにBP+100を付与する。\n【常時】\nこのミニオンは、相手のマジックの効果で選択できない。	[When Attacking]\nIf you have four or more White Mana, all\nyour minions receive +100BP.\n[Passive]\nThis minion cannot be selected as\ntarget for your opponent's Magic cards.	AWAKEN				gamerch	1117	アイスベアード	https://www.aicarddass.com/zenonzard/images/cardlist/cards/white_08_02_01_01.png?v=20201113	field_minion	フィールド・ミニオン	white	白	8	PC:01 AWAKEN	14	ハンター	R					
white_09_01_03_00	white	「粉砕」シュヴァルツティーガー	Schwarz Tiger - The Pulverizer	9+			【召喚時】\n相手のプレイヤーに、\n相手のプレイヤーのライフの\n半分（端数切り上げ）に等しいダメーを与える。\nはターンに1回だけ発揮する。	[When Summoned]\nDeal damage to your opponent's Life\nequal to half of their Life (round up to the\nnearest whole number). The effect of\nSchwarz Tiger - The Pulverizer can only be\nactivated once per turn.					ocr	1123	「粉砕」シュヴァルツティーガー	https://www.aicarddass.com/zenonzard/images/cardlist/cards/white_09_01_03_00.png?v=20201113	field_minion	フィールド・ミニオン	white	白	9+	PC:03 EVOLVE	8	ハンター	L					
white_09_01_04_00	white	翼神機グラン・ウォーデン	The WingDeity Grand-Woden	9+			【常時】\nこのミニオンに「コア」が付与されている場合、相\n手はマジックカードを使用できない。\nＬEＧEND	Cost Reduction: White\n[Passive]\nIf this minion has received a Core, your\nopponent cannot use Magic cards.					ocr	1124	翼神機グラン・ウォーデン	https://www.aicarddass.com/zenonzard/images/cardlist/cards/white_09_01_04_00.png?v=20201113	field_minion	フィールド・ミニオン	white	白	9+	PC:04 FORBIDDEN	6	BS|ウイング	L					
white_09_01_04_01	white	月光神龍ルナテック・ストライクヴルム	The MoonlightDragonDeity Lunatech-Strikewurm	9+			【相手のターン】\n相手のミニオンがアタックするたび、このミニオンをアク\nティブにする。\n【加護時】\n種族「ブレイヴ」を持つ加護である場合、このミニオンに\n【常時】このミ二オンは相手の効果で選択できない。」を付\n与する。	Cost Reduction: White\n[On Your Opponent's Turn]\nWhenever one of your opponent's minions attacks, this\nminion enters the Active State.\n[When Boosted]\nIf receiving a {Boost} from a mana belonging to the Brave\nclass, this minion receives the following effect\n[Passive] This minion cannot be selected as a target for\nyour opponent's card effects.					ocr	1125	月光神龍ルナテック・ストライクヴルム	https://www.aicarddass.com/zenonzard/images/cardlist/cards/white_09_01_04_01.png?v=20201113	field_minion	フィールド・ミニオン	white	白	9+	PC:04 FORBIDDEN	6	BS|ドラゴン	E					
white_09_01_05_00	white	「機械天使」ヘブンス	Deus - Ex Machinas	9+			【自分の夕\n自分の手札にあるこのカードのフリーコストは、\n分の破壊されたフォース1つ毎に3減らされる。\n【召喚時】\n相手のミ二オン１体を除外する。	Resurge\n[On Your Turn]\nReduce the basic cost of this card in your\nhand by 3 for each of your destroyed\nForces.\n[When Summoned]\nBanish one of your opponent's minions					ocr	1129	「機械天使」ヘブンス	https://www.aicarddass.com/zenonzard/images/cardlist/cards/white_09_01_05_00.png?v=20201113	field_minion	フィールド・ミニオン	white	白	9+	PC:05 GLORY	2	エンジェル	L					
white_09_01_EX03_00	white	終焉の騎神ラグナ・ロック	The DoomKnightLord Ragna-Rock	9+			【召唤時】\n自分の緑マナが2つ以上ある場合、相手のミ二オン5体をレス\nトさせる。自分の白マナが2つ以上ある場合、自分は「コ」\n3つをレスト状態でベースに置く。\n【アタック時】&【ブロック時】\n自分の種族「BS」を持つコスト8以下のミニオン1体をアク\nティブにする。	Cost Reduction: White, Green\n[When Summoned]\nIf you have two Green Mana or more, put five of your\nopponent's minions in the Rest State. If you have two White\nMana or more, place three Cores into your base in the Rest\nState.\n[When Attacking] & [When Blocking]\nSelect one of your minions belonging to the BS class with\ncost of 8 or lower to enter the Active State.					ocr	1126	終焉の騎神ラグナ・ロック	https://www.aicarddass.com/zenonzard/images/cardlist/cards/white_09_01_EX03_00.png?v=20201113	field_minion	フィールド・ミニオン	white	白	9+	EX:03 Battle Spirits	5	BS|ソルジャー	L					
white_09_01_EX04_00	white	仮面ライダーゼロツー	NEMESIS-99	9+			【変身時】\n自分のミニオン全てに[再起]と「【自分のタン】このミニオ\nンがバトルに勝利するたび、相手のプレイヤに1ダメを与え\nる。」を付与する。\n【自分の夕\n他の自分のミニオンがバトルに勝利するたび、このミニオンをア\nクティブにする。\n【常時】\nこの二オンは相手の効果で択できない	[When Morphed]\nAll of your minions receive the {Resurge} effect and the following\neffect\n[On Your Turn] Whenever this minion wins a battle against another\nminion, deal 1 damage to your opponent's Life.\n[On Your Turn]\nWhenever one of your other minions wins a battle against another\nminion, this minion enters the Active State.\n[Passive]\nThis minion cannot be selected as a target for your opponent's card\neffects.					ocr	1127	仮面ライダーゼロツー	https://www.aicarddass.com/zenonzard/images/cardlist/cards/white_09_01_EX04_00.png?v=20201113	field_minion	フィールド・ミニオン	white	白	9+	EX:04 KAMEN RIDER	4	仮面	L					
white_09_01_EX04c_00	white	NEMESIS-99		9+			【変身時】\n自分のミニオン全てに[再起]と【自分のタン】このミニオ\nンがバトルに勝利するたび、相手のプレイヤーに1ダメージを与え\nる。」を付与する。\n【自分のタ-\n他の自分のミニオンがバトルに勝利するたび、このミニオンをア\nクティブにする。\n【常時】\nこの二オンは相手の効果で択できい						ocr	1128	NEMESIS-99	https://www.aicarddass.com/zenonzard/images/cardlist/cards/white_09_01_EX04c_00.png?v=20201113	field_minion	フィールド・ミニオン	white	白	9+	EX:04 HEROIC_MASQUERADE	3	仮面	L					
white_09_02_01_00	white	「祈祷者」ゼクスシュバンツ	Thexuvans - The Pious	9+	1100	2	【アタック時】\n相手のミニオン1体を選択できる。そうした場合、そのミニオンをアクティブにして、このバトル中に必ずブロックさせる。	[When Attacking]\nSelect one of your opponent's minions.\nThat minion will be put in the Active State\nand must block during this battle.	AWAKEN				gamerch	1121	「祈祷者」ゼクスシュバンツ	https://www.aicarddass.com/zenonzard/images/cardlist/cards/white_09_02_01_00.png?v=20201113	field_minion	フィールド・ミニオン	white	白	9+	PC:01 AWAKEN	14	ハンター	E					
white_09_02_02_00	white	「氷原公」フリーレン	Frieren - Lord of Dreadfrosts	9(白3)	1000	3	【アタック時】\nこのミニオンがダメージを与えたとき、相手の最もコストの低いミニオン全てを除外する。\n【自分のターン】\nこのミニオンは種族「ドラゴン」または「ドラゴニュート」を持たないミニオンにはブロックされない。	[When Attacking]\nWhen this minion deals damage, banish\nall your opponent's lowest cost minions\n[On Your Turn]\nOnly minions belonging to the Dragon or\nDragonewt class can block this minion's\nattacks.					seesaa	1122	「氷原公」フリーレン	https://www.aicarddass.com/zenonzard/images/cardlist/cards/white_09_02_02_00.png?v=20201113	field_minion	フィールド・ミニオン	white	白	9+	PC:02 CONTRACT	11	ドラゴン	L					
yellow_00_00_03_00	yellow	「羽蛇の召喚士」キラリ Lv1	Star - Conjurer of Winged Serpents Lv.1				《ベース》\n【配置時】\n「「キラリの召喚獣」ツァルコアLv1」1枚を手札\nに加える。\n《ベース》\nこのマナは移動できない\nRＡＲE	<Base> [When Placed]\nAdd one Dyadra - Of Star Lv.1 to your\nhand.\n<Base>\nThis minion cannot move.					ocr	211	「羽蛇の召喚士」キラリ Lv1	https://www.aicarddass.com/zenonzard/images/cardlist/cards/yellow_00_00_03_00.png?v=20201113	base_minion	ベース・ミニオン	yellow	黄		PC:03 EVOLVE	8	エヴォーカー	R					
yellow_00_00_03_01	yellow	「羽蛇の召喚士」キラリ Lv2	Star - Conjurer of Winged Serpents Lv.2				《ベース》\n【配置時】\n「「キラリの召喚獣」ツァルコアLv2」1枚を手札\nに加える。\n《ベース》\nこのマナは移動できない\nRARＥ	<Base> [When Placed]\nAdd one Dyadra - Of Star Lv.2 to your\nhand.\n<Base>\nThis minion cannot move.					ocr	212	「羽蛇の召喚士」キラリ Lv2	https://www.aicarddass.com/zenonzard/images/cardlist/cards/yellow_00_00_03_01.png?v=20201113	base_minion	ベース・ミニオン	yellow	黄		PC:03 EVOLVE	8	エヴォーカー	R					
yellow_00_00_03_02	yellow	「羽蛇の召喚士」キラリ Lv3	Star - Conjurer of Winged Serpents Lv.3				《ベース》\n【配置時】\n「「キラリの召喚獣」ツァルコアLv3」1枚を手札\nに加える。\n《ベース》\nこのマナは移動できない\nRＡRE	<Base> [When Placed]\nAdd one Dyadra - Of Star Lv.3 to your\nhand.\n<Base>\nThis minion cannot move.					ocr	213	「羽蛇の召喚士」キラリ Lv3	https://www.aicarddass.com/zenonzard/images/cardlist/cards/yellow_00_00_03_02.png?v=20201113	base_minion	ベース・ミニオン	yellow	黄		PC:03 EVOLVE	8	エヴォーカー	R					
yellow_00_00_03_03	yellow	「光翼の召喚士」アケミ Lv1	Acemy - Conjurer of the Shining Wing Lv.1				《ベース》\n【配置時】\n「「アケミの召喚獣」ゴッドバードLv1」1枚を手\n札に加える。\n《ベース》\nこのマナは移動できない	<Base> [When Placed]\nAdd one Ruler of the Azure - Of Acemy\nLv.1 to your hand.\n<Base>\nThis minion cannot move.					ocr	214	「光翼の召喚士」アケミ Lv1	https://www.aicarddass.com/zenonzard/images/cardlist/cards/yellow_00_00_03_03.png?v=20201113	base_minion	ベース・ミニオン	yellow	黄		PC:03 EVOLVE	8	エヴォーカー	L					
yellow_00_00_03_04	yellow	「光翼の召喚士」アケミ Lv2	Acemy - Conjurer of the Shining Wing Lv.2				《ベース》\n【配置時】\n「「アケミの召喚獣」ゴッドバードLv2」1枚を手\n札に加える。\n《ベース》\nこのマナは移動できない	<Base> [When Placed]\nAdd one Ruler of the Azure - Of Acemy\nLv.2 to your hand.\n<Base>\nThis minion cannot move.					ocr	215	「光翼の召喚士」アケミ Lv2	https://www.aicarddass.com/zenonzard/images/cardlist/cards/yellow_00_00_03_04.png?v=20201113	base_minion	ベース・ミニオン	yellow	黄		PC:03 EVOLVE	8	エヴォーカー	L					
yellow_00_00_03_05	yellow	「光翼の召喚士」アケミ Lv3	Acemy - Conjurer of the Shining Wing Lv.3				《ベース》\n【配置時】\n「「アケミの召喚獣」ゴッドバードLv3」1枚を手\n札に加える。\n《ベース》\nこのマナは移動できない	<Base> [When Placed]\nAdd one Ruler of the Azure - Of Acemy\nLv.3 to your hand.\n<Base>\nThis minion cannot move.					ocr	216	「光翼の召喚士」アケミ Lv3	https://www.aicarddass.com/zenonzard/images/cardlist/cards/yellow_00_00_03_05.png?v=20201113	base_minion	ベース・ミニオン	yellow	黄		PC:03 EVOLVE	8	エヴォーカー	L					
yellow_00_00_04_00	yellow	「修祓の魔術師」ハライ	Harai - The Ritualistic Wizard				《ベース》\n【配置時】\n「ハライの第1魔法：リカバリー」1枚を手札に加\nえる。\n《ベース》\nこのマナは移動できない\nEPIＣ	"<Base> [When Placed]\nAdd one ""Harai's Spells, Entry 1 Restoration"" to your hand.\n<Base>\nThis minion cannot move."					ocr	221	「修祓の魔術師」ハライ	https://www.aicarddass.com/zenonzard/images/cardlist/cards/yellow_00_00_04_00.png?v=20201113	base_minion	ベース・ミニオン	yellow	黄		PC:04 FORBIDDEN	6	エヴォーカー	E					
yellow_00_00_04_02	yellow	「黄金の魔術師」オリアナ	Olianna - The Golden Wizard				《ベース》\n【配置時】\n「オリアナの第1魔法：スカウト」1枚を手札に加\nえる。\n《ベース》\nこのマナは移動できない	"<Base> [When Placed]\nAdd one ""Olianna's Spells, Entry 1\nScout"" to your hand.\n<Base>\nThis minion cannot move."					ocr	220	「黄金の魔術師」オリアナ	https://www.aicarddass.com/zenonzard/images/cardlist/cards/yellow_00_00_04_02.png?v=20201113	base_minion	ベース・ミニオン	yellow	黄		PC:04 FORBIDDEN	6	エヴォーカー	R					
yellow_00_00_05_00	yellow	戦天使アクス	Axel the War Angel				【進擊時】\n自分の種族「エンジェル」を持つ、コスト4以上の\n三ニオン1体をアクティブにする。	[When Advancing]\nSelect one of your minions with a cost of\n4 or higher belonging to the Angel class to\nenter the Active State.					ocr	227	戦天使アクス	https://www.aicarddass.com/zenonzard/images/cardlist/cards/yellow_00_00_05_00.png?v=20201113	base_minion	ベース・ミニオン	yellow	黄		PC:05 GLORY	2	エンジェル	E					
yellow_00_00_EX03_00	yellow	クラッキー・レイ  Lv1	Ray Clackey Lv.1	0			《ベース》\n【配置時】\n「天使クレイオ」1枚を手札に加える。その後、\n《ベース》\nこのマナは移動できない\nEＰⅠＣ	"<Base> [When Placed]\nAdd one ""The Angeliai Kleio"" to your hand. Ray Clackey becomes Lv.2."					ocr	222	クラッキー・レイ  Lv1	https://www.aicarddass.com/zenonzard/images/cardlist/cards/yellow_00_00_EX03_00.png?v=20201113	base_minion	ベース・ミニオン	yellow	黄	0	EX:03 Battle Spirits	5	カードバトラー	E					
yellow_00_00_EX03_01	yellow	クラッキー・レイ  Lv2	Ray Clackey Lv.2	0			《ベース》【配置時】\n「天使長ソフィア」1枚を手札に加える。その後、\n《ベース》\nこのマナは移動できない\nＥＰIＣ	"<Base> [When Placed]\nAdd one ""The GreatAngelia Sophia"" to your hand. Ray Clackey becomes Lv.3."					ocr	223	クラッキー・レイ  Lv2	https://www.aicarddass.com/zenonzard/images/cardlist/cards/yellow_00_00_EX03_01.png?v=20201113	base_minion	ベース・ミニオン	yellow	黄	0	EX:03 Battle Spirits	5	カードバトラー	E					
yellow_00_00_EX03_02	yellow	クラッキー・レイ  Lv3	Ray Clackey Lv.3	0			《ベース》【配置時】\n「大天使イスフィール」1枚を手札に加える。\n《ベース》\nこのマナは移動できない。\nEPI Ｃ	"<Base> [When Placed]\nAdd one ""The ArcAngelia Isfiel"" to your hand."					ocr	224	クラッキー・レイ  Lv3	https://www.aicarddass.com/zenonzard/images/cardlist/cards/yellow_00_00_EX03_02.png?v=20201113	base_minion	ベース・ミニオン	yellow	黄	0	EX:03 Battle Spirits	5	カードバトラー	E					
yellow_00_00_EX03_03	yellow	マギサ	Magisa	0			《ベース》【配置時】\n自分のミニオンカードでない無色マナ1つを「コア」\nに変更する。その後、自分のデッキを上から3枚見\nて、その中のコスト2の黄のカード全てを公開して手札\nに加える。残りをランダムにデッキの下に戻す。\n《ベース》\nこのマナは移動できない。	<Base> [When Placed]\nChange one of your Neutral Mana that is not a minion card into a Core.\nThen, look at the top three cards of your deck and select all of the Yellow cards with a cost of 2.\nReveal them to your opponent and add them to your hand. Put the rest back on the bottom of your deck in random order.\n<Base>\nThis minion cannot move.					ocr	225	マギサ	https://www.aicarddass.com/zenonzard/images/cardlist/cards/yellow_00_00_EX03_03.png?v=20201113	base_minion	ベース・ミニオン	yellow	黄	0	EX:03 Battle Spirits	5	カードバトラー	R					
yellow_00_00_EX03_04	yellow	ハイドランディア	Hydrandea	0			《ベース》\n【配置時】\n自分のトラッシュにあるコスト2の、黄または無色\nのフィールド・ミニオンカード3枚を出す。\nEＰIＣ	Boost: BS + Cost 2 or Higher\n<Base> [When Placed]\nSelect three Yellow or Neutral Field\nMinions with a cost of 2 in your trash to enter\nthe field.					ocr	226	ハイドランディア	https://www.aicarddass.com/zenonzard/images/cardlist/cards/yellow_00_00_EX03_04.png?v=20201113	base_minion	ベース・ミニオン	yellow	黄	0	EX:03 Battle Spirits	5		E					
yellow_00_01_00_00	yellow	カナタナの神官	Priest of Kanatana		300	1	《デッキ》\nこのカードは何枚でもデッキに入れられる。\n【常時】\nこのカードはブロックできない。	<Deck>\nA deck can have any number of this card.\n[Passive]\nThis minion cannot block.	Basic				gamerch	202	カナタナの神官	https://www.aicarddass.com/zenonzard/images/cardlist/cards/yellow_00_01_00_00.png?v=20201113	base_minion	ベース・ミニオン	yellow	黄		ベーシック	15	アヴィアン	Basic					
yellow_00_01_01_00	yellow	カナタナの守護者	Guardian of Kanatana		100	1	【常時】\nこのミニオンはブロックできない。\n《ベース》【自分のターン終了時】\nこのマナをアクティブにする。	[Passive]\nThis minion cannot block.\n<Base> [At the End of Your Turn]\nThis mana enters the Active State	AWAKEN				gamerch	201	カナタナの守護者	https://www.aicarddass.com/zenonzard/images/cardlist/cards/yellow_00_01_01_00.png?v=20201113	base_minion	ベース・ミニオン	yellow	黄		PC:01 AWAKEN	14	アヴィアン	R					
yellow_00_01_01r_00	yellow	アヴィアンの忍者	Avian Ninja		300	1	【常時】\nこのミニオンはブロックできない。\n【配置時】\nこのターン中、自分のミニオン全てをBP+100する。	[Passive]\nThis minion cannot block.\n<Base> [When Placed]\nAll your minions gain +100BP for the duration of this turn.	BEYOND				gamerch	203	アヴィアンの忍者	https://www.aicarddass.com/zenonzard/images/cardlist/cards/yellow_00_01_01r_00.png?v=20201113	base_minion	ベース・ミニオン	yellow	黄		PC:01R BEYOND	12	アヴィアン	E					
yellow_00_01_02_00	yellow	「雲精」フィード	Peck - The Cloud Sprite		300	0	［加護:黄］	Boost: Yellow	CONTRACT				gamerch	204	「雲精」フィード	https://www.aicarddass.com/zenonzard/images/cardlist/cards/yellow_00_01_02_00.png?v=20201113	base_minion	ベース・ミニオン	yellow	黄		PC:02 CONTRACT	11	ニンフ	C					
yellow_00_01_02_01	yellow	「煌精」サンライト	Lumina - The Sun Sprite		100	1	［加護:黄＋コスト4以上］\n«付与能力»【常時】\n他の自分のミニオンがフィールドに出るたび、このターン中、このミニオンをBP+200する。	Boost: Yellow Cost 4 or Higher\n<Boost Ability> [Passive]\nWhenever another minion enters your\nfield, this minion gains +200BP for the\nduration of the turn.	CONTRACT				gamerch	205	「煌精」サンライト	https://www.aicarddass.com/zenonzard/images/cardlist/cards/yellow_00_01_02_01.png?v=20201113	base_minion	ベース・ミニオン	yellow	黄		PC:02 CONTRACT	11	ニンフ	E					
yellow_00_01_02c_00	yellow	トンキー					【常時】\nこのミニオンはブロックできない。\n《ベース》\n【配置時】\nフィールドに自分の種族「ソード」を持つミニオン\nがいる場合、自分は力ードを1枚引く。						ocr	208	トンキー	https://www.aicarddass.com/zenonzard/images/cardlist/cards/yellow_00_01_02c_00.png?v=20201113	base_minion	ベース・ミニオン	yellow	黄		EXCODE:02C SAO	9	ウイング|ソード	C					
yellow_00_01_02c_01	yellow	マクアフィテル					《ベー\n【配置時】\n自分の種族「ソード」\nを持つミニオン1体を手札に\n戻すことができる。						ocr	209	マクアフィテル	https://www.aicarddass.com/zenonzard/images/cardlist/cards/yellow_00_01_02c_01.png?v=20201113	base_minion	ベース・ミニオン	yellow	黄		EXCODE:02C SAO	9	アイテム|ソード	R					
yellow_00_01_02c_03	yellow	エクスキャリバー					《付与能力》\n【アタック時】＆【ブロック時】\n相手のBP400以下のミ二オン1体を手札に戻す。\nＥＰＩＣ						ocr	210	エクスキャリバー	https://www.aicarddass.com/zenonzard/images/cardlist/cards/yellow_00_01_02c_03.png?v=20201113	base_minion	ベース・ミニオン	yellow	黄		EXCODE:02C SAO	9	アイテム|ソード	E					
yellow_00_01_02r_00	yellow	「松精」オミツ	Omitsu - The Pine Sprite				《付与能力》\n【自分のターン開始時】\nこのターン中、このミニオンをBP+100/DP+1す	Boost: Yellow\n<Boost Ability> [At the Start of Your Turn]\nThis minion gains +100BP/+1DP for the\nduration of this turn.					ocr	206	「松精」オミツ	https://www.aicarddass.com/zenonzard/images/cardlist/cards/yellow_00_01_02r_00.png?v=20201113	base_minion	ベース・ミニオン	yellow	黄		PC:02R DIVINE	10	ニンフ	R					
yellow_00_01_02r_01	yellow	「微風精」ブリーズ	Gus - The Breeze Sprite				《ベース》\n【配置時】\n自分のミ二オン1体にBP+200を付与する。\nEＰIＣ	Boost: Yellow + Cost 6 or Higher\n<Base> [When Placed]\nSelect one of your minions to receive\n+200BP.					ocr	207	「微風精」ブリーズ	https://www.aicarddass.com/zenonzard/images/cardlist/cards/yellow_00_01_02r_01.png?v=20201113	base_minion	ベース・ミニオン	yellow	黄		PC:02R DIVINE	10	ニンフ	E					
yellow_00_01_EX02_00	yellow	浮遊クラゲ	Floating Jellyfish				【常時】\nこのミニオンはブロックできない。\n《ベース》\n【配置時】\nフィールドに自分の種族「ソード」を持つミニオン\nがいる場合、自分はカ一ドを1枚引く。	[Passive]\nThis minion cannot block.\n<Base> [When Placed]\nIf you have a minion belonging to the\nSword class on the field, draw one card.					ocr	217	浮遊クラゲ	https://www.aicarddass.com/zenonzard/images/cardlist/cards/yellow_00_01_EX02_00.png?v=20201113	base_minion	ベース・ミニオン	yellow	黄		EX:02 幻影の剣士	7	ウイング|ソード	C					
yellow_00_01_EX02_01	yellow	「華剣」ギョクジン	Honor - The Majestic Saber				[華剣]\nソード/イテム\n加護：コスト3以上\n《ベース》\n【配置時】\n自分の種族「ソード」を持つミニオン1体を手札に\n戻すことができる。	Boost: Sword + Cost 3 or Higher\n<Base> [When Placed]\nYou can return one of your minions\nbelonging to the Sword class from the field to\nyour hand.					ocr	218	「華剣」ギョクジン	https://www.aicarddass.com/zenonzard/images/cardlist/cards/yellow_00_01_EX02_01.png?v=20201113	base_minion	ベース・ミニオン	yellow	黄		EX:02 幻影の剣士	7	アイテム|ソード	R					
yellow_00_01_EX02_03	yellow	「宝剣」スカイセイバー	Fortune - The Sky Saber				《付与能力》\n【アタック時】＆【ブロック時\n相手のBP400以下のミ二オン1体を手札に戻す。\nＥＰＩＣ	Boost: Sword + Cost 4 or Higher\n<Boost Ability> [When Attacking] & [When Blocking]\nReturn one of your opponent's minions with 400BP or lower to their hand.					ocr	219	「宝剣」スカイセイバー	https://www.aicarddass.com/zenonzard/images/cardlist/cards/yellow_00_01_EX02_03.png?v=20201113	base_minion	ベース・ミニオン	yellow	黄		EX:02 幻影の剣士	7	アイテム|ソード	E					
yellow_01_00_06_00	yellow	戦天使サマー	Aestas the War Angel	3			【進撃時】\nこのタ一ン中、他の自分の種族「エンジェル」を持\nつミ二オン1体をBP+100/DP+1する。	— ———————\n[When Advancing]\nSelect one of your other minions belonging to the Angel class to gain +100BP/+1DP for the duration of this turn.					ocr	302	戦天使サマー	https://www.aicarddass.com/zenonzard/images/cardlist/cards/yellow_01_00_06_00.png?v=20201113	base_minion	ベース・ミニオン	yellow	黄	3	PC:06 HELIX	1	エンジェル	C					
yellow_01_01_03_00	yellow	クレイン	Tsuli	1			【召喚時】\n自分の種族「エヴォーカ」を持つ、黄または無色の\nマナがある場合、自分のデッキを上から1枚見る。黄\nのミニオンカドの場合、公開して手札に加える。そ\nれ以外の場合、デッキの下に戻す。\n【常時】\nこのミニオンはベースに移動するとき、\nレスト状態で\n移動する。	[When Summoned]\nIf you have Yellow or Neutral Mana belonging to\nthe Evoker class in your base, look at the top card\nof your deck. If that card is a Yellow Minion, reveal\nit to your opponent and add it to your hand. In\nany other case, return it to the bottom of your deck\n[Passive]\nThis minion enters the Rest State when it moves\nto your base.					ocr	230	クレイン	https://www.aicarddass.com/zenonzard/images/cardlist/cards/yellow_01_01_03_00.png?v=20201113	field_minion	フィールド・ミニオン	yellow	黄	1	PC:03 EVOLVE	8	ウイング	R					
yellow_01_01_05_00	yellow	戦天使コーラー	Callette the War Angel	1			《ベース》\n【後退時】\n自分のデッキを上から3枚見て、その中の種族「工\nンジェル」を持つミニオンカード1枚を公開して手\n札に加える。残りをランダムにデッキの下に戻す。\n【常時】\nこのミニオンはベースに移動するとき、レスト状態\nで移動する。	<Base> [When Retreating]\nLook at the top three cards of your deck and\nselect one minion belonging to the Angel class. Reveal\nit to your opponent and add it to your hand. Put\nthe rest back on the bottom of your deck in random\norder.\n[Passive]\nThis minion enters the Rest State when it moves\nto the base.		PC:05 GLORY	Common		ocr	232	戦天使コーラー	https://www.aicarddass.com/zenonzard/images/cardlist/cards/yellow_01_01_05_00.png?v=20201113	field_minion	フィールド・ミニオン	yellow	黄	1	PC:05 GLORY	2	エンジェル	C					
yellow_01_01_EX03_00	yellow	ニジノコ	Nijinoko	1			《ベース》\n【後退時】\n自分のミニオンカードでない無色マナ1つを、赤か\n白か紫のマナに変更する。\n【常時】\nこのミニオンはベースに移動するとき、\nレスト状態\nで移動する。	<Base> [When Retreating]\nChange one of your Neutral Mana that is\nnot a minion card into a Red, White, or\nPurple Mana.\n[Passive]\nThis minion enters the Rest State when it\nmoves to the base.					ocr	231	ニジノコ	https://www.aicarddass.com/zenonzard/images/cardlist/cards/yellow_01_01_EX03_00.png?v=20201113	field_minion	フィールド・ミニオン	yellow	黄	1	EX:03 Battle Spirits	5	BS	C					
yellow_01_02_01_00	yellow	ジャックナイフスワロウ	Jackknife Swallow	1	100	0	【自分のターン】\nこのターンに他の自分の黄または無色のミニオンを召喚している場合、このミニオンをDP+1する。\n【常時】\nこのミニオンはベースに移動するとき、レスト状態で移動する。	[On Your Turn]\nIf you have summoned another Yellow or\nNeutral Minion this turn, this minion\ngains +1DP for the duration of the turn\n[Passive]\nThis minion enters the Rest State when it\nmoves to the base.	AWAKEN				gamerch	228	ジャックナイフスワロウ	https://www.aicarddass.com/zenonzard/images/cardlist/cards/yellow_01_02_01_00.png?v=20201113	field_minion	フィールド・ミニオン	yellow	黄	1	PC:01 AWAKEN	14	アヴィアン	C					
yellow_01_02_02_00	yellow	カワウソ親父	Otter Elder	1(黄1)	200	0	【召喚時】\n自分のミニオン1体にBP+100を付与する。\n【常時】\nこのミニオンはベースに移動するとき、レスト状態で移動する。	[When Summoned]\nSelect one of your minions to receive\n+100BP.\n[Passive]\nThis minion enters the Rest State when it\nmoves to the base.	CONTRACT				gamerch	229	カワウソ親父	https://www.aicarddass.com/zenonzard/images/cardlist/cards/yellow_01_02_02_00.png?v=20201113	field_minion	フィールド・ミニオン	yellow	黄	1	PC:02 CONTRACT	11	ガーディアン	R					
yellow_01_02_03_00	yellow	ガントレット	Gauntlet	1			【メイン】ノ【フラッシュ】\nこのターン中、自分のミニオン1体をBP+300す\nる。相手の手札が5枚以上の場合、さらに、自分は\nカードを１枚引く。	[Main]/[Flash}\nSelect one of your minions to receive +300BP for the duration of the turn.\nAlso draw one card if your opponent has five or more cards in their hand.					ocr	237	ガントレット	https://www.aicarddass.com/zenonzard/images/cardlist/cards/yellow_01_02_03_00.png?v=20201113	magic	マジック	yellow	黄	1	PC:03 EVOLVE	8		C					
yellow_01_02_04_00	yellow	オリアナの第1魔法：スカウト	Olianna's Spells, Entry 1: Scout	1			【メイン】\n自分のデッキを上から3枚見て、その中の黄のミ二\nオンカード1枚を公開して手札に加える。残りをラ\nンダムにデッキの下に戻す。その後、このカードを\n手札に加える。	"This card is part of the Arcana class. [Main]\nLook at the top three cards of your deck and select one Yellow Minion. Reveal it to your\nopponent and add it to your hand. Put the rest back on the bottom of your deck in random order. Then, banish this card and add one ""Olianna's Spells\nEntry 2: Release"" to your hand."					ocr	238	オリアナの第1魔法：スカウト	https://www.aicarddass.com/zenonzard/images/cardlist/cards/yellow_01_02_04_00.png?v=20201113	magic	マジック	yellow	黄	1	PC:04 FORBIDDEN	6		R					
yellow_01_02_04_01	yellow	ハライの第1魔法：リカバリー	Harai's Spells, Entry 1: Restoration	1			【メイン】\n自分のコスト3以下のミニオン1体をアクティブに\n2魔法：エアーロック」1枚を手札に加える。						ocr	239	ハライの第1魔法：リカバリー	https://www.aicarddass.com/zenonzard/images/cardlist/cards/yellow_01_02_04_01.png?v=20201113	magic	マジック	yellow	黄	1	PC:04 FORBIDDEN	6		E					
yellow_01_02_05_00	yellow	エンジェリックストライク Lv1	Angelic Strike Lv.1	1			【メイン】\n自分のプレイヤーに「ターンに1回、自分の種族「エ\nンジェル」を持つミニオンがフィールドに出るたび、\n相手のミニオン1体を選択する。このターン中、その\nミニオンはアタックもブロックも移動もできない。」\nを付与する。この効果は重複しない。\n進化：この力一ド手札から使用したとき	"[Main]\nYou receive the following effect (this effect cannot stack):\nOnce per turn, select one of your opponent's minions when a minion belonging to the Angel class enters your field.\nThe selected minion cannot attack, block, or move for the duration of the turn.\nEvolve: Use this card from your hand\n""Angelic Strike Lv.1"" becomes Lv.2."					ocr	240	エンジェリックストライク Lv1	https://www.aicarddass.com/zenonzard/images/cardlist/cards/yellow_01_02_05_00.png?v=20201113	magic	マジック	yellow	黄	1	PC:05 GLORY	2		L					
yellow_01_03_00_00	yellow	レブレーション	Revelation	1	-	-	【メイン】\n自分のデッキを上から3枚見て、その中のフィールド・ミニオンカード1枚を公開して手札に加える。残りをランダムにデッキの下に戻す。	[Main]\nLook at the top three cards of your deck\nand select one Field Minion. Reveal it to your opponent and add it to your hand. Put the rest back on the bottom of your deck in random order.	Basic				gamerch	234	レブレーション	https://www.aicarddass.com/zenonzard/images/cardlist/cards/yellow_01_03_00_00.png?v=20201113	magic	マジック	yellow	黄	1	ベーシック	15		Basic					
yellow_01_03_01r_00	yellow	サンフィスト	Brilliant Fist	1			【メイン】/【フラッシュ】\nこのターン中、相手の手札にあるマジックカードのフリーコストを3増やす。	[Main]/[Flash]\nIncrease the basic cost of the Magic cards in your opponent's hand by 3 for the duration of this turn.	BEYOND				gamerch	235	サンフィスト	https://www.aicarddass.com/zenonzard/images/cardlist/cards/yellow_01_03_01r_00.png?v=20201113	magic	マジック	yellow	黄	1	PC:01R BEYOND	12		C					
yellow_01_03_02r_00	yellow	ビルドアップ	Build Up	1			【フラッシュ】\nこのバトル中、自分のミ二オン1体をBP+200す\nる。そのミ二オンがバトルに勝利した場合、自分のト	"[Flash]\nSelect one of your minions to gain +200BP for the duration of this battle.\nIf that minion wins the battle, return one ""Build Up"" from your trash to your hand."					ocr	236	ビルドアップ	https://www.aicarddass.com/zenonzard/images/cardlist/cards/yellow_01_03_02r_00.png?v=20201113	magic	マジック	yellow	黄	1	PC:02R DIVINE	10		C					
yellow_02_01_03_00	yellow	カナタナの自警団員	Protector of Kanatana	2			【召喚時】\n他の自分の種族「アヴィアン」または「アルカナ」\nを持つミ二オン1体にBP+200を付与する。	[When Summoned]\nSelect one of your other minions\nbelonging to the Avian or Arcana class to receive\n+200BP.					ocr	247	カナタナの自警団員	https://www.aicarddass.com/zenonzard/images/cardlist/cards/yellow_02_01_03_00.png?v=20201113	field_minion	フィールド・ミニオン	yellow	黄	2	PC:03 EVOLVE	8	アヴィアン	C					
yellow_02_01_03_01	yellow	ガーディアン・モンキー	Monkey Guardian	2			《ベース》\n【後退時】\nこのターン中、自分の黄のミニオン1体をBP+300\nする。	<Base> [When Retreating]\nSelect one of your Yellow Minions to gain\n+300BP for the duration of this turn.					ocr	248	ガーディアン・モンキー	https://www.aicarddass.com/zenonzard/images/cardlist/cards/yellow_02_01_03_01.png?v=20201113	field_minion	フィールド・ミニオン	yellow	黄	2	PC:03 EVOLVE	8	ガーディアン	C					
yellow_02_01_04_00	yellow	カナタナの術士	Technician of Kanatana	2			【加護時】&【破壊時】\n他の自分のミ二オン１体にBP+200を付与する。	[When Boosted] & [When Destroyed]\nSelect one of your other minions to\nreceive +200BP.					ocr	250	カナタナの術士	https://www.aicarddass.com/zenonzard/images/cardlist/cards/yellow_02_01_04_00.png?v=20201113	field_minion	フィールド・ミニオン	yellow	黄	2	PC:04 FORBIDDEN	6	アヴィアン	C					
yellow_02_01_04_01	yellow	オナガの伝令	Magpie Messenger	2			飛来	Swoop					ocr	251	オナガの伝令	https://www.aicarddass.com/zenonzard/images/cardlist/cards/yellow_02_01_04_01.png?v=20201113	field_minion	フィールド・ミニオン	yellow	黄	2	PC:04 FORBIDDEN	6	ウイング	C					
yellow_02_01_04_02	yellow	スネークテイル	The Reptailian	2			【アタック時】\nこのミニオンのBP以下の相手のミニオン1体を選\n択する。次の相手のタ一終了時まで、その三二才\nンはタックもブックも移動もできない。	[When Attacking]\nSelect one of your opponent's minions\nwith less BP than this one to prevent it from\nattacking, blocking or moving until the\nend of your opponent's turn.					ocr	252	スネークテイル	https://www.aicarddass.com/zenonzard/images/cardlist/cards/yellow_02_01_04_02.png?v=20201113	field_minion	フィールド・ミニオン	yellow	黄	2	PC:04 FORBIDDEN	6	キマイラ	E					
yellow_02_01_05_00	yellow	戦天使メイル	Armon the War Angel	2			【常時】\nこのターンに他の自分の種族\n「エンエル」を持つ\nミニオンを召喚している場合、このミニオンは相手\nの効果とバトルでは破壊されない。	Resurge\n[Passive]\nIf you have summoned another minion\nbelonging to the Angel class during this\nturn, this minion cannot be destroyed by\nbattle or your opponent's card effects.					ocr	258	戦天使メイル	https://www.aicarddass.com/zenonzard/images/cardlist/cards/yellow_02_01_05_00.png?v=20201113	field_minion	フィールド・ミニオン	yellow	黄	2	PC:05 GLORY	2	エンジェル	C					
yellow_02_01_05_01	yellow	クロコシャーク	Croc Shark	2			《ベース》\n【後退時】\n自分が「翔のフォース“ペガサス”」を選んでいる場\n合、このターン中、自分の種族「キマイラ」または\n「レギオン」を持つミニオン1体をBP+200/DP+\n1する。	<Base> [When Retreating]\nIf you have chosen the Force of\nAscension - Pegasus, select one of your minions\nbelonging to the Chimera or Legion class\nto gain +200BP/+1DP for the duration of\nthis turn.					ocr	259	クロコシャーク	https://www.aicarddass.com/zenonzard/images/cardlist/cards/yellow_02_01_05_01.png?v=20201113	field_minion	フィールド・ミニオン	yellow	黄	2	PC:05 GLORY	2	キマイラ|レギオン	R					
yellow_02_01_05_02	yellow	「宮廷学者」ボストン	Boston - The Palace Scholar	2			【自分の夕\nこのミ二オンが自分の効果で選択されるたび、相手\nのコスト5以下のミニオン1体を手札に戻す。	[On Your Turn]\nWhenever this minion is selected for one\nof your effects, return one of your\nopponent's minions with a cost of 5 or lower to\ntheir hand.					ocr	260	「宮廷学者」ボストン	https://www.aicarddass.com/zenonzard/images/cardlist/cards/yellow_02_01_05_02.png?v=20201113	field_minion	フィールド・ミニオン	yellow	黄	2	PC:05 GLORY	2	ガーディアン	E					
yellow_02_01_06_00	yellow	戦天使メイスナイト	Claviger the War Angel	1			【召喚時】\nジェル」を持つミニオン1体を手札に戻すことができ\nる。そうした場合、このミ二オンにBP+200/DP\n+１を付与する。	[When Summoned]\nYou can return one of your minions\nbelonging to the Angel class that is not\nClaviger the War Angel to your hand. If you\ndo, this minion receives +200BP/+1DP					ocr	233	戦天使メイスナイト	https://www.aicarddass.com/zenonzard/images/cardlist/cards/yellow_02_01_06_00.png?v=20201113	field_minion	フィールド・ミニオン	yellow	黄	1	PC:06 HELIX	1	エンジェル	C					
yellow_02_01_06_01	yellow	「心眼の天使」戦天使シン	Shyn - The All-Seeing War Angel	2			【常時】\n自分の手札にある種族「エンジェル」を持つフィル\nド・ミニオンカードのフリーコストを1減らす。この\n効果は重複しない。\n【常時】\n他の自分のコスト4以上の、種族「エンジェル」を持\nつミニオンがフィールドに出るたび、自分はカードを\n1枚引く。この効果は重複しない。\nＬEＧEND	[Passive]\nReduce the basic cost of your Field Minions\nbelonging to the Angel class in your hand by 1.\nThis effect cannot stack.\n[Passive]\nWhenever another minion belonging to the\nAngel class with a cost of 4 or higher enters your\nfield, draw one card. This effect cannot stack					ocr	261	「心眼の天使」戦天使シン	https://www.aicarddass.com/zenonzard/images/cardlist/cards/yellow_02_01_06_01.png?v=20201113	field_minion	フィールド・ミニオン	yellow	黄	2	PC:06 HELIX	1	エンジェル	L					
yellow_02_01_EX03_00	yellow	麒麟星獣リーン	The KylinStarBeast Rean	2			【常時】\nこのミニオンには条件を無視して種族「ブレイヴ」\nを持つ[加護〕を付与させることができる。	Cost Reduction: Yellow\n[Passive]\nThis minion can receive a {Boost} from\nminion belonging to the Brave class while\nignoring any required conditions.					ocr	253	麒麟星獣リーン	https://www.aicarddass.com/zenonzard/images/cardlist/cards/yellow_02_01_EX03_00.png?v=20201113	field_minion	フィールド・ミニオン	yellow	黄	2	EX:03 Battle Spirits	5	BS|ビースト	L					
yellow_02_01_EX03_01	yellow	キカザール	Kikasaal	2			【常時】\n自分のコスト2のミニオンが1体以上破壊されるた\nぴ、自分は力ードを1枚引く。	[Passive]\nDraw one card whenever one or more of\nyour minions with a cost of 2 is destroyed.					ocr	254	キカザール	https://www.aicarddass.com/zenonzard/images/cardlist/cards/yellow_02_01_EX03_01.png?v=20201113	field_minion	フィールド・ミニオン	yellow	黄	2	EX:03 Battle Spirits	5	BS|ビースト	R					
yellow_02_01_EX03_02	yellow	ミノガメン	Minogamen	2			【召喚時】\n自分のデッキを上から1枚見て、\nコスト2のカード\nの場合、公開して手札に加える。それ以外の場合、\nデッキの下に戻す。	[When Summoned]\nLook at the top card of your deck and if\nit's a card with a cost of 2, reveal it to your\nopponent and add it to your hand.\nOtherwise, put the card on the bottom of your\ndeck.					ocr	255	ミノガメン	https://www.aicarddass.com/zenonzard/images/cardlist/cards/yellow_02_01_EX03_02.png?v=20201113	field_minion	フィールド・ミニオン	yellow	黄	2	EX:03 Battle Spirits	5	BS	C					
yellow_02_01_EX03_03	yellow	森の妖精ペンタン	The ForestElf Pentan	2			【召喚時】\n自分のミニオンカードでない無色マナ1つを「コ\nア」に変更する。	Cost Reduction: Yellow\n[When Summoned]\nChange one of your Neutral Mana that is\nnot a minion card into a Core.					ocr	256	森の妖精ペンタン	https://www.aicarddass.com/zenonzard/images/cardlist/cards/yellow_02_01_EX03_03.png?v=20201113	field_minion	フィールド・ミニオン	yellow	黄	2	EX:03 Battle Spirits	5	BS	C					
yellow_02_01_EX03_04	yellow	天使クレイオ	The Angelia Kleio	2			【常時】\n自分のコスト2のミニオンが1体以上破壊されるた\nぴ、自分はカードを1枚引く。\nEPIＣ	[Passive]\nDraw one card whenever one or more of\nyour minions with a cost of 2 is destroyed.					ocr	257	天使クレイオ	https://www.aicarddass.com/zenonzard/images/cardlist/cards/yellow_02_01_EX03_04.png?v=20201113	field_minion	フィールド・ミニオン	yellow	黄	2	EX:03 Battle Spirits	5	BS|エンジェル	E					
yellow_02_02_00_00	yellow	ミーアプリースト	Meerpriest	2	200	1	【召喚時】\nこのターン中、自分のミニオン1体をBP+200する。	[When Summoned]\nSelect one of your minions to gain\n+200BP for the duration of this turn.	Basic				gamerch	241	ミーアプリースト	https://www.aicarddass.com/zenonzard/images/cardlist/cards/yellow_02_02_00_00.png?v=20201113	field_minion	フィールド・ミニオン	yellow	黄	2	ベーシック	15	ガーディアン	Basic					
yellow_02_02_00_01	yellow	ミーアマジシャン	Meermage	2	300	1	効果なし		Basic				gamerch	242	ミーアマジシャン	https://www.aicarddass.com/zenonzard/images/cardlist/cards/yellow_02_02_00_01.png?v=20201113	field_minion	フィールド・ミニオン	yellow	黄	2	ベーシック	15	ガーディアン	Basic					
yellow_02_02_01r_00	yellow	エンジェルバニー	Angel Bunny	2	200	1	【後退時】\n自分のコスト6以上の黄のミニオン1体をアクティブにする。	<Base> [When Retreating]\nPut one of your Yellow Minions with\ncost of 6 or higher in the Active State.	BEYOND				gamerch	243	エンジェルバニー	https://www.aicarddass.com/zenonzard/images/cardlist/cards/yellow_02_02_01r_00.png?v=20201113	field_minion	フィールド・ミニオン	yellow	黄	2	PC:01R BEYOND	12	キマイラ	C					
yellow_02_02_02c_00	yellow	「水の癒し手」シウネー		2			【召喚時】&\nスイッチ：「閃光」/「絶剣]\n自分のデッキを上から2枚見て、その中の種族「\nソード」を持つフィールド・ミニオンカード1枚を公\n開して手札に加える。残りをランダムにデッキの下\nに戻す。						ocr	246	「水の癒し手」シウネー	https://www.aicarddass.com/zenonzard/images/cardlist/cards/yellow_02_02_02c_00.png?v=20201113	field_minion	フィールド・ミニオン	yellow	黄	2	EXCODE:02C SAO	9	ソード	R					
yellow_02_02_02r_00	yellow	カラス・コテング	The Little Crow Tengu	2			飛来	Swoop					ocr	244	カラス・コテング	https://www.aicarddass.com/zenonzard/images/cardlist/cards/yellow_02_02_02r_00.png?v=20201113	field_minion	フィールド・ミニオン	yellow	黄	2	PC:02R DIVINE	10	アヴィアン	C					
yellow_02_02_02r_01	yellow	ブルーナイトオウル	Blue Night Owl	2			【加護時】\n自分のデッキを上から3枚見て、その中のフィール\nド・ミニオンカード1枚を公開して手札に加える。\n残りをランダムにデッキの下に戻す。	[When Boosted]\nLook at the top three cards of your deck\nand select one Field Minion. Reveal it to\nyour opponent and add it to your hand. Put\nthe rest back on the bottom of your deck\nin random order.					ocr	245	ブルーナイトオウル	https://www.aicarddass.com/zenonzard/images/cardlist/cards/yellow_02_02_02r_01.png?v=20201113	field_minion	フィールド・ミニオン	yellow	黄	2	PC:02R DIVINE	10	ウイング	C					
yellow_02_02_04_00	yellow	ホワイトキャットの扇	Cathleen's Fan	2			自分のミ二オン1体に[襲撃]と[再起]を付与す	[Main]\nSelect one of your minions to receive the {Charge} and {Resurge} effect.					ocr	266	ホワイトキャットの扇	https://www.aicarddass.com/zenonzard/images/cardlist/cards/yellow_02_02_04_00.png?v=20201113	magic	マジック	yellow	黄	2	PC:04 FORBIDDEN	6		C					
yellow_02_02_04_01	yellow	オリアナの第2魔法：リリース	Olianna's Spells, Entry 2: Release	2			【メイン】\n自分のミニオン1体に「【破壊時】このミニオンを\n手札に戻す。」を付与する。その後、この力一ドを\n手札に加える。	"This card is part of the Arcana class.\n[Main]\nSelect one of your minions to receive the following effect before banishing this card and adding one ""Olianna's Spells, Entry 3: Unleash"" to your hand:\n[When Destroyed] Return this minion to your hand."					ocr	267	オリアナの第2魔法：リリース	https://www.aicarddass.com/zenonzard/images/cardlist/cards/yellow_02_02_04_01.png?v=20201113	magic	マジック	yellow	黄	2	PC:04 FORBIDDEN	6		R					
yellow_02_02_04_02	yellow	ハライの第2魔法：エアーロック	Harai's Spells, Entry 2: Air Snare	2			【メイン】\n次の相手のターン終了時まで、相手のコスト6以下\nのミニオン1体はアタックもブロックも移動もでき\n3魔法：タイフーン」1枚を手札に加える。	"This card is part of the Arcana class.\n[Main]\nSelect one of your opponent's minions with a cost of 6 or lower to prevent it from attacking, blocking or moving until the end of your opponent's turn.\nThen, banish this card and add one ""Harai's Spells, Entry 3: Typhoon"" to your hand."					ocr	268	ハライの第2魔法：エアーロック	https://www.aicarddass.com/zenonzard/images/cardlist/cards/yellow_02_02_04_02.png?v=20201113	magic	マジック	yellow	黄	2	PC:04 FORBIDDEN	6		E					
yellow_02_02_05_00	yellow	エンジェル・リウィンド	Angelic Rewind	2			【フラッシュ】\n札に戻す。そうした場合、相手のミ二オン1体を手\n札に戻す。	[Flash]\nReturn one of your minions belonging to the Angel class to your hand. If you do, return one of your opponent's minions to their hand.					ocr	270	エンジェル・リウィンド	https://www.aicarddass.com/zenonzard/images/cardlist/cards/yellow_02_02_05_00.png?v=20201113	magic	マジック	yellow	黄	2	PC:05 GLORY	2		C					
yellow_02_02_06_00	yellow	シャインソード	Shine Sword	4			【フラッシュ】\n相手のミ二オン1体を手札に戻す。自分の種族「工\nンジェル」を持つミニオンがいる場合、代わりに相\n手のミニオン1体をデッキの上に戻す。	[Flash]\nReturn one of your opponent's minions to their hand. If you have a minion belonging to the Angel class on your field,\nreturn that minion to the top of their deck instead.					ocr	323	シャインソード	https://www.aicarddass.com/zenonzard/images/cardlist/cards/yellow_02_02_06_00.png?v=20201113	magic	マジック	yellow	黄	4	PC:06 HELIX	1		R					
yellow_02_02_EX02_00	yellow	「池の精霊」シズク	Slosha - Spirit of the Pond	2			【召喚時】＆\nスイッチ：「閃光」/「絶剣]\n自分のデッキを上から2枚見て、その中の種族「\nソード」を持つフルド・ミニオンカド1枚を公\n開して手札に加える。残りをランダにデッキの下\nに戻す。	[When Summoned] & Switch: Swift/Sovereign Blade\nLook at the top two cards of your deck\nand select one Field Minion belonging to\nthe Sword class. Reveal it to your opponent\nand add it to your hand. Put the rest back\non the bottom of your deck in random\norder.					ocr	249	「池の精霊」シズク	https://www.aicarddass.com/zenonzard/images/cardlist/cards/yellow_02_02_EX02_00.png?v=20201113	field_minion	フィールド・ミニオン	yellow	黄	2	EX:02 幻影の剣士	7	ソード	R					
yellow_02_02_EX03_00	yellow	ローヤルポーション	Royal Potion	2			【フラッシュ】\n自分のコスト2のミニオン全てをアクティブにす	[Flash]\nAll your minions with a cost of 2 enter the Active State.					ocr	269	ローヤルポーション	https://www.aicarddass.com/zenonzard/images/cardlist/cards/yellow_02_02_EX03_00.png?v=20201113	magic	マジック	yellow	黄	2	EX:03 Battle Spirits	5		C					
yellow_02_03_00_00	yellow	不意打ち	Surprise Attack	2	-	-	【フラッシュ】\nこのターン中、ミニオン1体をBP+300する。他の自分のミニオン1体を手札に戻すことができる。	[Flash]\nSelect one minion to gain +300BP for the duration of this turn. You can return one other minion to your hand.	Basic				gamerch	264	不意打ち	https://www.aicarddass.com/zenonzard/images/cardlist/cards/yellow_02_03_00_00.png?v=20201113	magic	マジック	yellow	黄	2	ベーシック	15		Basic					
yellow_02_03_01_00	yellow	キマイラの旋風	Chimera Vortex	2	-	-	【フラッシュ】\nコスト4以下のミニオン1体を手札に戻す。	[Flash]\nReturn one minion with a cost of 4 or lower to the hand.	AWAKEN				gamerch	263	キマイラの旋風	https://www.aicarddass.com/zenonzard/images/cardlist/cards/yellow_02_03_01_00.png?v=20201113	magic	マジック	yellow	黄	2	PC:01 AWAKEN	14		C					
yellow_02_03_02_00	yellow	エアレイド	Air Raid	2(黄1)			【フラッシュ】\n相手のミニオン1体にBP-200を付与する。このターンに自分がミニオンを召喚している場合、代わりにBP-400を付与する。	[Flash]\nDeal -200BP to one of your opponent's minions. If you have summoned a minion this turn, deal -400BP instead.	CONTRACT				gamerch	265	エアレイド	https://www.aicarddass.com/zenonzard/images/cardlist/cards/yellow_02_03_02_00.png?v=20201113	magic	マジック	yellow	黄	2	PC:02 CONTRACT	11		R					
yellow_02_03_EX04_00	yellow	トリロバイトマギア	Token Guardian S	2			このカードはミニオン・\nトークンである。						ocr	271	トリロバイトマギア	https://www.aicarddass.com/zenonzard/images/cardlist/cards/yellow_02_03_EX04_00.png?v=20201113	token_minion	ミニオン・トークン	yellow	黄	2	EX:04 KAMEN RIDER	4	ガーディアン	Basic					
yellow_02_03_EX04c_00	yellow	S・ガーディアン・トークン		2										272	S・ガーディアン・トークン	https://www.aicarddass.com/zenonzard/images/cardlist/cards/yellow_02_03_EX04c_00.png?v=20201113	token_minion	ミニオン・トークン	yellow	黄	2	EX:04 HEROIC_MASQUERADE	3	ガーディアン	Basic					
yellow_03_01_03_00	yellow	「キラリの召喚獣」ツァルコア Lv3	Dyadra - Of Star Lv.3	3			【常時】\n自分の手札にある種族「キマイラ」を持つフィール\nド・ミニオンカードのフリーコストを2減らす。	[At the End of Your Turn]\nLook at the top card of your deck. If it is a Field\nMinion belonging to the Chimera class, reveal it to\nyour opponent, and add it to your hand. In any\nother case, return it to the bottom of your deck\n[Passive]\nThe basic cost of minions belonging to the\nChimera class in your hand is reduced by 2.					ocr	284	「キラリの召喚獣」ツァルコア Lv3	https://www.aicarddass.com/zenonzard/images/cardlist/cards/yellow_03_01_03_00.png?v=20201113	field_minion	フィールド・ミニオン	yellow	黄	3	PC:03 EVOLVE	8	アルカナ	R					
yellow_03_01_03_02	yellow	「カナタナの住人」サスケ	Sasuke - Denizen of Kanatana	3			【召喚時】\n自分のデッキを上から3枚見て、その中の黄のミニオンカード1枚\nを公開して手札に加える。残りをンダにデッキの下に戻す。\n【常時】\nこのミニオンがアクテブ状態でければ[加]は付与されな\n【加護時】\n黄の加護でる場合、加護しているマナを除外して、\n「隠密の\n忍者」サスケ」に変形する。	"[When Summoned]\nLook at the top three cards of your deck and select one Yellow\nMinion. Reveal it to your opponent and add it to your hand. Put\nthe rest back on the bottom of your deck in random order.\n[Passive]\nThis minion cannot receive a {Boost} when not in the Active\nState.\n[When Boosted]\nIf Boosted by a Yellow Mana, banish that mana. This card\nTransforms into ""Sasuke - Undercover Shinobi""."					ocr	280	「カナタナの住人」サスケ	https://www.aicarddass.com/zenonzard/images/cardlist/cards/yellow_03_01_03_02.png?v=20201113	field_minion	フィールド・ミニオン	yellow	黄	3	PC:03 EVOLVE	8	アヴィアン|ソード	E					
yellow_03_01_03_03	yellow	「隠密の忍者」サスケ	Sasuke - Undercover Shinobi	3			【変形時】\n「キマイラの旋風」1枚を手札に加える。黄マナ1\nつをレスト状態でベースに置く。\n【常時】\n相手のフィールドにいるミニオンが手札またはデッ\nキに戻るたび、このミニオンをアクティブにする。	[When Transformed]\nAdd one Chimera Vortex to your hand.\nPlace one Yellow Mana into your base in the\nRest State.\n[Passive]\nWhenever one of your opponent's minions\nreturns from the field to their hand or deck\nthis minion enters the Active State.					ocr	281	「隠密の忍者」サスケ	https://www.aicarddass.com/zenonzard/images/cardlist/cards/yellow_03_01_03_03.png?v=20201113	field_minion	フィールド・ミニオン	yellow	黄	3	PC:03 EVOLVE	8	アヴィアン|ソード	E					
yellow_03_01_03_04	yellow	「キラリの召喚獣」ツァルコア Lv1	Dyadra - Of Star Lv.1	3			進化：手札から「キマイラ」が召喚されたとき	Evolve: Summon minion from the Chimera class\nStar - Conjurer of Winged Serpents Lv. 1\nand Dyadra - Of Star Lv.1 become Lv.2.					ocr	282	「キラリの召喚獣」ツァルコア Lv1	https://www.aicarddass.com/zenonzard/images/cardlist/cards/yellow_03_01_03_04.png?v=20201113	field_minion	フィールド・ミニオン	yellow	黄	3	PC:03 EVOLVE	8	アルカナ	R					
yellow_03_01_03_05	yellow	「キラリの召喚獣」ツァルコア Lv2	Dyadra - Of Star Lv.2	3			【自分のタ一ン終了時】\n自分のデッキを上から1枚見て、種族「キマイラ」を\n持つフィールド・ミニオンカードの場合、公開して手\n札に加える。それ以外の場合、デッキの下に戻す。\n進化：手札から「キマイラ」が召喚されたとき	Look at the top card of your deck. If it is a Field\nMinion belonging to the Chimera class, reveal it to\nyour opponent, and add it to your hand. In any\nother case, return it to the bottom of your deck\nEvolve: Summon minton from the Chimera class\nStar - Conjurer of Winged Serpents Lv.2 and\nDyadra - Of Star Lv.2 become Lv.3.					ocr	283	「キラリの召喚獣」ツァルコア Lv2	https://www.aicarddass.com/zenonzard/images/cardlist/cards/yellow_03_01_03_05.png?v=20201113	field_minion	フィールド・ミニオン	yellow	黄	3	PC:03 EVOLVE	8	アルカナ	R					
yellow_03_01_04_00	yellow	ライアーキャット	False Feline	3			【常時】\nこのミ二オンが自分の効果で選択されるたび、自分\nはカードを１枚引く。	[Passive]\nWhen this minion is selected for one of\nyour effects, draw one card.					ocr	286	ライアーキャット	https://www.aicarddass.com/zenonzard/images/cardlist/cards/yellow_03_01_04_00.png?v=20201113	field_minion	フィールド・ミニオン	yellow	黄	3	PC:04 FORBIDDEN	6	ビースト	C					
yellow_03_01_05_00	yellow	戦天使ナース	Medi the War Angel	3			【召喚時】\n自分はデッキの中から「エンジェリックストライ\nク」1枚を公開して手札に加えることができる。その\n後、自分のデッキをシャッフルする。\n【進撃時】\nこのターン終了時、自分のマナ全てをアクティブに\nする。	"[When Summoned]\nYou can search your deck for one ""Angelic\nStrike"", reveal it to your opponent, and add it\nto your hand. Then, shuffle your deck.\n[When Advancing]\nWhen this turn ends, all your mana return\nto the Active State."					ocr	294	戦天使ナース	https://www.aicarddass.com/zenonzard/images/cardlist/cards/yellow_03_01_05_00.png?v=20201113	field_minion	フィールド・ミニオン	yellow	黄	3	PC:05 GLORY	2	エンジェル	C					
yellow_03_01_EX03_00	yellow	天使ヘルヴィム	The Angelia Cherubim	3			【召喚時】\n自分のデッキを上から3枚見て、その中の黄のマジッ\nクカド1枚を公開して手札に加える。残りをンダ\nムにデッキの下に戻す。\n【アタック時】\nこのミニオンに「コア」が付与されている場合、自分\nのトラッシュにある黄のマジックカード1枚を手札に\n戻す。	[When Summoned]\nLook at the top three cards of your deck and\nselect one Yellow Magic card. Reveal it to your\nopponent and add it to your hand. Put the rest back on\nthe bottom of your deck in random order.\n[When Attacking]\nIf this minion has received a Core, retrieve one\nYellow Magic card from your trash and return it to\nyour hand.					ocr	287	天使ヘルヴィム	https://www.aicarddass.com/zenonzard/images/cardlist/cards/yellow_03_01_EX03_00.png?v=20201113	field_minion	フィールド・ミニオン	yellow	黄	3	EX:03 Battle Spirits	5	BS|エンジェル	R					
yellow_03_01_EX04_00	yellow	仮面ライダー迅 フライングファルコン	Roselle - Mask of Bolts	3			【自分の夕\nこのミニオンがダメージを与えるたび、種族「仮\n面」を持つ黄のミ二オンに変身できる。	Swoop\n[On Your Turn]\nWhenever this minion deals damage, it\ncan Morph into a Yellow Minion belonging\nto the Mask class.					ocr	288	仮面ライダー迅 フライングファルコン	https://www.aicarddass.com/zenonzard/images/cardlist/cards/yellow_03_01_EX04_00.png?v=20201113	field_minion	フィールド・ミニオン	yellow	黄	3	EX:04 KAMEN RIDER	4	仮面	C					
yellow_03_01_EX04_01	yellow	仮面ライダー雷	Ciel - Mask of Thunder	3			【召喚時】\n自分のデッキを上から3枚見て、その中の黄の\nフィールド・ミニオンカード1枚を公開して手札に加え\nる。残りをランダムにデッキの下に戻す。手札に加\nえたカードが種族「仮面」を持つ場合、このターン\n中、そのカードのフリーコストを3減らす。	[When Summoned]\nLook at the top three cards of your deck\nand select one Yellow Field Minion. Reveal\nit to your opponent and add it to your\nhand. Put the rest back on the bottom of\nyour deck in random order. If that card\nbelongs to the Mask class, its basic cost is\nreduced by 3 for the duration of this turn					ocr	289	仮面ライダー雷	https://www.aicarddass.com/zenonzard/images/cardlist/cards/yellow_03_01_EX04_01.png?v=20201113	field_minion	フィールド・ミニオン	yellow	黄	3	EX:04 KAMEN RIDER	4	仮面	C					
yellow_03_01_EX04_02	yellow	仮面ライダー滅 スティングスコーピオン	Brutess - Mask of Eradication	3			【常時】\n自分の[飛来]を持つ黄のミ二オン全ては、\n相手の\n効果で破壊されない。	[Passive]\nYour Yellow Minions with the {Swoop}\neffect cannot be destroyed by your\nopponent's effects.					ocr	290	仮面ライダー滅 スティングスコーピオン	https://www.aicarddass.com/zenonzard/images/cardlist/cards/yellow_03_01_EX04_02.png?v=20201113	field_minion	フィールド・ミニオン	yellow	黄	3	EX:04 KAMEN RIDER	4	仮面	C					
yellow_03_01_EX04c_00	yellow	迅雷のマスク ローゼル		3			【自分の夕\nこのミニオンがダメージを与えるたび、種族「仮\n面」を持つ黄のミ二オンに変身できる。						ocr	291	迅雷のマスク ローゼル	https://www.aicarddass.com/zenonzard/images/cardlist/cards/yellow_03_01_EX04c_00.png?v=20201113	field_minion	フィールド・ミニオン	yellow	黄	3	EX:04 HEROIC_MASQUERADE	3	仮面	C					
yellow_03_01_EX04c_01	yellow	雷鳴のマスク シエル		3			【召喚時】\n自分のデッキを上から3枚見て、その中の黄の\nフィールド・ミニオンカード1枚を公開して札に加え\nる。残りをランダムにデッキの下に戻す。手札に加\nえたカードが種族「仮面」を持つ場合、このターン\n中、そのカードのフリーコストを3減らす。						ocr	292	雷鳴のマスク シエル	https://www.aicarddass.com/zenonzard/images/cardlist/cards/yellow_03_01_EX04c_01.png?v=20201113	field_minion	フィールド・ミニオン	yellow	黄	3	EX:04 HEROIC_MASQUERADE	3	仮面	C					
yellow_03_01_EX04c_02	yellow	撃滅のマスク クルエル		3			【常時】\n自分の[飛来〕を持つ黄のミ二オン全ては、相手の\n効果で破壊されない。						ocr	293	撃滅のマスク クルエル	https://www.aicarddass.com/zenonzard/images/cardlist/cards/yellow_03_01_EX04c_02.png?v=20201113	field_minion	フィールド・ミニオン	yellow	黄	3	EX:04 HEROIC_MASQUERADE	3	仮面	C					
yellow_03_02_00_00	yellow	フェニックスの雛	Fledgling Phoenix	3	200	1	【召喚時】\n自分のデッキを上から2枚見て、その中のフィールド・ミニオンカード1枚を公開して手札に加える。残りをランダムにデッキの下に戻す。	[When Summoned]\nLook at the top two cards of your deck\nand select one Field Minion. Reveal it to\nyour opponent and add it to your hand. Put\nthe rest back on the bottom of your deck\nin random order.	Basic				gamerch	276	フェニックスの雛	https://www.aicarddass.com/zenonzard/images/cardlist/cards/yellow_03_02_00_00.png?v=20201113	field_minion	フィールド・ミニオン	yellow	黄	3	ベーシック	15	フェニックス	Basic					
yellow_03_02_01_00	yellow	レイヴン・キャット	Raven Cat	3	400	1	【常時】\n他の自分のミニオンがフィールドに出るたび、このターン中、このミニオンをBP+200する。	[Passive]\nWhenever another minion enters your\nfield, this minion gains +200BP for the\nduration of this turn.	AWAKEN				gamerch	273	レイヴン・キャット	https://www.aicarddass.com/zenonzard/images/cardlist/cards/yellow_03_02_01_00.png?v=20201113	field_minion	フィールド・ミニオン	yellow	黄	3	PC:01 AWAKEN	14	キマイラ	C					
yellow_03_02_01_01	yellow	カラス天狗シグレ	Sigre - The Crow Tengu	3	300	1	［飛来］	Swoop	AWAKEN				gamerch	274	カラス天狗シグレ	https://www.aicarddass.com/zenonzard/images/cardlist/cards/yellow_03_02_01_01.png?v=20201113	field_minion	フィールド・ミニオン	yellow	黄	3	PC:01 AWAKEN	14	アヴィアン	C					
yellow_03_02_01_02	yellow	「導きの天女」アンジェラ	Angela - The Celestial Pathfinder	3	400	1	［連携：黄］\n【常時】\n他の自分の黄のミニオンがフィールドに出るたび、このターン中、自分のミニオン全てをBP+100する。	Chain: Yellow\n[Passive]\nWhenever another Yellow Minion enters\nyour field, all your minions gain +100BP\nfor the duration of this turn.	AWAKEN				gamerch	275	「導きの天女」アンジェラ	https://www.aicarddass.com/zenonzard/images/cardlist/cards/yellow_03_02_01_02.png?v=20201113	field_minion	フィールド・ミニオン	yellow	黄	3	PC:01 AWAKEN	14	エンジェル	E					
yellow_03_02_02_00	yellow	ハンマー・ベア	Morning Star Bear	3(黄1)	500	1	効果なし						seesaa	277	ハンマー・ベア	https://www.aicarddass.com/zenonzard/images/cardlist/cards/yellow_03_02_02_00.png?v=20201113	field_minion	フィールド・ミニオン	yellow	黄	3	PC:02 CONTRACT	11	ガーディアン	C					
yellow_03_02_02c_00	yellow	「ケットシー領主」アリシャ・ルー		3			【常時】\n他の自分のミニオンがフイールドに出るたび、この\nターン中、自分の種族「ソード」を持つミニオン全\nてをBP+100する。						ocr	279	「ケットシー領主」アリシャ・ルー	https://www.aicarddass.com/zenonzard/images/cardlist/cards/yellow_03_02_02c_00.png?v=20201113	field_minion	フィールド・ミニオン	yellow	黄	3	EXCODE:02C SAO	9	ソード	C					
yellow_03_02_02r_00	yellow	特攻ツバメ	Destructive Swallow	3			【アタック時】\nこのタ一ン中、他の自分のミニオン1体をBP+200\nする。	[When Attacking]\nSelect one of your other minions to gain\n+200BP for the duration of this turn.					ocr	278	特攻ツバメ	https://www.aicarddass.com/zenonzard/images/cardlist/cards/yellow_03_02_02r_00.png?v=20201113	field_minion	フィールド・ミニオン	yellow	黄	3	PC:02R DIVINE	10	ウイング	C					
yellow_03_02_03_00	yellow	パトロール	Patrol	3			【メイン】/フラッシュ】\n自分の種族「アルカナ」を持つミニオンがいる場\n合、相手のミ二オン1体を手札に戻す。自分の種族\n「アルカナ」を持つミニオンがいない場合、代わり\nに、相手のコスト6以下のミ二オン1体を手札に戻\nEPＩＣ	[Main]/[Flash]\nIf you have a minion belonging to the Arcana class on the field, return one of your opponent's minions to their hand.\nOtherwise, return one of your opponent's minions with a cost of 6 or lower to their hand.					ocr	299	パトロール	https://www.aicarddass.com/zenonzard/images/cardlist/cards/yellow_03_02_03_00.png?v=20201113	magic	マジック	yellow	黄	3	PC:03 EVOLVE	8		E					
yellow_03_02_05_00	yellow	怪鳥の突風	Gargantuan Gust	3			【フラッシュ】\n相手のアタックしているミニオンを手札に戻す。	This card's Yellow Mana cost can be paid using mana belonging to the Legion class.\n[Flash]\nReturn your opponent's attacking minion to their hand.					ocr	301	怪鳥の突風	https://www.aicarddass.com/zenonzard/images/cardlist/cards/yellow_03_02_05_00.png?v=20201113	magic	マジック	yellow	黄	3	PC:05 GLORY	2		R					
yellow_03_02_EX02_00	yellow	ルー・カンフー	Kung Fu Lou	3			【常時】\n他の自分のミニオンがフイールドに出るたび、この\nターン中、自分の種族「ソード」を持つミニオン全\nてをBP+100する。	[Passive]\nWhenever another minion enters your\nfield, all your minions belonging to the\nSword class gain +100BP for the duration of\nthis turn.					ocr	285	ルー・カンフー	https://www.aicarddass.com/zenonzard/images/cardlist/cards/yellow_03_02_EX02_00.png?v=20201113	field_minion	フィールド・ミニオン	yellow	黄	3	EX:02 幻影の剣士	7	ソード	C					
yellow_03_03_01_00	yellow	ウォークライ	War Cry	3	-	-	【メイン】/【フラッシュ】\nミニオン1体をアクティブにする。	[Main]/[Flash]\nPut one minion in the Active State.	AWAKEN				gamerch	295	ウォークライ	https://www.aicarddass.com/zenonzard/images/cardlist/cards/yellow_03_03_01_00.png?v=20201113	magic	マジック	yellow	黄	3	PC:01 AWAKEN	14		C					
yellow_03_03_01r_00	yellow	強化札	Strengthening Charm	3			【メイン】/【フラッシュ】\n自分のミニオン1体にBP+200/DP+1を付与する。	[Main]/[Flash]\nSelect one of your minions to receive +200BP/+1DP.	BEYOND				gamerch	296	強化札	https://www.aicarddass.com/zenonzard/images/cardlist/cards/yellow_03_03_01r_00.png?v=20201113	magic	マジック	yellow	黄	3	PC:01R BEYOND	12		C					
yellow_03_03_02_00	yellow	トルネードブロウ	Tornado Blow	3(黄1)			【フラッシュ】\nこのターン中、自分のプレイヤーに「自分のプレイヤーか自分のフォースにダメージが与えられるたび、そのミニオンを手札に戻す。」を与える。	[Flash]\nFor the duration of this turn, you receive the following effect:\nWhenever one of your opponent's minions attacks you or your Forces with DP, that minion returns to their hand.					seesaa	297	トルネードブロウ	https://www.aicarddass.com/zenonzard/images/cardlist/cards/yellow_03_03_02_00.png?v=20201113	magic	マジック	yellow	黄	3	PC:02 CONTRACT	11		C					
yellow_03_03_02c_00	yellow	スピードホリック		3			【メイン】\n自分のミニオン1体をアクティブにする。そのミ二\nオンが種族「ソード」を持つ場合、このターン終了\n１枚を手札に戻す。						ocr	298	スピードホリック	https://www.aicarddass.com/zenonzard/images/cardlist/cards/yellow_03_03_02c_00.png?v=20201113	magic	マジック	yellow	黄	3	EXCODE:02C SAO	9		C					
yellow_03_03_EX02_00	yellow	ライトニングスピード	Lightning Speed	3			【メイン】\n自分のミニオン1体をアクティブにする。そのミニ\nオンが種族「ソード」を持つ場合、このターン終了\nド」１枚を手札に戻す。						ocr	300	ライトニングスピード	https://www.aicarddass.com/zenonzard/images/cardlist/cards/yellow_03_03_EX02_00.png?v=20201113	magic	マジック	yellow	黄	3	EX:02 幻影の剣士	7		C					
yellow_04_01_03_00	yellow	フライングエレファン	Elevant	4				Charge						315	フライングエレファン	https://www.aicarddass.com/zenonzard/images/cardlist/cards/yellow_04_01_03_00.png?v=20201113	field_minion	フィールド・ミニオン	yellow	黄	4	PC:03 EVOLVE	8	ウイング	C					
yellow_04_01_04_00	yellow	「秘法の天女」アンジェラ	Angela - The Concealed Celestial	4			【召喚時】\n自分の種族「エヴォーカー」を持つ黄マナが2つ以上\nある場合、自分はデッキの中からコスト2の、黄また\nは無色のフィールド・ミニオンカード1枚を出す。そ\nの後、自分のデッキをシャッフルする。\n【常時】\n他の自分のミニオンがフィールドに出るたぴ、自分の\n黄または無色のミ二オン全てにBP+100を付与する。\nLEＧEND	[When Summoned]\nIf you have two or more Yellow Mana belonging to\nthe Evoker class in your base, search your deck\nfor one Yellow or Neutral Field Minion card with\ncost of 2 and put it on your field. Then, shuffle\nyour deck.\n[Passive]\nWhenever another minion enters your field, all\nyour Yellow and Neutral Minions receive + 1OOBP					ocr	317	「秘法の天女」アンジェラ	https://www.aicarddass.com/zenonzard/images/cardlist/cards/yellow_04_01_04_00.png?v=20201113	field_minion	フィールド・ミニオン	yellow	黄	4	PC:04 FORBIDDEN	6	エンジェル	L					
yellow_04_01_04_01	yellow	「美艶の舞姫」ホワイトキャット	Cathleen - The Elegant Dancer	4			【召喚時】＆【分のタン開始時】\n自分はデッキの中から「ホワイトキャットの扇」1枚を公開し\nて手札に加えることができる。その後、自分のデッキを\nシャッフルし、このターン中、そのカードのコストを0にする。\n【自分のターン】\n自分の黄の三二オンが自分の効果で選択されるたび、この\nターン中、そのミ二才ンをBP+200/DP+1する。この効果は\n重複しない。	"[When Summoned] & [At the Start of Your Turn]\nYou can search your deck for one Cathleen's Fan"", reveal\nit to your opponent and add it to your hand. Then, shuffle\nyour deck, and that card's cost becomes 0 for the duration\nof this turn.\n[On Your Turn]\nWhenever one of your Yellow Minions is selected for one\nof your card effects, that minion gains +200BP/+1DP for\nthe duration of this turn. This effect cannot stack."					ocr	318	「美艶の舞姫」ホワイトキャット	https://www.aicarddass.com/zenonzard/images/cardlist/cards/yellow_04_01_04_01.png?v=20201113	field_minion	フィールド・ミニオン	yellow	黄	4	PC:04 FORBIDDEN	6	ガーディアン	L					
yellow_04_01_05_00	yellow	「天空の双剣」戦天使ツインソード	Dio - Sacred Sword War Angel	4			【アタック時】\n他の自分の種族「エンジエル」を持つミニオンがい\nる場合、このターン中、このミニオンをBP+100/\nDP+1する。	Swoop\n[When Attacking]\nIf you have another minion belonging to\nthe Angel class on the field, this minion\ngains + 100BP/+1DP for the duration of the\nturn.					ocr	319	「天空の双剣」戦天使ツインソード	https://www.aicarddass.com/zenonzard/images/cardlist/cards/yellow_04_01_05_00.png?v=20201113	field_minion	フィールド・ミニオン	yellow	黄	4	PC:05 GLORY	2	エンジェル	E					
yellow_04_01_06_00	yellow	「カナタナの精鋭」ムクド	Starly - Kanatana Elite	5			【常時】\n自分の効果で相手のミオンが1体以上手札または\nデッキに戻るたぴ、自分はカドを1枚引く。\n【アタック時】\n自分の黄マナが6つ以上ある場合、相手のミ二オン\n１体を手札に戻す。	[Passive]\nDraw one card whenever one or more of\nyour opponent's minions is returned to their\nhand or deck by one of your card effects.\n[When Attacking]\nIf there are six or more Yellow Mana in your<Base>, return one of your opponent's minions\nto their hand.					ocr	336	「カナタナの精鋭」ムクド	https://www.aicarddass.com/zenonzard/images/cardlist/cards/yellow_04_01_06_00.png?v=20201113	field_minion	フィールド・ミニオン	yellow	黄	5	PC:06 HELIX	1	アヴィアン	L					
yellow_04_02_00_00	yellow	チータイラ	Cheetera	4	400	1	［飛来］	Swoop	Basic				gamerch	306	チータイラ	https://www.aicarddass.com/zenonzard/images/cardlist/cards/yellow_04_02_00_00.png?v=20201113	field_minion	フィールド・ミニオン	yellow	黄	4	ベーシック	15	キマイラ	Basic					
yellow_04_02_01_00	yellow	イーグルランサー	Lancer Eagle	4	400	1	【召喚時】\n相手のBP400以下のミニオン1体を手札に戻す。	[When Summoned]\nReturn one of your opponent's minions\nwith 40OBP or lower to their hand.	AWAKEN				gamerch	305	イーグルランサー	https://www.aicarddass.com/zenonzard/images/cardlist/cards/yellow_04_02_01_00.png?v=20201113	field_minion	フィールド・ミニオン	yellow	黄	4	PC:01 AWAKEN	14	ビースト	R					
yellow_04_02_01_01	yellow	瞬身のハヤテ	Swift Fleet	4	500	1	【自分のターン】\nこのターンに自分がコスト5以上のミニオンを召喚している場合、自分の手札にあるこのカードのコストは0になる。\n【自分のターン終了時】\n他に自分のミニオンがいる場合、このミニオンを手札に戻す。	[On Your Turn]\nIf you have summoned a minion with a cost\nof 5 or higher this turn, the basic cost of this\ncard while in your hand becomes 0 for the\nduration of the turn.\n[At the End of Your Turn]\nIf you have another minion on the field, return this minion to your hand.	AWAKEN				gamerch	303	瞬身のハヤテ	https://www.aicarddass.com/zenonzard/images/cardlist/cards/yellow_04_02_01_01.png?v=20201113	field_minion	フィールド・ミニオン	yellow	黄	4	PC:01 AWAKEN	14	アヴィアン	E					
yellow_04_02_01_02	yellow	三ヵ国連合執政官アソウギ	Alliance Magistrate Asogi	4			【常時】\n自分の[飛来]を持つミニオンがフィールドに出るたび、このターン中、そのミニオンをBP+300/DP+1する。	[Passive]\nWhenever one of your minions with the\nSwoop effect enters the field, that minion\ngains +300BP/+1DP for the duration of\nthe turn.					seesaa	304	三ヵ国連合執政官アソウギ	https://www.aicarddass.com/zenonzard/images/cardlist/cards/yellow_04_02_01_02.png?v=20201113	field_minion	フィールド・ミニオン	yellow	黄	4	PC:01 AWAKEN	14	アヴィアン	L					
yellow_04_02_01r_00	yellow	アルダープ	Peryton	4	300	1	［飛来］\n【常時】\n自分の種族「デミゴッド」を持つミニオンがいる場合、このミニオンをBP+200/DP+1する。	Swoop\n[Passive]\nIf you have a minion belonging to the\nDemigod class on your field, this minion\ngains +200BP/+1DP.	BEYOND	PC:01R BEYOND	Rare		gamerch	307	アルダープ	https://www.aicarddass.com/zenonzard/images/cardlist/cards/yellow_04_02_01r_00.png?v=20201113	field_minion	フィールド・ミニオン	yellow	黄	4	PC:01R BEYOND	12	キマイラ	R					
yellow_04_02_02_00	yellow	「雷鳴の竜巫女」セリカ	Selika - Sorceress of Thunderstrikes	4(黄2)	400	1	【召喚時】\n自分はデッキの中から種族「ドラゴン」を持つ、黄またはコスト9以上のフィールド・ミニオンカード1枚を公開して手札に加えることができる。そうした場合、自分のデッキをシャッフルする。	[When Summoned]\nYou can search your deck for a Field\nMinion card belonging to the Dragon class\nthat is Yellow or has a cost of 9 or higher\nreveal it to your opponent and add it to\nyour hand. Then, shuffle your deck.	CONTRACT				gamerch	308	「雷鳴の竜巫女」セリカ	https://www.aicarddass.com/zenonzard/images/cardlist/cards/yellow_04_02_02_00.png?v=20201113	field_minion	フィールド・ミニオン	yellow	黄	4	PC:02 CONTRACT	11	ヒューマノイド	R					
yellow_04_02_02_01	yellow	「剛腕無敵の将」チョウヒ	Marshal Harrier - The Invincible	4(黄2)	500	1	【常時】\nレスト状態であるこのミニオンが自分の効果で選択されるたび、ターンに1回、このミニオンをアクティブにする。	[Passive]\nWhen this minion is in the Rest State and\nis selected for one of your effects, once\nper turn this minion returns to the Active\nState.	CONTRACT				gamerch	309	「剛腕無敵の将」チョウヒ	https://www.aicarddass.com/zenonzard/images/cardlist/cards/yellow_04_02_02_01.png?v=20201113	field_minion	フィールド・ミニオン	yellow	黄	4	PC:02 CONTRACT	11	アヴィアン	L					
yellow_04_02_02_02	yellow	カンフー・モンク・モンキー	Monkey Martial Artist	4(黄2)	400	1	【召喚時】\nこのターン中、自分のミニオン1体をBP+200して［再起］を与える。	[When Summoned]\nSelect one of your minions to gain\n+200BP and the Resurge effect for the duration\nof this turn.	CONTRACT				gamerch	310	カンフー・モンク・モンキー	https://www.aicarddass.com/zenonzard/images/cardlist/cards/yellow_04_02_02_02.png?v=20201113	field_minion	フィールド・ミニオン	yellow	黄	4	PC:02 CONTRACT	11	ガーディアン	C					
yellow_04_02_02c_00	yellow	「スプリガン」キリト		4			【召喚時】&\nスイッチ：「閃光]\nこのターン中、相手のコスト4以下のミニオン全て\nはアタックと移動ができない。						ocr	314	「スプリガン」キリト	https://www.aicarddass.com/zenonzard/images/cardlist/cards/yellow_04_02_02c_00.png?v=20201113	field_minion	フィールド・ミニオン	yellow	黄	4	EXCODE:02C SAO	9	黒の剣士|ソード	E					
yellow_04_02_02r_00	yellow	堅甲竜シェルトドス	Karapace - The Plated Dragon	4			【召喚時】\nこのタン中、自分の黄のミ二オン1体に【自分\nのターン】このミニオンは種族「ドラゴン」または\n「ドラゴニュート」を持たないミニオンにはブロッ\nクされない。」を与える。	[When Summoned]\nFor the duration of this turn, one of your\nYellow Minions gains the following effect\n[On Your Turn] Only minions belonging\nto the Dragon or Dragonewt class can\nblock this minion's attacks.					ocr	311	堅甲竜シェルトドス	https://www.aicarddass.com/zenonzard/images/cardlist/cards/yellow_04_02_02r_00.png?v=20201113	field_minion	フィールド・ミニオン	yellow	黄	4	PC:02R DIVINE	10	ドラゴン	R					
yellow_04_02_02r_01	yellow	アンジュ・ライトニング	Anju of Thunder	4			【常時】\nこのミ二オンには条件を無視して[加護を付与させることがで\nきる。\n【常時】\nこのターに他の自分の二オンを召喚している場合、この二\n才ンをBP+200/DP+1する。\n【加護時】\n黄以外の有色の加護でる場合、加護しているマナを除外し\nその色に応じ姿に大変身する。\nＬEGEND	[Passive]\nThis minion can receive the {Boost} effect while ignoring\nany required conditions.\n[Passive]\nIf you have summoned another minion this turn, this\nminion gains +200BP/+1DP for the duration of the turn\n[When Boosted]\nIf Boosted by a Color Mana that is not Yellow, banish that\nmana. This card will Metamorphose according to that color					ocr	312	アンジュ・ライトニング	https://www.aicarddass.com/zenonzard/images/cardlist/cards/yellow_04_02_02r_01.png?v=20201113	field_minion	フィールド・ミニオン	yellow	黄	4	PC:02R DIVINE	10	デミゴッド	L					
yellow_04_02_02r_02	yellow	「雷鳴の竜騎士」ルシア	Lucia - The Thunderstrikes Rider	4			【召喚時】\n自分の黄の種族「ドラゴン」を持つミニオン1体を\n手札に戻す。そうした場合、そのミ二オンの本来の\nBPとDPをこのミ二オンに付与する。	[When Summoned]\nReturn one of your Yellow Minions\nbelonging to the Dragon class to your hand. If\nyou do, this minion receives that minion's\noriginal BP and DP.					ocr	313	「雷鳴の竜騎士」ルシア	https://www.aicarddass.com/zenonzard/images/cardlist/cards/yellow_04_02_02r_02.png?v=20201113	field_minion	フィールド・ミニオン	yellow	黄	4	PC:02R DIVINE	10	ヒューマノイド	L					
yellow_04_02_04_00	yellow	モラル	Morale	4			【メイン】ノフラッシュ】\n相手のミ二オン1体にBP-300を付与する。相手の\nターンである場合、さらに、自分のマナ全てをアク\nティブにする。	[Main] /[Flash] Deal -300BP to one of your opponent's minions.\nIf it is your opponent's turn, all your mana enters the Active State.					ocr	321	モラル	https://www.aicarddass.com/zenonzard/images/cardlist/cards/yellow_04_02_04_00.png?v=20201113	magic	マジック	yellow	黄	4	PC:04 FORBIDDEN	6		C					
yellow_04_02_05_00	yellow	エンジェリックストライク Lv2	Angelic Strike Lv.2	4			クティブにする。その後、このカードを除外する。	[Main]\nAll of your minions belonging to the Angel class enter the Active State. Then, banish this card.					ocr	322	エンジェリックストライク Lv2	https://www.aicarddass.com/zenonzard/images/cardlist/cards/yellow_04_02_05_00.png?v=20201113	magic	マジック	yellow	黄	4	PC:05 GLORY	2		L					
yellow_04_02_EX02_00	yellow	「風の竜刃」ソロ	Solo - Gusty Dragon Blade	4			【召喚時】&\nスイッチ：「閃光」\nこのターン中、相手のコスト4以下のミニオン全て\nはアタックと移動ができない。	Swoop\n[When Summoned] & Switch: Swift\nNone of your opponent's minions with\ncost of 4 or lower can attack or move for\nthe duration of this turn.					ocr	316	「風の竜刃」ソロ	https://www.aicarddass.com/zenonzard/images/cardlist/cards/yellow_04_02_EX02_00.png?v=20201113	field_minion	フィールド・ミニオン	yellow	黄	4	EX:02 幻影の剣士	7	黒の剣士|ソード	E					
yellow_04_03_00_00	yellow	リワインドウインド	Reverse Wind	4	-	-	【メイン】/【フラッシュ】\nミニオン1体を手札に戻す。	[Main]/ [Flash]\nReturn one minion to the hand.	Basic				gamerch	320	リワインドウインド	https://www.aicarddass.com/zenonzard/images/cardlist/cards/yellow_04_03_00_00.png?v=20201113	magic	マジック	yellow	黄	4	ベーシック	15		Basic					
yellow_05_01_03_00	yellow	ジャッカブラ	Jackobra	5			【破壊時】\n自分の黄のミニオン１体をアクティブにする。	Swoop\n[When Destroyed]\nSelect one of your Yellow Minions to\nenter the Active State.					ocr	329	ジャッカブラ	https://www.aicarddass.com/zenonzard/images/cardlist/cards/yellow_05_01_03_00.png?v=20201113	field_minion	フィールド・ミニオン	yellow	黄	5	PC:03 EVOLVE	8	キマイラ	E					
yellow_05_01_03_01	yellow	「カナタナの剣豪」ムオウ	Muo - The Sword of Kanatana	5			【常時】\nお互いの黄以外のミ二オンの【召喚時】効果は発揮\nしない。\n【アタック時】\nこのターン中、このミニオンと他の自分のミニオン\n１体をBP+200する。\nＬEGEND	[Passive]\n[When Summoned] abilities do not\nactivate unless they belong to a Yellow Minion\n[When Attacking]\nSelect one of your other minions. This\nminion and that minion gain +200BP for\nthe duration of this turn.					ocr	330	「カナタナの剣豪」ムオウ	https://www.aicarddass.com/zenonzard/images/cardlist/cards/yellow_05_01_03_01.png?v=20201113	field_minion	フィールド・ミニオン	yellow	黄	5	PC:03 EVOLVE	8	アヴィアン|ソード	L					
yellow_05_01_05_00	yellow	戦天使アーチャー	Archibald the War Angel	5			【アタック時】\n他の自分の種族「エンジェル」を持つミニオンがい\nる場合、このミニオンのBP以下の相手のミニオン\n1体を手札こ戻す。	Swoop\n[When Attacking]\nIf you have another minion belonging to\nthe Angel class on the field, return one of\nyour opponent's minions with BP that is\nless than or equal to this one to their hand					ocr	335	戦天使アーチャー	https://www.aicarddass.com/zenonzard/images/cardlist/cards/yellow_05_01_05_00.png?v=20201113	field_minion	フィールド・ミニオン	yellow	黄	5	PC:05 GLORY	2	エンジェル	R					
yellow_05_01_06_00	yellow	「暗夜の凶鳥」フーイ	Vilewind - Evil of the Night	6			【召喚時】\n相手のDP１以下のミ二オン全てを手札に戻す。\n【常時】\n自分が他の黄のカードを使用するたび、このター\n中、このミニオンをBP+100/DP+1する。	[When Summoned]\nReturn all of your opponent's minions\nwith 1DP or lower to their hand.\n[Passive]\nWhenever you play another Yellow card.\nthis minion gains +100BP/+1DP for the\nduration of this turn.					ocr	360	「暗夜の凶鳥」フーイ	https://www.aicarddass.com/zenonzard/images/cardlist/cards/yellow_05_01_06_00.png?v=20201113	field_minion	フィールド・ミニオン	yellow	黄	6	PC:06 HELIX	1	ウイング	E					
yellow_05_01_EX03_00	yellow	天使長ソフィア	The GreatAngelia Sophia	5			【召唤時】\n自分はデッキの中からコスト2のフィールド・ミニオンカード\n1枚を出す。その後、自分のデッキをシャッフルする。\n【自分のターン】\nこのミニオンがダメージを与えるたび、自分のトラッシュに\nある黄のマジックカード1枚を手札戻す	Cost Reduction: Yellow\n[When Summoned]\nSearch your deck for one Field Minion card with a cost of\n2 and put it on your field. Then, shuffle your deck.\n[On Your Turn]\nWhenever this minion deals damage, retrieve one Yellow\nMagic card from your trash and return it to your hand					ocr	332	天使長ソフィア	https://www.aicarddass.com/zenonzard/images/cardlist/cards/yellow_05_01_EX03_00.png?v=20201113	field_minion	フィールド・ミニオン	yellow	黄	5	EX:03 Battle Spirits	5	BS|エンジェル	E					
yellow_05_01_EX04_00	yellow	仮面ライダー迅 バーニングファルコン	Roselle - Mask of Frenzy	5			【アタック時】&【変身時】\n相手のBP400以下のミ二オン1体を手札に戻す。	Swoop\n[When Attacking] & [When Morphed]\nReturn one of your opponent's minions\nwith 400BP or lower to their hand.					ocr	333	仮面ライダー迅 バーニングファルコン	https://www.aicarddass.com/zenonzard/images/cardlist/cards/yellow_05_01_EX04_00.png?v=20201113	field_minion	フィールド・ミニオン	yellow	黄	5	EX:04 KAMEN RIDER	4	仮面	C					
yellow_05_01_EX04c_00	yellow	奮迅のマスク ローゼル		5			【アタック時】＆【変身時】\n相手のBP400以下のミ二オン1体を手札に戻す。						ocr	334	奮迅のマスク ローゼル	https://www.aicarddass.com/zenonzard/images/cardlist/cards/yellow_05_01_EX04c_00.png?v=20201113	field_minion	フィールド・ミニオン	yellow	黄	5	EX:04 HEROIC_MASQUERADE	3	仮面	C					
yellow_05_02_00_00	yellow	「駐アグマ大使」モノノベ	Mononobe - Ambassador to Aguma	5	500	2	【常時】\n自分の手札にあるミニオンカードのフリーコストを1減らす。	[Passive]\nReduce the basic cost of the minion cards\nin your hand by 1.	Basic				gamerch	325	「駐アグマ大使」モノノベ	https://www.aicarddass.com/zenonzard/images/cardlist/cards/yellow_05_02_00_00.png?v=20201113	field_minion	フィールド・ミニオン	yellow	黄	5	ベーシック	15	アヴィアン	Basic					
yellow_05_02_01_00	yellow	ケットシー	Cat Sith	5			【召喚時】\n自分のコスト4以下のミニオン1体をアクティブにする。	[When Summoned]\nPut one of your minions with a cost of 4\nor lower in the Active State.					seesaa	324	ケットシー	https://www.aicarddass.com/zenonzard/images/cardlist/cards/yellow_05_02_01_00.png?v=20201113	field_minion	フィールド・ミニオン	yellow	黄	5	PC:01 AWAKEN	14	ガーディアン	C					
yellow_05_02_01r_00	yellow	猩猩	Xing Xing	5	500	2	【常時】\n他の自分のミニオンがフィールドに出るたび、このミニオンにBP+100を付与する。	[Passive]\nWhenever another minion enters your\nfield, this minion receives +100BP.	BEYOND				gamerch	326	猩猩	https://www.aicarddass.com/zenonzard/images/cardlist/cards/yellow_05_02_01r_00.png?v=20201113	field_minion	フィールド・ミニオン	yellow	黄	5	PC:01R BEYOND	12	ビースト	R					
yellow_05_02_02_00	yellow	天翼ミルキー	Angel Charmi	5(黄2)	400	2	［飛来］\n【加護時】\nこのミニオンに「【破壊時】このミニオンを手札に戻す。」を付与する。	Swoop\n[When Boosted]\nThis minion receives the following ability\n[When Destroyed] This minion returns to\nyour hand.	CONTRACT				gamerch	327	天翼ミルキー	https://www.aicarddass.com/zenonzard/images/cardlist/cards/yellow_05_02_02_00.png?v=20201113	field_minion	フィールド・ミニオン	yellow	黄	5	PC:02 CONTRACT	11	エンジェル	R					
yellow_05_02_02c_00	yellow	「バーサクヒーラー」アスナ		5			【常時】\nこのターンに相手のミ二オンが手札に戻っている場合、\nこのター中\n自分の手札にあるこのカドのフリコストは0になる。\n【自分のターン開始時】＆スイッチ：「絶剤]\nヒール\n自分のプレイヤーのライフが3以下である場合、自分のプレイヤーを1\n回復する。自分のプレイヤーのライフが4以上である場合、代わに、\nこのターン中、この三二オンBP+300する						ocr	328	「バーサクヒーラー」アスナ	https://www.aicarddass.com/zenonzard/images/cardlist/cards/yellow_05_02_02c_00.png?v=20201113	field_minion	フィールド・ミニオン	yellow	黄	5	EXCODE:02C SAO	9	閃光|ソード	L					
yellow_05_02_03_00	yellow	猿闘乱舞	Dance of the Apes	5			【メイン】ノフラッシュ】\nこのターン中、自分のミニオン全てをBP+200/\nDP+1する。	[Main]/[Flash]\nAll of your minions gain +200BP/+1DP for the duration of this turn.					ocr	339	猿闘乱舞	https://www.aicarddass.com/zenonzard/images/cardlist/cards/yellow_05_02_03_00.png?v=20201113	magic	マジック	yellow	黄	5	PC:03 EVOLVE	8		R					
yellow_05_02_EX02_00	yellow	「放浪者」アメリア	Amelia - The Drifter	5			[放浪者]\nソード/閃光\n飛来\n【常時】\nこのタンに相手の二才が手札に戻っている場合、このタ\nン中、自分の手札にあるこのカ一ドのフリーコストは0にる。\n【自分のターン開始時】＆スッチ：「絶劍】\n自分のプレイヤのライフが3以下である場合、自分のプレイヤー\nを1回復する。自分のプレイヤーのライフが4以上である場合、代\nわりに、このターン中、このミ二オンをBP+300する。	Swoop\n[Passive]\nIf one of your opponent's minions has been returned to\ntheir hand this turn, the basic cost of this card while in your\nhand becomes 0 for the duration of the turn.\n[At the Start of Your Turn] &\nIf you have 3 or fewer Life points, restore 1 Life point. if\nyou have 4 or more Life points, this minion gains +300BP for\nthe duration of the turn instead.					ocr	331	「放浪者」アメリア	https://www.aicarddass.com/zenonzard/images/cardlist/cards/yellow_05_02_EX02_00.png?v=20201113	field_minion	フィールド・ミニオン	yellow	黄	5	EX:02 幻影の剣士	7	閃光|ソード	L					
yellow_05_03_01_00	yellow	召集の法螺貝	Summoning Conch	5	-	-	【メイン】\n自分はカードを2枚引く。このターン終了時、自分のマナ全てをアクティブにする。	[Main]\nDraw two cards. When this turn ends, all your mana returns to the Active State.	AWAKEN				gamerch	337	召集の法螺貝	https://www.aicarddass.com/zenonzard/images/cardlist/cards/yellow_05_03_01_00.png?v=20201113	magic	マジック	yellow	黄	5	PC:01 AWAKEN	14		R					
yellow_05_03_02r_00	yellow	アサルトダイブ	Assault Dive	5			【メイン」ノ【フラッシュ】\n自分はデッキの中からコスト4の黄のフィールド・\nミニオンカード1体を出す。その後、自分のデッキ\nをシャッフルする。	[Main] / [Flash]\nSearch your deck for one Yellow Field Minion card with a cost of 4 and put it on your field.\nThen, shuffle your deck.					ocr	338	アサルトダイブ	https://www.aicarddass.com/zenonzard/images/cardlist/cards/yellow_05_03_02r_00.png?v=20201113	magic	マジック	yellow	黄	5	PC:02R DIVINE	10		R					
yellow_06_01_03_00	yellow	カナタナの鴉人	Humanoid Crow of Kanatana	6			【召喚時】\n相手のコスト7以上のミニオン1体を手札に戻す。	Resurge\n[When Summoned]\nReturn one of your opponent's minions\nwith a cost of 7 or higher to their hand.					ocr	346	カナタナの鴉人	https://www.aicarddass.com/zenonzard/images/cardlist/cards/yellow_06_01_03_00.png?v=20201113	field_minion	フィールド・ミニオン	yellow	黄	6	PC:03 EVOLVE	8	アヴィアン	R					
yellow_06_01_03_01	yellow	「アケミの召喚獣」ゴッドバード Lv1	Ruler of the Azure - Of Acemy Lv.1	6			【アタック時】\n相手のBP400以下のミ二オン１体を手札に戻す。\n進化：手札から「アヴィアン」が召喚されたとき\nＬEGEND	Return one of your opponent's minions\nwith 400BP or lower to their hand.\nEvolve: Summon minion from the Avian class\nAcemy - Conjurer of the Shining Wing\nLv.1 and Ruler of the Azure - Of Acemy\nLv.1 become Lv.2.					ocr	347	「アケミの召喚獣」ゴッドバード Lv1	https://www.aicarddass.com/zenonzard/images/cardlist/cards/yellow_06_01_03_01.png?v=20201113	field_minion	フィールド・ミニオン	yellow	黄	6	PC:03 EVOLVE	8	アルカナ	L					
yellow_06_01_03_02	yellow	「アケミの召喚獣」ゴッドバード Lv2	Ruler of the Azure - Of Acemy Lv.2	6			【アタック時】\n相手のBP400以下のミ二オン1体を手札に戻す\n【常時】\n自分の効果で相手のミ二オンが手札に戻るとき、代わり\nデッキの下に戻す。\n進化：手札から「アヴィン」が召喚さとき	"Return one of your opponent's minions with 400BP or\nlower to their hand.\nWhen an opponent's minion is returned to their hand by\none of your card effects, return it to the bottom of their deck\ninstead.\nEvolve: Summon minion from the Avian class\n""Acemy - Cor\nurer of the Shining Wing Lv.2 and ""Ruler of\nthe Azure - Of Acemy Lv.2"" become Lv.3."					ocr	348	「アケミの召喚獣」ゴッドバード Lv2	https://www.aicarddass.com/zenonzard/images/cardlist/cards/yellow_06_01_03_02.png?v=20201113	field_minion	フィールド・ミニオン	yellow	黄	6	PC:03 EVOLVE	8	アルカナ	L					
yellow_06_01_03_03	yellow	「アケミの召喚獣」ゴッドバード Lv3	Ruler of the Azure - Of Acemy Lv.3	6			【アタック時】\n相手のBP400以下のミ二オン1体を手札に戻す\n【常時】\n自分の効果で相手のミ二オンが手札に戻るとき、\n代わりに\nデッキの下に戻す。\n【自分のターン】\n自分の種族\n「アヴィアン」を持つミニオンがプレイヤーに\nアタックするたび、このミニオンをアクティブにする。	[When Attacking]\nReturn one of your opponent's minions with 400BP or lower to\ntheir hand.\n[Passive]\nWhen an opponent's minion is returned to their hand by one of\nyour card effects, return it to the bottom of their deck instead\n[On Your Turn]\nWhenever one of your minions belonging to the Avian class\nattacks your opponent's Life, this minion enters the Active State					ocr	349	「アケミの召喚獣」ゴッドバード Lv3	https://www.aicarddass.com/zenonzard/images/cardlist/cards/yellow_06_01_03_03.png?v=20201113	field_minion	フィールド・ミニオン	yellow	黄	6	PC:03 EVOLVE	8	アルカナ	L					
yellow_06_01_04_00	yellow	「琴弓の天使」プーハ	Puha - Angel of the Bowstring	6			【召喚時】\n自分の手札にある、本来のコストがX以下のフィ\nルド・ミニオンカード1枚を出すことができる。X\nは自分の種族「エヴォーカ」を持つ黄マナの数と\n同じとする。	Swoop\n[When Summoned]\nYou can place one Field Minion with\ncost of X or lower from your hand onto the\nfield, where X is the number of Yellow\nMana belonging to the Evoker class in your base.					ocr	351	「琴弓の天使」プーハ	https://www.aicarddass.com/zenonzard/images/cardlist/cards/yellow_06_01_04_00.png?v=20201113	field_minion	フィールド・ミニオン	yellow	黄	6	PC:04 FORBIDDEN	6	エンジェル	R					
yellow_06_01_05_00	yellow	「戦場の天使長」戦天使ホーリー	Holly - The War Angel Chief	6			【召喚時】\nこのターン中、自分の種族「エンジェル」を持つミ\nニオン1体はBPに関係なくバトルに勝利する。自\n分のターンである場合、代わりにこのターン中、自\n分の種族「エンジェル」を持つミニオン全てはBP\nに関係なくバトルに勝利する。	Swoop\n[When Summoned]\nSelect one of your minions belonging to the\nAngel class to win in battle against another minion\nregardless of its BP during this turn. If it is your\nturn, apply this effect to all of your minions\nbelonging to the Angel class instead.					ocr	356	「戦場の天使長」戦天使ホーリー	https://www.aicarddass.com/zenonzard/images/cardlist/cards/yellow_06_01_05_00.png?v=20201113	field_minion	フィールド・ミニオン	yellow	黄	6	PC:05 GLORY	2	エンジェル	L					
yellow_06_01_05_01	yellow	カナタナの豪傑	Paladin of Kanatana	6			【召喚時】\n自分が「甦のフォース“フェニックス”」を選んでい\nる場合、自分の種族「アヴィアン」または「レギオ\nン」を持つミニオン１体をアクティブにする。	Swoop\n[When Summoned]\nIf you have chosen the Force of Rebirth -\nPhoenix, put one of your minions\nbelonging to the Avian or Legion class in the\nActive State.					ocr	357	カナタナの豪傑	https://www.aicarddass.com/zenonzard/images/cardlist/cards/yellow_06_01_05_01.png?v=20201113	field_minion	フィールド・ミニオン	yellow	黄	6	PC:05 GLORY	2	アヴィアン|レギオン	R					
yellow_06_01_05_02	yellow	「黄昏の隊長」ライカ	Lyca - The Twilight Captain	6			【召喚時】&【進撃時】\n自分のフィールド、ベース、トラッシュのいずれかに「「戦場を巡る\n者」アルテガルがいる場合、次の相手のタン終了時まで、自分のプレ\nイヤーに「相手の手札にあるマジックカードのフリーコストを3増や\nす。」を与える。\n《ベース】\n【後退時】\n自分が「のフォス“フェニックス”」と「翔のフォス“ペガサス”」\nカ」以外の種族「」を持つニオ召喚すると\nき、そのカードのコストを0する。\nＥＰＩＣ	"[When Summoned] & [When Advancing]\nIf there is an ""Artegal - Roamer of the Battlefield"" on your fteld, in\nyour base, or in your trash, you receive the following effect until the\nend of your opponent's turn\nIncrease the basic cost of the Magic cards in your opponent's hand\nby 3.\n<Base> [When Retreating]\nIf you have chosen the Force of Rebirth - Phoenix and the Force of\nAscension - Pegasus, the next minion you summon from your hand\nThe\nthat belongs to the Legion class and is not named ""Lyca\nTwilight Captain"" will have a cost of 0. This effect is active for the\nduration of this turn"					ocr	358	「黄昏の隊長」ライカ	https://www.aicarddass.com/zenonzard/images/cardlist/cards/yellow_06_01_05_02.png?v=20201113	field_minion	フィールド・ミニオン	yellow	黄	6	PC:05 GLORY	2	レギオン	E					
yellow_06_01_06_00	yellow	「拒絶のタクト」戦天使デニー	Deneis - War Angel Maestro	2			【召喚時】\n他の自分の種族「エンジェル」を持つミニオンがい\nる場合、このターン中、自分のプレイヤーに「相手\nの手札にあるマジックカードのフリーコストを3増\nやす。」を与える。\nEPIＣ	Swoop\n[When Summoned]\nIf you have another minion on the field\nbelonging to the Angel class, you receive the\nfollowing effect for the duration of this turn\nIncrease the basic cost of the Magic cards in\nyour opponent's hand by 3.		PC:06 HELIX	Epic		ocr	262	「拒絶のタクト」戦天使デニー	https://www.aicarddass.com/zenonzard/images/cardlist/cards/yellow_06_01_06_00.png?v=20201113	field_minion	フィールド・ミニオン	yellow	黄	2	PC:06 HELIX	1	エンジェル	E					
yellow_06_01_06_01	yellow	ツバサネコ	Flying Cat	7				Chain: Red						375	ツバサネコ	https://www.aicarddass.com/zenonzard/images/cardlist/cards/yellow_06_01_06_01.png?v=20201113	field_minion	フィールド・ミニオン	yellow	黄	7	PC:06 HELIX	1	キマイラ	C					
yellow_06_01_EX04_00	yellow	仮面ライダー亡	Holobelle - Mask of Deprivation	6			【召喚時】\n「トリロバイトマギア」2体を出す。\n【自分のタ一ン終了時】\n自分のミニオン・トークン全てにBP+100を付与\nする。	[When Summoned]\nTwo copies of Token Guardian S enter\nyour field.\n[At the End of Your Turn]\nAll of your Token Minions receive\n+100BP.					ocr	352	仮面ライダー亡	https://www.aicarddass.com/zenonzard/images/cardlist/cards/yellow_06_01_EX04_00.png?v=20201113	field_minion	フィールド・ミニオン	yellow	黄	6	EX:04 KAMEN RIDER	4	仮面	R					
yellow_06_01_EX04_01	yellow	仮面ライダーサウザー	Millenia - Mask of Facades	6			【召喚時】\nBP300以下のミニオン全てを、ランダムにデッキの\n下に戻す。この効果で自分のミ二オンを戻した場合、\n自分はカードを1枚引く。\n【自分のターン】\nこのミニオンがダメージを与えるたび、このミニオン\nが三二オン1体の【変身時】効果を発揮する。この効\n果はターンに1回だけ発揮する。	[When Summoned]\nAll minions with 3OOBP or lower are returned to the\nbottom of the deck in random order. If this effect sends\nminion to the bottom of your deck, draw one card.\n[On Your Turn]\nWhenever this minion deals damage, this minion activates\na [When Morphed] effect that belongs to one of your or\nyour opponent's minions. This effect can only be activated\nonce per turn.					ocr	353	仮面ライダーサウザー	https://www.aicarddass.com/zenonzard/images/cardlist/cards/yellow_06_01_EX04_01.png?v=20201113	field_minion	フィールド・ミニオン	yellow	黄	6	EX:04 KAMEN RIDER	4	仮面	R					
yellow_06_01_EX04c_00	yellow	喪亡のマスク ホロビエル		6			【召喚時】\n「S・ガーディアン・トークン」2体を出す。\n【自分のターン終了時】\n自分のミニオン・トークン全てにBP+100を付与\nする。						ocr	354	喪亡のマスク ホロビエル	https://www.aicarddass.com/zenonzard/images/cardlist/cards/yellow_06_01_EX04c_00.png?v=20201113	field_minion	フィールド・ミニオン	yellow	黄	6	EX:04 HEROIC_MASQUERADE	3	仮面	R					
yellow_06_01_EX04c_01	yellow	千貌のマスク サウザンド		6			【召喚時】\nBP300以下のミニオン全てを、ランダムにデッキの\n下に戻す。この効果で自分のミ二オンを戻した場合、\n自分はカードを１枚引く。\n【自分のターン】\nこのミニオンがダメージを与えるたび、このミニオン\nがミ二オン1体の【変身時】効果を発揮する。この効\n果はターンに1回だけ発揮する。						ocr	355	千貌のマスク サウザンド	https://www.aicarddass.com/zenonzard/images/cardlist/cards/yellow_06_01_EX04c_01.png?v=20201113	field_minion	フィールド・ミニオン	yellow	黄	6	EX:04 HEROIC_MASQUERADE	3	仮面	R					
yellow_06_02_01_00	yellow	カマイタチ	Kamaitachi	6	500	1	［飛来］\n【召喚時】\nこのターン中、他の自分のミニオン1体をBP+200/DP+1する。	Swoop\n[When Summoned]\nSelect one of your other minions to gain\n+200BP/+1DP for the duration of this turn.	AWAKEN				gamerch	340	カマイタチ	https://www.aicarddass.com/zenonzard/images/cardlist/cards/yellow_06_02_01_00.png?v=20201113	field_minion	フィールド・ミニオン	yellow	黄	6	PC:01 AWAKEN	14	ビースト	R					
yellow_06_02_01r_00	yellow	「身も心も縛る者」ザイレン	Ziren - Binder of Souls	6	500	2	［飛来］\n【召喚時】\n次の相手のターン終了時まで、相手のミニオン1体はアタックもブロックも移動もできない。	Swoop\n[When Summoned]\nOne of your opponent's minions cannot\nattack, block, or move until the end of your\nopponent's next turn.	BEYOND				gamerch	341	「身も心も縛る者」ザイレン	https://www.aicarddass.com/zenonzard/images/cardlist/cards/yellow_06_02_01r_00.png?v=20201113	field_minion	フィールド・ミニオン	yellow	黄	6	PC:01R BEYOND	12	デミゴッド	L					
yellow_06_02_01r_01	yellow	強欲のタタラ	Bellows of Avarice	6	600	2	【破壊時】\n相手のミニオン1体を手札に戻す。\n【後退時】\n自分の黄のミニオン1体をアクティブにする。	[When Destroyed]\nReturn one of your opponent's minions to\ntheir hand.\n<Base> [When Retreating]\nPut one of your Yellow Minions in the\nActive State.	BEYOND				gamerch	342	強欲のタタラ	https://www.aicarddass.com/zenonzard/images/cardlist/cards/yellow_06_02_01r_01.png?v=20201113	field_minion	フィールド・ミニオン	yellow	黄	6	PC:01R BEYOND	12	アヴィアン	E					
yellow_06_02_02_00	yellow	「鬼武者」リュウドウ	Ryudo - The Oni Warrior	6(黄2)	500	2	【アタック時】\nこのミニオンはBPに関係なくバトルに勝利する。\n【召喚時】\nこのターン中、他の自分のミニオン1体に「【常時】このミニオンはBPに関係なくバトルに勝利する。」を与える。	[When Attacking]\nThis minion will win in battle against other\nminions regardless of BP.\n[When Summoned]\nSelect one of your other minions to gain the\nfollowing\nability for the duration of this turn:\n[Passive] This minion will win in battle\nagainst other minions regardless of BP.					seesaa	343	「鬼武者」リュウドウ	https://www.aicarddass.com/zenonzard/images/cardlist/cards/yellow_06_02_02_00.png?v=20201113	field_minion	フィールド・ミニオン	yellow	黄	6	PC:02 CONTRACT	11	ガーディアン	E					
yellow_06_02_02c_00	yellow	「シルフ領主」サクヤ		6			【アタック時】\n相手のDP0のミニオン１体を手札に戻す。\nその後、\n相手のDP1のミ二オン1体を手札に戻す。						ocr	345	「シルフ領主」サクヤ	https://www.aicarddass.com/zenonzard/images/cardlist/cards/yellow_06_02_02c_00.png?v=20201113	field_minion	フィールド・ミニオン	yellow	黄	6	EXCODE:02C SAO	9	ソード	C					
yellow_06_02_02r_00	yellow	空鯨竜スカイエール	Skye - The Whale Dragon	6			【召喚時】\n相手のコスト3以下のミニオン全てを手札に戻す。	[When Summoned]\nReturn all your opponent's minions with\ncost of 3 or lower to their hand.					ocr	344	空鯨竜スカイエール	https://www.aicarddass.com/zenonzard/images/cardlist/cards/yellow_06_02_02r_00.png?v=20201113	field_minion	フィールド・ミニオン	yellow	黄	6	PC:02R DIVINE	10	ドラゴン	E					
yellow_06_02_04_00	yellow	オリアナの第3魔法：オープン	Olianna's Spells, Entry 3: Unleash	6			【メイン】\n自分の手札にある本来のコストが4以下の、黄また\nは無色のフィールド・ミニオンカード2枚を出す。\nその後、このカードを除外する。	This card is part of the Arcana class.\n[Main]\nSelect two Yellow or Neutral Field Minions in your hand with an original cost of 4 or lower to enter your field. Then, banish this card.					ocr	362	オリアナの第3魔法：オープン	https://www.aicarddass.com/zenonzard/images/cardlist/cards/yellow_06_02_04_00.png?v=20201113	magic	マジック	yellow	黄	6	PC:04 FORBIDDEN	6		R					
yellow_06_02_EX02_00	yellow	シルファン	Fanny the Fairy	6			【アタック時】\n相手のDP0のミ二オン１体を手札に戻す。\nその後、\n相手のDP1のミ二オン1体を手札に戻す。	[When Attacking]\nReturn one of your opponent's minions\nwith 0DP to their hand. Then, return one of\nyour opponent's minions with 1DP to\ntheir hand.					ocr	350	シルファン	https://www.aicarddass.com/zenonzard/images/cardlist/cards/yellow_06_02_EX02_00.png?v=20201113	field_minion	フィールド・ミニオン	yellow	黄	6	EX:02 幻影の剣士	7	ソード	C					
yellow_06_03_02_00	yellow	パワー・オブ・サン	Power of the Sun	6(黄3)			【メイン】/【フラッシュ】\nこのターン中、自分のミニオン1体をBP+400/DP+2する。	[Main] / [Flash]\nOne of your minions gains 400BP/+2DP for the duration of this turn.	CONTRACT				gamerch	361	パワー・オブ・サン	https://www.aicarddass.com/zenonzard/images/cardlist/cards/yellow_06_03_02_00.png?v=20201113	magic	マジック	yellow	黄	6	PC:02 CONTRACT	11		E					
yellow_07_01_04_00	yellow	カナタナの鷹剣士	Swordshawk of Kanatana	7			【召喚時】\n相手のコスト7以下のミニオン1体を手札に戻す。\n【アタック時】\n自分の種族「エヴォーカー」を持つ黄マナが2つ以\n上ある場合、ターンに1回、このミニオンをアク\nティブにする。	[When Summoned]\nReturn one of your opponent's minions with\na cost of 7 or lower to their hand.\n[When Attacking]\nIf you have two or more Yellow Mana\nbelonging to the Evoker class in your base, this\nminion enters the Active State once per turn					ocr	370	カナタナの鷹剣士	https://www.aicarddass.com/zenonzard/images/cardlist/cards/yellow_07_01_04_00.png?v=20201113	field_minion	フィールド・ミニオン	yellow	黄	7	PC:04 FORBIDDEN	6	アヴィアン	R					
yellow_07_01_04_01	yellow	戦神乙女ヴィエルジェ	The ValkyrieVirgoDeity Vielje	7			【相手の夕\n相手のコスト2/3/5/7のミニオンがアタックする\nたび、自分のプレイヤーを1回復する。	Cost Reduction: Yellow\n[On Your Opponent's Turn]\nWhenever one of your opponent's\nminions with a cost of 2, 3, 5, or 7 attacks\nrestore 1 Life point.					ocr	371	戦神乙女ヴィエルジェ	https://www.aicarddass.com/zenonzard/images/cardlist/cards/yellow_07_01_04_01.png?v=20201113	field_minion	フィールド・ミニオン	yellow	黄	7	PC:04 FORBIDDEN	6	BS|光導	E					
yellow_07_01_06_00	yellow	戦天使サイス	Falcis the War Angel	6			【アタック時】\n他の自分の種族「エンジエル」を持つミニオンがい\nる場合、相手の最もコストの高いミニオン全てを手\n札に戻す。	Swoop\n[When Attacking]\nIf you have another minion on the field\nbelonging to the Angel class, return all of\nyour opponent's minions with the highest\ncost to their hand.					ocr	359	戦天使サイス	https://www.aicarddass.com/zenonzard/images/cardlist/cards/yellow_07_01_06_00.png?v=20201113	field_minion	フィールド・ミニオン	yellow	黄	6	PC:06 HELIX	1	エンジェル	R					
yellow_07_01_EX03_00	yellow	魔導女皇アンブロシウス	The MagicalEmpress Ambrocius	7			【常時】\n自分か相手がマジックを使用するたび、\nこのミニオンをアク\nティブにする。\n【相手のターン】\n自分のプレイヤーに相手のミニオンからDPによるダメージが\n与えられるたび、自分のトラッシュにある黄のマジックカー\nド1枚を手札に戻す	Cost Reduction: Yellow\n[Passive]\nWhenever you or your opponent uses a Magic\ncard, this minion enters the Active State.\n[On Your Opponent's Turn]\nIf your opponent's minion deals DP damage to\nyour Life, retrieve one Yellow Magic card from your\ntrash and return it to your hand.					ocr	372	魔導女皇アンブロシウス	https://www.aicarddass.com/zenonzard/images/cardlist/cards/yellow_07_01_EX03_00.png?v=20201113	field_minion	フィールド・ミニオン	yellow	黄	7	EX:03 Battle Spirits	5	BS|アーティスト	L					
yellow_07_01_EX03_01	yellow	導魔神姫ジェラルディー	The MagicalPrincessDeity Geraldy	7			《トラッシュ》\n自分のトラッシュからこのカドを手札に戻す場合、このミ\nニオンを出す。\n【アタック時】\n自分のトラッシにある黄または無色のカード1枚を除外でき\nそうした場合、相手のミ二オン1体にBP-400を付与す	Cost Reduction: Yellow, Purple\n<Trash>\nIf this minion returns to your hand from your\ntrash, put it on your field.\n[When Attacking]\nYou can banish one Yellow or Neutral card in\nyour trash. If you do, deal -400BP to one of your\nopponent's minions.					ocr	373	導魔神姫ジェラルディー	https://www.aicarddass.com/zenonzard/images/cardlist/cards/yellow_07_01_EX03_01.png?v=20201113	field_minion	フィールド・ミニオン	yellow	黄	7	EX:03 Battle Spirits	5	BS|アーティスト	L					
yellow_07_01_EX03_02	yellow	大天使イスフィール	The ArcAngelia Isfiel	7			【自分のターン】\nこのミニオンがDPによるダメージを与えるたび、\n自分のプレイヤーを2回復する。\n【アタック時】\nこのバトル中、自分のプレイヤーに「自分のマジ\nクの効果は2回発揮する。」を与える。	Cost Reduction: Yellow\n[On Your Turn]\nWhenever this minion deals DP damage, restore 2\nLife points.\n[When Attacking]\nFor the duration of this battle, you receive the\nfollowing effect\nAny Magic cards you use will activate twice.					ocr	374	大天使イスフィール	https://www.aicarddass.com/zenonzard/images/cardlist/cards/yellow_07_01_EX03_02.png?v=20201113	field_minion	フィールド・ミニオン	yellow	黄	7	EX:03 Battle Spirits	5	BS|エンジェル	E					
yellow_07_02_01_00	yellow	ツーヘッドグリフォン	Twin-Headed Gryphon	7	700	2	【召喚時】\n相手のミニオン1体を手札に戻す。	[When Summoned]\nReturn one of your opponent's minions to\ntheir hand.	AWAKEN				gamerch	363	ツーヘッドグリフォン	https://www.aicarddass.com/zenonzard/images/cardlist/cards/yellow_07_02_01_00.png?v=20201113	field_minion	フィールド・ミニオン	yellow	黄	7	PC:01 AWAKEN	14	キマイラ	E					
yellow_07_02_02c_00	yellow	「剣士」ユウキ		7			【召喚時】&\nスイッチ：「閃光」\n相手の有色のミ二オン1体を手札に戻す\n【常時】\nこのミニオンがアクティブ状態でなければ[加護は付与\nされない。\n【加護時】\n黄の加護である場合、加護しているマナを除外し\n「絶剣」ユウキ」に変形する。						ocr	366	「剣士」ユウキ	https://www.aicarddass.com/zenonzard/images/cardlist/cards/yellow_07_02_02c_00.png?v=20201113	field_minion	フィールド・ミニオン	yellow	黄	7	EXCODE:02C SAO	9	絶剣|ソード	L					
yellow_07_02_02r_00	yellow	「天虎」センシュウ	Hardin - The Soaring Beast	7			【召喚時】\n自分の手札にある本来のコストが4以下のフィルド・ミニ才ンカード\n1枚を出す。\n【常時】\nこのニオがク状態でけば[加は付与い。\n【加護時】\n黄の加護である場合、加護しているマを除外して、「「天空猛虎」\nンシウ」に変形する。	"[When Summoned]\nPut one Field Minion card with an original cost of 4\nor lower from your hand onto the field.\n[Passive]\nThis minion cannot receive a Boost when not in the\nActive State.\n[When Boosted]\nIf Boosted by a Yellow Mana, banish that mana. This\ncard Transforms into ""Hardin - The Ascended Beast""."					ocr	364	「天虎」センシュウ	https://www.aicarddass.com/zenonzard/images/cardlist/cards/yellow_07_02_02r_00.png?v=20201113	field_minion	フィールド・ミニオン	yellow	黄	7	PC:02R DIVINE	10	ビースト	L					
yellow_07_02_02r_01	yellow	「天空猛虎」センシュウ	Hardin - The Ascended Beast	7			【変形時】\nこのタ一ン中、他の自分のミ二オン全てをBP+200/DP+\n1する。\n【アタック時】\n次の相手のターン終了時まで、相手のコスト6以下のミ二\nオン1体はタックもブロックも移動もできない。	Charge\n[When Transformed]\nAll your other minions gain +200BP/+1DP for the\nduration of the turn.\n[When Attacking]\nSelect one of your opponent's minions with a cost of\n6 or lower to prevent it from attacking, blocking or\nmoving until the end of your opponent's next turn					ocr	365	「天空猛虎」センシュウ	https://www.aicarddass.com/zenonzard/images/cardlist/cards/yellow_07_02_02r_01.png?v=20201113	field_minion	フィールド・ミニオン	yellow	黄	7	PC:02R DIVINE	10	ドラゴン|ビースト	L					
yellow_07_02_04_00	yellow	ハライの第3魔法：タイフーン	Harai's Spells, Entry 3: Typhoon	7			【メイン】\n相手のミ二オン2体を手札に戻す。その後、この\nカードを除外する。	This card is part of the Arcana class.\n[Main]\nReturn two of your opponent's minions to their hand. Then, banish this card.					ocr	377	ハライの第3魔法：タイフーン	https://www.aicarddass.com/zenonzard/images/cardlist/cards/yellow_07_02_04_00.png?v=20201113	magic	マジック	yellow	黄	7	PC:04 FORBIDDEN	6		E					
yellow_07_02_EX02_00	yellow	「紫天使」ルキ	Lucia - The Amethyst Messenger	7			【召喚時】&\nスイッチ：「閃光」\n相手の有色のミ二オン1体を手札に戻す\n【常時】\nこのミニオンがアクティブ状態でなければ[加護は付与\nされない。\n【加護時】\n黄の加護である場合、加護しているマナを除外して\n「天剣」ルキ」に変形する。	"[When Summoned] & Switch: Swift\nReturn one of your opponent's Color Minions to their\nhand.\n[Passive]\nThis minion cannot receive a {Boost} when not in the\nActive State.\n[When Boosted]\nIf Boosted by a Yellow Mana, banish that mana. This\ncard Transforms into ""Lucia - The Angelic Blade""."					ocr	368	「紫天使」ルキ	https://www.aicarddass.com/zenonzard/images/cardlist/cards/yellow_07_02_EX02_00.png?v=20201113	field_minion	フィールド・ミニオン	yellow	黄	7	EX:02 幻影の剣士	7	絶剣|ソード	L					
yellow_07_03_01r_00	yellow	タイムリープ	Reverse Time	7			【メイン】\n全てのミニオンを持ち主の手札に戻す。	[Main]\nAll minions on the field return to their owner's hand.	BEYOND				gamerch	376	タイムリープ	https://www.aicarddass.com/zenonzard/images/cardlist/cards/yellow_07_03_01r_00.png?v=20201113	magic	マジック	yellow	黄	7	PC:01R BEYOND	12		R					
yellow_08_01_03_00	yellow	「三頭猿王」キング	Khan - The Three-Headed Monkey King	8			【常時】\n他の自分の種族「キマイラ」を持つミニオンが\nフィールドに出るたぴ、相手のミニオン1体にBP-300\nを付与する。\n【自分のターン終了時】\n自分の黄マナ全てをアクティブにする。自分はカ\nドを１枚引く。	[Passive]\nWhenever another minion belonging to\nthe Chimera class enters your field, deal\n-300BP to one of your opponent's minions\n[At the End of Your Turn]\nAll your Yellow Mana enter the Active\nState. Draw one card.					ocr	381	「三頭猿王」キング	https://www.aicarddass.com/zenonzard/images/cardlist/cards/yellow_08_01_03_00.png?v=20201113	field_minion	フィールド・ミニオン	yellow	黄	8	PC:03 EVOLVE	8	キマイラ	L					
yellow_08_01_04_00	yellow	魔導双神ジェミナイズ	The MagicalTwinsDeity Geminize	8			【召喚時】\n自分のデッキを上から1枚見て、種族「光導」を持\nつフィールド・ミニオンカードの場合、フィールド\nに出す。それ以外の場合、デッキの下に戻す。	Cost Reduction: Yellow\n[When Summoned]\nLook at the top card of your deck, and if\nit is a Field Minion card belonging to the\nZodiac Deity class, it enters the field. In any\nother case, place the card on the bottom\nof your deck.					ocr	383	魔導双神ジェミナイズ	https://www.aicarddass.com/zenonzard/images/cardlist/cards/yellow_08_01_04_00.png?v=20201113	field_minion	フィールド・ミニオン	yellow	黄	8	PC:04 FORBIDDEN	6	BS|光導	E					
yellow_08_02_01_00	yellow	「双龍頭領」アオバ	Aoba - Lord of the Skies	9+	900	2	【召喚時】\n自分のデッキを上から4枚見て、その中のフィールド・ミニオンカード2枚を公開して手札に加える。残りをランダムにデッキの下に戻す。\n【常時】\n他の自分のミニオンがフィールドに出るたび、このミニオンをアクティブにする。	[When Summoned]\nLook at the top four cards of your deck and select\ntwo Field Minions. Reveal them to your opponent\nand add them to your hand. Put the rest of the\ncards back on the bottom of your deck in random\norder.\n[Passive]\nWhenever another minion enters your field, this\nminion enters the Active State.	AWAKEN	PC:01 AWAKEN	Legend	https://gamerch.com/zenonzard/74401	gamerch	385	「双龍頭領」アオバ	https://www.aicarddass.com/zenonzard/images/cardlist/cards/yellow_08_02_01_00.png?v=20201113	field_minion	フィールド・ミニオン	yellow	黄	9+	PC:01 AWAKEN	14	キマイラ	L					
yellow_08_02_01_01	yellow	エレファントタートル	Elephatortoise	8	800	2	【召喚時】\nこのターン中、自分のミニオン1体をBP+300/DP+1する。\n【アタック時】\n自分の黄マナが4つ以上ある場合、相手のコスト4以下のミニオン1体を手札に戻す。	[When Summoned]\nSelect one of your minions to gain\n+300BP/+1DP for the duration of this turn\n[When Attacking]\nIf you have four Yellow Mana or more\nreturn one of your opponent's minions with\na cost of 4 or lower to their hand.	AWAKEN				gamerch	378	エレファントタートル	https://www.aicarddass.com/zenonzard/images/cardlist/cards/yellow_08_02_01_01.png?v=20201113	field_minion	フィールド・ミニオン	yellow	黄	8	PC:01 AWAKEN	14	ガーディアン	R					
yellow_08_02_02c_00	yellow	「サラマンダーの将軍」ユージーン		8			飛来						ocr	380	「サラマンダーの将軍」ユージーン	https://www.aicarddass.com/zenonzard/images/cardlist/cards/yellow_08_02_02c_00.png?v=20201113	field_minion	フィールド・ミニオン	yellow	黄	8	EXCODE:02C SAO	9	ソード	C					
yellow_08_02_02r_00	yellow	デュアルイーグル	Dual Eagle	8			【召喚時】\nこのターン中、自分のミニオン2体をBP+300す	Swoop\n[When Summoned]\nTwo of your minions gain +300BP for the\nduration of this turn.					ocr	379	デュアルイーグル	https://www.aicarddass.com/zenonzard/images/cardlist/cards/yellow_08_02_02r_00.png?v=20201113	field_minion	フィールド・ミニオン	yellow	黄	8	PC:02R DIVINE	10	ウイング	R					
yellow_08_02_EX02_00	yellow	エイプ・ウォリアー	Ape Warrior	8			飛来	Swoop					ocr	382	エイプ・ウォリアー	https://www.aicarddass.com/zenonzard/images/cardlist/cards/yellow_08_02_EX02_00.png?v=20201113	field_minion	フィールド・ミニオン	yellow	黄	8	EX:02 幻影の剣士	7	ソード	C					
yellow_08_02_EX03_00	yellow	ウィッグバインド	Wig Bind	8			【フラッシュ】\nこのターン中、相手の有色のミニオン全てはアタッ\nクとブロックができず、相手のプレイヤーに「この\nプレイヤーは黄以外のマジックカードを使用できな\nい。」を与える。	[Flash]. For the duration of this turn, your\nOpponent's Color Minions cannot attack or\nblock, and your opponent receives the\nfollowing effect:\nYou cannot use Yellow Magic cards.					ocr	384	ウィッグバインド	https://www.aicarddass.com/zenonzard/images/cardlist/cards/yellow_08_02_EX03_00.png?v=20201113	magic	マジック	yellow	黄	8	EX:03 Battle Spirits	5		E					
yellow_09_01_05_00	yellow	「高山の怪鳥」パープルロック	Rok - Terror of the Mountain	9+			【自分の夕\n自分の手札にあるこのカードのフリーコストは、自\n分の破壊されたフォース１つ毎に３減らされる。\n【召喚時】\n相手のミ二オン2体を、相手が選んで手札に戻す	Swoop\n[On Your Turn]\nReduce the basic cost of this card in your\nhand by 3 for each of your destroyed Forces\n[When Summoned]\nYour opponent chooses two of their own\nminions to return to their hand.					ocr	387	「高山の怪鳥」パープルロック	https://www.aicarddass.com/zenonzard/images/cardlist/cards/yellow_09_01_05_00.png?v=20201113	field_minion	フィールド・ミニオン	yellow	黄	9+	PC:05 GLORY	2	ウイング	L					
yellow_09_02_02_00	yellow	「雷鳴公」デンサイ	Eleksai - Lord of Thunderstrikes	9(黄3)	900	3	【召喚時】\n相手のミニオン1体をデッキの上に戻す。\n【自分のターン】\nこのミニオンは種族「ドラゴン」または「ドラゴニュート」を持たないミニオンにはブロックされない。	[When Summoned]\nReturn one of your opponent's minions to\nthe top of their deck.\n[On Your Turn]\nOnly minions belonging to the Dragon or\nDragonewt class can block this minion's\nattacks.	CONTRACT				gamerch	386	「雷鳴公」デンサイ	https://www.aicarddass.com/zenonzard/images/cardlist/cards/yellow_09_02_02_00.png?v=20201113	field_minion	フィールド・ミニオン	yellow	黄	9+	PC:02 CONTRACT	11	ドラゴン	L					
red_0_00_06_00	red|yellow	空賊ウォーカー	Walke the Sky Pirate						PC:06 HELIX					29	空賊ウォーカー	https://www.aicarddass.com/zenonzard/images/cardlist/cards/red_0_00_06_00.png?v=20201113	base_minion	ベース・ミニオン	red|yellow	赤|黄		PC:06 HELIX	1	ウイング|ドラゴニュート	C					
red_0_01_06_00	red|yellow	「トワイライト空賊団・団長」ヴァイス	Vyce - Twilight Sky Pirate Captain	7				"Charge\n(When Summoned]\nIf you have both Red and Yellow Mana in your base, deal\n-600BP to one of your opponent's minions and all of your\nmana return to the Active State at the end of this turn.\n[On Your Turn]\nWhenever this minion attacks your opponent's Life, return\ntwo of your Red or Yellow Minions that is not ""Vyce -\nTwilight Sky Pirate Captain to the Active State."	PC:06 HELIX					185	「トワイライト空賊団・団長」ヴァイス	https://www.aicarddass.com/zenonzard/images/cardlist/cards/red_0_01_06_00.png?v=20201113	field_minion	フィールド・ミニオン	red|yellow	赤|黄	7	PC:06 HELIX	1	ウイング|ドラゴニュート	L					
yellow_07_02_02c_1	yellow	「絶剣」ユウキ		7					EXCODE:02C SAO					367	「絶剣」ユウキ	https://www.aicarddass.com/zenonzard/images/cardlist/cards/yellow_07_02_02c_1.png?v=20201113	field_minion	フィールド・ミニオン	yellow	黄	7	EXCODE:02C SAO	9	絶剣|ソード	L					
yellow_07_02_EX02_1	yellow	「天剣」ルキ	Lucia - The Angelic Blade	7				Charge\n[When Transformed]\nReturn all your opponent's minions with 300BP\nor lower to their hand.\n[When Summoned] & Switch: Swift\nFor each card in your opponent's hand, this\nminion gains +1DP for the duration of the turn.	EX:02 幻影の剣士					369	「天剣」ルキ	https://www.aicarddass.com/zenonzard/images/cardlist/cards/yellow_07_02_EX02_1.png?v=20201113	field_minion	フィールド・ミニオン	yellow	黄	7	EX:02 幻影の剣士	7	絶剣|ソード	L					
yellow_011_03_02c_00	yellow	マザーズ・ロザリオ		9+					EXCODE:02C SAO					388	マザーズ・ロザリオ	https://www.aicarddass.com/zenonzard/images/cardlist/cards/yellow_011_03_02c_00.png?v=20201113	magic	マジック	yellow	黄	9+	EXCODE:02C SAO	9		R					
yellow_011_03_EX02_00	yellow	ホーリー・ジャッジメント	Holy Judgment	9+				-If your opponent has four or more cards in their\nhand, the basic cost of this card while in your hand becomes 0.\n[Flash]\nReturn one of your opponent's minions with a cost of 4 or lower to their hand.\nThen, if you have a minion belonging to the Sovereign Blade or Swift class on the field, return one of your opponent's minions with a\ncost of 8 or higher to their hand.	EX:02 幻影の剣士					389	ホーリー・ジャッジメント	https://www.aicarddass.com/zenonzard/images/cardlist/cards/yellow_011_03_EX02_00.png?v=20201113	magic	マジック	yellow	黄	9+	EX:02 幻影の剣士	7		R					
purple_0_01_06_00	purple	「タナトスの騎士馬」サイモン	Symon - Horseman of Thanatos	7				[When Summoned]\nYou can destroy one of your other minions.\nIf you do, all of your minions receive\n+100BP/+1DP.\n[When Attacking]\nIf there are six or more Purple mana in your<Base>, destroy one of your opponent's\nminions or Forces.	PC:06 HELIX					540	「タナトスの騎士馬」サイモン	https://www.aicarddass.com/zenonzard/images/cardlist/cards/purple_0_01_06_00.png?v=20201113	field_minion	フィールド・ミニオン	purple	紫	7	PC:06 HELIX	1	スケルトン	L					
blue_0_00_06_00	blue|purple	海賊バレル	Barl of the Ghost Fleet						PC:06 HELIX					781	海賊バレル	https://www.aicarddass.com/zenonzard/images/cardlist/cards/blue_0_00_06_00.png?v=20201113	base_minion	ベース・ミニオン	blue|purple	青|紫		PC:06 HELIX	1	スプライト|モンスター	C					
blue_0_01_06_00	blue	「ポセイドの番人」グラン	Gran - Guardian of Poseido	6				[When Summoned]\nAdd two Tidal Wave cards to your hand.\n[When Attacking]\nIf there are six or more Blue mana in your<Base>, for the duration of this battle, the\nnext Blue Magic card you play will cost 0.	PC:06 HELIX					910	「ポセイドの番人」グラン	https://www.aicarddass.com/zenonzard/images/cardlist/cards/blue_0_01_06_00.png?v=20201113	field_minion	フィールド・ミニオン	blue	青	6	PC:06 HELIX	1	マーフォーク	L					
blue_7_02_06_00	blue|purple	ブラインドスポット	Blind Spot	7				[Main]/ [Flash] Destroy one of your opponent's minions.\nThen, move one of your opponent's minions into their base in the Rest State	PC:06 HELIX					925	ブラインドスポット	https://www.aicarddass.com/zenonzard/images/cardlist/cards/blue_7_02_06_00.png?v=20201113	magic	マジック	blue|purple	青|紫	7	PC:06 HELIX	1		E					
blue_010_03_02_00	blue	メイルシュトローム	Maelstrom	10(青5)			"【メイン】
「ドラゴン「火」・トークン」1体と「ドラゴン「水」・トークン」1体と「ドラゴン「風」・トークン」1体と「ドラゴン「雷」・トークン」1体を出す。"	"[Main]\nOne ""Token Fire Dragon"", one ""Token Water Dragon"", one “Token Wind Dragon"",\nand one ""Token Thunder Dragon"" enter\nyour field."	PC:02 CONTRACT				card_image+seesaa	938	メイルシュトローム	https://www.aicarddass.com/zenonzard/images/cardlist/cards/blue_010_03_02_00.png?v=20201113	magic	マジック	blue	青	9+	PC:02 CONTRACT	11		E					
white_0_00_06_00	white|green	傭兵団オペレーター	Mercenary Operator						PC:06 HELIX					969	傭兵団オペレーター	https://www.aicarddass.com/zenonzard/images/cardlist/cards/white_0_00_06_00.png?v=20201113	base_minion	ベース・ミニオン	white|green	白|緑		PC:06 HELIX	1	エルフ|ソルジャー	C					
white_0_01_06_00	white|green	「ハーモニー傭兵団・団長」ピアストル	Piastre - Harmony Mercenaries Captain	7				Resurge\n[When Summoned]\nIf you have both White and Green Mana in your base\nrestore 3 Life points or 3 Force points. Put all of your\nopponent's minions with a cost less than or equal to the selected\ntarget's point total into the Rest State.\n[On Your Turn]\nYour White and Green Minions cannot be selected as\ntargets for your opponent's card effects.	PC:06 HELIX					1114	「ハーモニー傭兵団・団長」ピアストル	https://www.aicarddass.com/zenonzard/images/cardlist/cards/white_0_01_06_00.png?v=20201113	field_minion	フィールド・ミニオン	white|green	白|緑	7	PC:06 HELIX	1	エルフ|ソルジャー	L					
white_010_01_06_00	white	「マキナスの戦闘メイド」ロゼッタ	Rosetta - Mecha Maid of Machinas	8				[When Attacking]\nYou can choose one of your opponent's\nminions in the Active State. If you do, that\nminion must block during this turn.\n[Passive]\nIf there are six or more White Mana in your base, this card cannot be targeted by your\nopponent's card effects.	PC:06 HELIX					1120	「マキナスの戦闘メイド」ロゼッタ	https://www.aicarddass.com/zenonzard/images/cardlist/cards/white_010_01_06_00.png?v=20201113	field_minion	フィールド・ミニオン	white	白	8	PC:06 HELIX	1	アンドロイド	L					
colorless_010_01_06_00	colorless	「氷魔女」シヴァリス	Shivarys - Ice Witch	8				[When Summoned]\nPut all of your opponent's Mono-Color\nMana and Neutral Mana into the Rest State\n[When Attacking]\nDestroy one of your opponent's\nMono-Color Minions.	PC:06 HELIX					1412	「氷魔女」シヴァリス	https://www.aicarddass.com/zenonzard/images/cardlist/cards/colorless_010_01_06_00.png?v=20201113	field_minion	フィールド・ミニオン	colorless	無色	8	PC:06 HELIX	1	モンスター|レギオン	L					
colorless_010_02_01_00	colorless	九神龍「闘」アラバスター	Lord Alabaster - The Embattled	9+				Charge\n[When Attacking]\nDeal 3 damage to your opponent's Life.\nFor each Force your opponent has, this\ndamage is reduced by 1.	PC:01 AWAKEN					1425	九神龍「闘」アラバスター	https://www.aicarddass.com/zenonzard/images/cardlist/cards/colorless_010_02_01_00.png?v=20201113	field_minion	フィールド・ミニオン	colorless	無色	9+	PC:01 AWAKEN	14	ドラゴン	L					
colorless_010_02_01r_00	colorless	「五幻獣」麒麟	Qilin - Of the Five	9+	600	1	"【召喚時】
相手のプレイヤーにXダメージを与える。Xは自分の種族「ビースト」/「ファイブスター」を持つミニオンの数と同じとする。"	[When Summoned]\nDeal X damage to your opponent's Life\nwhere X is the number of minions\nbelonging to the Beast/The Five class that you\nhave on the field.	PC:01R BEYOND				card_image+seesaa	1426	「五幻獣」麒麟	https://www.aicarddass.com/zenonzard/images/cardlist/cards/colorless_010_02_01r_00.png?v=20201113	field_minion	フィールド・ミニオン	colorless	無色	9+	PC:01R BEYOND	12	ファイブスター	L					
colorless_010_02_02_00	colorless	九神龍「天」リジェネレイト	Lord Empyrean - The Celestial	10	1000	2	"飛来
【召喚時】
自分の有色マナ全てをアクティブにする。自分の「九神龍「天」リジェネレイト」の効果はターンに1回だけ発揮する。"	"Swoop\n[When Summoned]\nAll your Color Mana enter the Active\nState. You can only activate the ability of\n""Lord Empyrean - The Celestial"" once per\nturn."	PC:02 CONTRACT				card_image+seesaa	1427	九神龍「天」リジェネレイト	https://www.aicarddass.com/zenonzard/images/cardlist/cards/colorless_010_02_02_00.png?v=20201113	field_minion	フィールド・ミニオン	colorless	無色	9+	PC:02 CONTRACT	11	ドラゴン	L					
colorless_010_02_02r_00	colorless	九神龍「闘」アラバスター		9+					PC:02R DIVINE					1428	九神龍「闘」アラバスター	https://www.aicarddass.com/zenonzard/images/cardlist/cards/colorless_010_02_02r_00.png?v=20201113	field_minion	フィールド・ミニオン	colorless	無色	9+	PC:02R DIVINE	10	ドラゴン	L					
colorless_010_02_02c_00	colorless	アン・インカーネイト・オブ・ザ・ラディウス		9+					EXCODE:02C SAO					1429	アン・インカーネイト・オブ・ザ・ラディウス	https://www.aicarddass.com/zenonzard/images/cardlist/cards/colorless_010_02_02c_00.png?v=20201113	field_minion	フィールド・ミニオン	colorless	無色	9+	EXCODE:02C SAO	9	ソード	E					
colorless_010_02_EX02_00	colorless	六神剣の剣豪	Hex - The Saber God	9+				[When Summoned]\nDeal -XBP to all your opponent's minions\nwhere X is all of your Force points x100\n[At the End of Your Turn]\nRestore 1 Life point.	EX:02 幻影の剣士					1432	六神剣の剣豪	https://www.aicarddass.com/zenonzard/images/cardlist/cards/colorless_010_02_EX02_00.png?v=20201113	field_minion	フィールド・ミニオン	colorless	無色	9+	EX:02 幻影の剣士	7	ソード	E					
colorless_012_02_01_00	colorless	「黄金の果樹」ユグドラウォーカー	Yggdrawalker - Bearer of Golden Fruit	9+				[On Your Turn]\nThe basic cost of this card while in your\nhand is reduced by 3 for each Force that\nhas been destroyed.	PC:01 AWAKEN					1437	「黄金の果樹」ユグドラウォーカー	https://www.aicarddass.com/zenonzard/images/cardlist/cards/colorless_012_02_01_00.png?v=20201113	field_minion	フィールド・ミニオン	colorless	無色	9+	PC:01 AWAKEN	14	スプライト	E					
