image_id	official_order	official_name_jp	official_image_url_jp	card_type	card_type_jp	attribute	attribute_jp	cost_official	pack_jp_official	pack_order	race_jp	rarity_official	dp_official	effect_tags_jp	effect_timing_jp	condition_tags_jp	official_conflicts
red_00_01_04_00	0	ブレイドラ	https://www.aicarddass.com/zenonzard/images/cardlist/cards/red_00_01_04_00.png?v=20201113	field_minion	フィールド・ミニオン	red	赤	0	PC:04 FORBIDDEN	6	BS	E					
red_00_01_01_00	1	アグマの守護者	https://www.aicarddass.com/zenonzard/images/cardlist/cards/red_00_01_01_00.png?v=20201113	base_minion	ベース・ミニオン	red	赤		PC:01 AWAKEN	14	ドワーフ	R					
red_00_01_00_00	2	アグマの鉱夫	https://www.aicarddass.com/zenonzard/images/cardlist/cards/red_00_01_00_00.png?v=20201113	base_minion	ベース・ミニオン	red	赤		ベーシック	15	ドワーフ	Basic					
red_00_01_01r_00	3	ドワーフの闘士	https://www.aicarddass.com/zenonzard/images/cardlist/cards/red_00_01_01r_00.png?v=20201113	base_minion	ベース・ミニオン	red	赤		PC:01R BEYOND	12	ドワーフ	E					
red_00_01_02_00	4	「石精」ロックバイス	https://www.aicarddass.com/zenonzard/images/cardlist/cards/red_00_01_02_00.png?v=20201113	base_minion	ベース・ミニオン	red	赤		PC:02 CONTRACT	11	ニンフ	C					
red_00_01_02_01	5	「炎精」ファイアリィ	https://www.aicarddass.com/zenonzard/images/cardlist/cards/red_00_01_02_01.png?v=20201113	base_minion	ベース・ミニオン	red	赤		PC:02 CONTRACT	11	ニンフ	E					
red_00_01_02r_00	6	「鉄精」アイロナ	https://www.aicarddass.com/zenonzard/images/cardlist/cards/red_00_01_02r_00.png?v=20201113	base_minion	ベース・ミニオン	red	赤		PC:02R DIVINE	10	ニンフ	R					
red_00_01_02r_01	7	「紅玉精」ルビニア	https://www.aicarddass.com/zenonzard/images/cardlist/cards/red_00_01_02r_01.png?v=20201113	base_minion	ベース・ミニオン	red	赤		PC:02R DIVINE	10	ニンフ	E					
red_00_01_02c_00	8	「小竜」ピナ	https://www.aicarddass.com/zenonzard/images/cardlist/cards/red_00_01_02c_00.png?v=20201113	base_minion	ベース・ミニオン	red	赤		EXCODE:02C SAO	9	ソード|ドラゴン	C					
red_00_01_02c_01	9	ダークリパルサー	https://www.aicarddass.com/zenonzard/images/cardlist/cards/red_00_01_02c_01.png?v=20201113	base_minion	ベース・ミニオン	red	赤		EXCODE:02C SAO	9	アイテム|ソード	R					
red_00_01_02c_02	10	エリュシデータ	https://www.aicarddass.com/zenonzard/images/cardlist/cards/red_00_01_02c_02.png?v=20201113	base_minion	ベース・ミニオン	red	赤		EXCODE:02C SAO	9	アイテム|ソード	E					
red_00_00_03_00	11	「火蜘蛛の召喚士」ロック Lv1	https://www.aicarddass.com/zenonzard/images/cardlist/cards/red_00_00_03_00.png?v=20201113	base_minion	ベース・ミニオン	red	赤		PC:03 EVOLVE	8	エヴォーカー	R					
red_00_00_03_01	12	「火蜘蛛の召喚士」ロック Lv2	https://www.aicarddass.com/zenonzard/images/cardlist/cards/red_00_00_03_01.png?v=20201113	base_minion	ベース・ミニオン	red	赤		PC:03 EVOLVE	8	エヴォーカー	R					
red_00_00_03_02	13	「火蜘蛛の召喚士」ロック Lv3	https://www.aicarddass.com/zenonzard/images/cardlist/cards/red_00_00_03_02.png?v=20201113	base_minion	ベース・ミニオン	red	赤		PC:03 EVOLVE	8	エヴォーカー	R					
red_00_00_03_03	14	「炎石の召喚士」エミリー Lv1	https://www.aicarddass.com/zenonzard/images/cardlist/cards/red_00_00_03_03.png?v=20201113	base_minion	ベース・ミニオン	red	赤		PC:03 EVOLVE	8	エヴォーカー	L					
red_00_00_03_04	15	「炎石の召喚士」エミリー Lv2	https://www.aicarddass.com/zenonzard/images/cardlist/cards/red_00_00_03_04.png?v=20201113	base_minion	ベース・ミニオン	red	赤		PC:03 EVOLVE	8	エヴォーカー	L					
red_00_00_03_05	16	「炎石の召喚士」エミリー Lv3	https://www.aicarddass.com/zenonzard/images/cardlist/cards/red_00_00_03_05.png?v=20201113	base_minion	ベース・ミニオン	red	赤		PC:03 EVOLVE	8	エヴォーカー	L					
red_00_01_EX02_00	17	「豚竜」プビィ	https://www.aicarddass.com/zenonzard/images/cardlist/cards/red_00_01_EX02_00.png?v=20201113	base_minion	ベース・ミニオン	red	赤		EX:02 幻影の剣士	7	ソード|ドラゴン	C					
red_00_01_EX02_01	18	炎刃レイジングブレイズ	https://www.aicarddass.com/zenonzard/images/cardlist/cards/red_00_01_EX02_01.png?v=20201113	base_minion	ベース・ミニオン	red	赤		EX:02 幻影の剣士	7	アイテム|ソード	R					
red_00_01_EX02_02	19	赤剣ウインブレイド	https://www.aicarddass.com/zenonzard/images/cardlist/cards/red_00_01_EX02_02.png?v=20201113	base_minion	ベース・ミニオン	red	赤		EX:02 幻影の剣士	7	アイテム|ソード	E					
red_00_00_04_00	20	「紅の魔術師」マッド	https://www.aicarddass.com/zenonzard/images/cardlist/cards/red_00_00_04_00.png?v=20201113	base_minion	ベース・ミニオン	red	赤		PC:04 FORBIDDEN	6	エヴォーカー	R					
red_00_00_04_01	21	「焔の魔術師」ケネス	https://www.aicarddass.com/zenonzard/images/cardlist/cards/red_00_00_04_01.png?v=20201113	base_minion	ベース・ミニオン	red	赤		PC:04 FORBIDDEN	6	エヴォーカー	E					
red_00_00_04_02	22	馬神 弾 Lv1	https://www.aicarddass.com/zenonzard/images/cardlist/cards/red_00_00_04_02.png?v=20201113	base_minion	ベース・ミニオン	red	赤		PC:04 FORBIDDEN	6	カードバトラー	E					
red_00_00_04_03	23	馬神 弾 Lv2	https://www.aicarddass.com/zenonzard/images/cardlist/cards/red_00_00_04_03.png?v=20201113	base_minion	ベース・ミニオン	red	赤		PC:04 FORBIDDEN	6	カードバトラー	E					
red_00_00_04_04	24	馬神 弾 Lv3	https://www.aicarddass.com/zenonzard/images/cardlist/cards/red_00_00_04_04.png?v=20201113	base_minion	ベース・ミニオン	red	赤		PC:04 FORBIDDEN	6	カードバトラー	E					
red_00_00_04_05	25	激突王ダン	https://www.aicarddass.com/zenonzard/images/cardlist/cards/red_00_00_04_05.png?v=20201113	base_minion	ベース・ミニオン	red	赤		PC:04 FORBIDDEN	6	カードバトラー	R					
red_00_00_04_06	26	砲竜バル・ガンナー	https://www.aicarddass.com/zenonzard/images/cardlist/cards/red_00_00_04_06.png?v=20201113	base_minion	ベース・ミニオン	red	赤		PC:04 FORBIDDEN	6		R					
red_00_00_04_07	27	砲凰竜フェニック・キャノン	https://www.aicarddass.com/zenonzard/images/cardlist/cards/red_00_00_04_07.png?v=20201113	base_minion	ベース・ミニオン	red	赤		PC:04 FORBIDDEN	6		C					
red_00_00_05_00	28	宝石人フローライト	https://www.aicarddass.com/zenonzard/images/cardlist/cards/red_00_00_05_00.png?v=20201113	base_minion	ベース・ミニオン	red	赤		PC:05 GLORY	2	ジュエリスト	C					
red_0_00_06_00	29	空賊ウォーカー	https://www.aicarddass.com/zenonzard/images/cardlist/cards/red_0_00_06_00.png?v=20201113	base_minion	ベース・ミニオン	red|yellow	赤|黄		PC:06 HELIX	1	ウイング|ドラゴニュート	C					
red_02_00_06_00	30	空賊ミハーリ	https://www.aicarddass.com/zenonzard/images/cardlist/cards/red_02_00_06_00.png?v=20201113	base_minion	ベース・ミニオン	red|yellow	赤|黄		PC:06 HELIX	1	ウイング|ドラゴニュート	R					
red_01_02_01_00	31	スパイクリザード	https://www.aicarddass.com/zenonzard/images/cardlist/cards/red_01_02_01_00.png?v=20201113	field_minion	フィールド・ミニオン	red	赤	1	PC:01 AWAKEN	14	ダイナソー	C					
red_01_02_02_00	32	ゴレイム「タイプ：ディガー」	https://www.aicarddass.com/zenonzard/images/cardlist/cards/red_01_02_02_00.png?v=20201113	field_minion	フィールド・ミニオン	red	赤	1	PC:02 CONTRACT	11	ゴレイム	R					
red_01_01_03_00	33	アーマーヘラクレス	https://www.aicarddass.com/zenonzard/images/cardlist/cards/red_01_01_03_00.png?v=20201113	field_minion	フィールド・ミニオン	red	赤	1	PC:03 EVOLVE	8	モンスター	R					
red_01_00_04_00	34	カメレオプス	https://www.aicarddass.com/zenonzard/images/cardlist/cards/red_01_00_04_00.png?v=20201113	field_minion	フィールド・ミニオン	red	赤	1	PC:04 FORBIDDEN	6	BS	C					
red_01_01_04_00	35	アンキラーザウルス	https://www.aicarddass.com/zenonzard/images/cardlist/cards/red_01_01_04_00.png?v=20201113	field_minion	フィールド・ミニオン	red	赤	1	PC:04 FORBIDDEN	6	BS	C					
red_01_01_05_00	36	はじまりの宝石人	https://www.aicarddass.com/zenonzard/images/cardlist/cards/red_01_01_05_00.png?v=20201113	field_minion	フィールド・ミニオン	red	赤	1	PC:05 GLORY	2	ジュエリスト	C					
red_03_01_06_00	37	「紅水晶の踊子」宝石人ローズクォーツ	https://www.aicarddass.com/zenonzard/images/cardlist/cards/red_03_01_06_00.png?v=20201113	field_minion	フィールド・ミニオン	red	赤	1	PC:06 HELIX	1	ジュエリスト	E					
red_03_01_06_03	38	空賊イツカ	https://www.aicarddass.com/zenonzard/images/cardlist/cards/red_03_01_06_03.png?v=20201113	field_minion	フィールド・ミニオン	red|yellow	赤|黄	1	PC:06 HELIX	1	ウイング|ドラゴニュート	C					
red_01_03_00_00	39	緊急採掘命令	https://www.aicarddass.com/zenonzard/images/cardlist/cards/red_01_03_00_00.png?v=20201113	magic	マジック	red	赤	1	ベーシック	15		Basic					
red_01_03_01r_00	40	増加装甲装着	https://www.aicarddass.com/zenonzard/images/cardlist/cards/red_01_03_01r_00.png?v=20201113	magic	マジック	red	赤	1	PC:01R BEYOND	12		C					
red_01_02_03_00	41	ボムボール	https://www.aicarddass.com/zenonzard/images/cardlist/cards/red_01_02_03_00.png?v=20201113	magic	マジック	red	赤	1	PC:03 EVOLVE	8		C					
red_01_02_04_00	42	マッドの第1魔法：クリエイト	https://www.aicarddass.com/zenonzard/images/cardlist/cards/red_01_02_04_00.png?v=20201113	magic	マジック	red	赤	1	PC:04 FORBIDDEN	6		R					
red_01_02_04_01	43	ケネスの第1魔法：アクセラレイト	https://www.aicarddass.com/zenonzard/images/cardlist/cards/red_01_02_04_01.png?v=20201113	magic	マジック	red	赤	1	PC:04 FORBIDDEN	6		E					
red_01_02_05_00	44	ジュエルの煌めき Lv1	https://www.aicarddass.com/zenonzard/images/cardlist/cards/red_01_02_05_00.png?v=20201113	magic	マジック	red	赤	1	PC:05 GLORY	2		L					
red_01_04_00_00	45	S・ゴレイム・トークン	https://www.aicarddass.com/zenonzard/images/cardlist/cards/red_01_04_00_00.png?v=20201113	token_minion	ミニオン・トークン	red	赤	1	ベーシック	15	ゴレイム	Basic					
red_01_03_EX04_00	46	屑ヤミー	https://www.aicarddass.com/zenonzard/images/cardlist/cards/red_01_03_EX04_00.png?v=20201113	token_minion	ミニオン・トークン	red	赤	1	EX:04 KAMEN RIDER	4	モンスター	Basic					
red_01_03_EX04c_00	47	S・モンスター・トークン	https://www.aicarddass.com/zenonzard/images/cardlist/cards/red_01_03_EX04c_00.png?v=20201113	token_minion	ミニオン・トークン	red	赤	1	EX:04 HEROIC_MASQUERADE	3	モンスター	Basic					
red_02_02_01_00	48	ファイアービートル	https://www.aicarddass.com/zenonzard/images/cardlist/cards/red_02_02_01_00.png?v=20201113	field_minion	フィールド・ミニオン	red	赤	2	PC:01 AWAKEN	14	モンスター	C					
red_02_02_00_00	49	エオラプトル	https://www.aicarddass.com/zenonzard/images/cardlist/cards/red_02_02_00_00.png?v=20201113	field_minion	フィールド・ミニオン	red	赤	2	ベーシック	15	ダイナソー	Basic					
red_02_02_00_01	50	ゴレイム「タイプ：ドリル」	https://www.aicarddass.com/zenonzard/images/cardlist/cards/red_02_02_00_01.png?v=20201113	field_minion	フィールド・ミニオン	red	赤	2	ベーシック	15	ゴレイム	Basic					
red_02_02_01r_00	51	フレイムカーマン	https://www.aicarddass.com/zenonzard/images/cardlist/cards/red_02_02_01r_00.png?v=20201113	field_minion	フィールド・ミニオン	red	赤	2	PC:01R BEYOND	12	ビースト	R					
red_02_02_02_00	52	ファイアリザード	https://www.aicarddass.com/zenonzard/images/cardlist/cards/red_02_02_02_00.png?v=20201113	field_minion	フィールド・ミニオン	red	赤	2	PC:02 CONTRACT	11	ダイナソー	C					
red_02_02_02r_00	53	ロックインプ	https://www.aicarddass.com/zenonzard/images/cardlist/cards/red_02_02_02r_00.png?v=20201113	field_minion	フィールド・ミニオン	red	赤	2	PC:02R DIVINE	10	モンスター	C					
red_02_02_02r_01	54	ゴレイム「タイプ：ルーラー」	https://www.aicarddass.com/zenonzard/images/cardlist/cards/red_02_02_02r_01.png?v=20201113	field_minion	フィールド・ミニオン	red	赤	2	PC:02R DIVINE	10	ゴレイム	C					
red_02_02_02c_00	55	「月夜の黒猫団」サチ	https://www.aicarddass.com/zenonzard/images/cardlist/cards/red_02_02_02c_00.png?v=20201113	field_minion	フィールド・ミニオン	red	赤	2	EXCODE:02C SAO	9	ソード	C					
red_02_02_02c_01	56	「情報屋」アルゴ	https://www.aicarddass.com/zenonzard/images/cardlist/cards/red_02_02_02c_01.png?v=20201113	field_minion	フィールド・ミニオン	red	赤	2	EXCODE:02C SAO	9	ソード	R					
red_02_01_03_00	57	アグマのトロッコ乗り	https://www.aicarddass.com/zenonzard/images/cardlist/cards/red_02_01_03_00.png?v=20201113	field_minion	フィールド・ミニオン	red	赤	2	PC:03 EVOLVE	8	ドワーフ	C					
red_02_01_03_01	58	「ロックの召喚獣」レッドスパイダー Lv1	https://www.aicarddass.com/zenonzard/images/cardlist/cards/red_02_01_03_01.png?v=20201113	field_minion	フィールド・ミニオン	red	赤	2	PC:03 EVOLVE	8	アルカナ	R					
red_02_01_03_02	59	「ロックの召喚獣」レッドスパイダー Lv2	https://www.aicarddass.com/zenonzard/images/cardlist/cards/red_02_01_03_02.png?v=20201113	field_minion	フィールド・ミニオン	red	赤	2	PC:03 EVOLVE	8	アルカナ	R					
red_02_01_03_03	60	「ロックの召喚獣」レッドスパイダー Lv3	https://www.aicarddass.com/zenonzard/images/cardlist/cards/red_02_01_03_03.png?v=20201113	field_minion	フィールド・ミニオン	red	赤	2	PC:03 EVOLVE	8	アルカナ	R					
red_02_02_EX02_00	61	「黒猫シーフ」メイ	https://www.aicarddass.com/zenonzard/images/cardlist/cards/red_02_02_EX02_00.png?v=20201113	field_minion	フィールド・ミニオン	red	赤	2	EX:02 幻影の剣士	7	ソード	C					
red_02_02_EX02_01	62	伝書ラッティー	https://www.aicarddass.com/zenonzard/images/cardlist/cards/red_02_02_EX02_01.png?v=20201113	field_minion	フィールド・ミニオン	red	赤	2	EX:02 幻影の剣士	7	ソード	R					
red_02_01_04_02	63	アグマの魔石掘り	https://www.aicarddass.com/zenonzard/images/cardlist/cards/red_02_01_04_02.png?v=20201113	field_minion	フィールド・ミニオン	red	赤	2	PC:04 FORBIDDEN	6	ドワーフ	C					
red_02_01_04_03	64	アクゥイラム	https://www.aicarddass.com/zenonzard/images/cardlist/cards/red_02_01_04_03.png?v=20201113	field_minion	フィールド・ミニオン	red	赤	2	PC:04 FORBIDDEN	6	BS	C					
red_02_01_04_00	65	星角獣ユニゴーント	https://www.aicarddass.com/zenonzard/images/cardlist/cards/red_02_01_04_00.png?v=20201113	field_minion	フィールド・ミニオン	red	赤	2	PC:04 FORBIDDEN	6	BS	R					
red_02_01_05_00	66	宝石人オプディアン	https://www.aicarddass.com/zenonzard/images/cardlist/cards/red_02_01_05_00.png?v=20201113	field_minion	フィールド・ミニオン	red	赤	2	PC:05 GLORY	2	ジュエリスト	C					
red_02_01_05_01	67	宝石人ブルーベリル	https://www.aicarddass.com/zenonzard/images/cardlist/cards/red_02_01_05_01.png?v=20201113	field_minion	フィールド・ミニオン	red	赤	2	PC:05 GLORY	2	ジュエリスト	R					
red_02_01_05_02	68	ゴレイム「タイプ：ブロック」	https://www.aicarddass.com/zenonzard/images/cardlist/cards/red_02_01_05_02.png?v=20201113	field_minion	フィールド・ミニオン	red	赤	2	PC:05 GLORY	2	ゴレイム|レギオン	R					
red_01_01_06_00	69	空賊トッコウ	https://www.aicarddass.com/zenonzard/images/cardlist/cards/red_01_01_06_00.png?v=20201113	field_minion	フィールド・ミニオン	red|yellow	赤|黄	2	PC:06 HELIX	1	ウイング|ドラゴニュート	R					
red_02_03_01_00	70	コウモリの攪乱	https://www.aicarddass.com/zenonzard/images/cardlist/cards/red_02_03_01_00.png?v=20201113	magic	マジック	red	赤	2	PC:01 AWAKEN	14		C					
red_02_03_00_00	71	ハイプレッシャー	https://www.aicarddass.com/zenonzard/images/cardlist/cards/red_02_03_00_00.png?v=20201113	magic	マジック	red	赤	2	ベーシック	15		Basic					
red_02_03_00_01	72	グラヴィティ	https://www.aicarddass.com/zenonzard/images/cardlist/cards/red_02_03_00_01.png?v=20201113	magic	マジック	red	赤	2	ベーシック	15		Basic					
red_02_03_01r_00	73	パラライズボール	https://www.aicarddass.com/zenonzard/images/cardlist/cards/red_02_03_01r_00.png?v=20201113	magic	マジック	red	赤	2	PC:01R BEYOND	12		C					
red_02_03_02r_00	74	コール・ゴレイム	https://www.aicarddass.com/zenonzard/images/cardlist/cards/red_02_03_02r_00.png?v=20201113	magic	マジック	red	赤	2	PC:02R DIVINE	10		C					
red_02_03_02r_01	75	ファイアボール	https://www.aicarddass.com/zenonzard/images/cardlist/cards/red_02_03_02r_01.png?v=20201113	magic	マジック	red	赤	2	PC:02R DIVINE	10		R					
red_02_03_02c_00	76	アスナの料理	https://www.aicarddass.com/zenonzard/images/cardlist/cards/red_02_03_02c_00.png?v=20201113	magic	マジック	red	赤	2	EXCODE:02C SAO	9		C					
red_02_03_02c_01	77	ヴォーパル・ストライク	https://www.aicarddass.com/zenonzard/images/cardlist/cards/red_02_03_02c_01.png?v=20201113	magic	マジック	red	赤	2	EXCODE:02C SAO	9		R					
red_02_03_EX02_00	78	アメリアの慈愛	https://www.aicarddass.com/zenonzard/images/cardlist/cards/red_02_03_EX02_00.png?v=20201113	magic	マジック	red	赤	2	EX:02 幻影の剣士	7		C					
red_02_03_EX02_01	79	カウンター・ストライク	https://www.aicarddass.com/zenonzard/images/cardlist/cards/red_02_03_EX02_01.png?v=20201113	magic	マジック	red	赤	2	EX:02 幻影の剣士	7		R					
red_02_02_04_00	80	スターリードロー	https://www.aicarddass.com/zenonzard/images/cardlist/cards/red_02_02_04_00.png?v=20201113	magic	マジック	red	赤	2	PC:04 FORBIDDEN	6		C					
red_04_02_06_00	81	シャイニング・フィスト	https://www.aicarddass.com/zenonzard/images/cardlist/cards/red_04_02_06_00.png?v=20201113	magic	マジック	red	赤	2	PC:06 HELIX	1		R					
red_01_00_06_00	82	宝石人スピネル	https://www.aicarddass.com/zenonzard/images/cardlist/cards/red_01_00_06_00.png?v=20201113	base_minion	ベース・ミニオン	red	赤	2	PC:06 HELIX	1	ジュエリスト	R					
red_03_02_01_02	83	ヴェローシュラプトル	https://www.aicarddass.com/zenonzard/images/cardlist/cards/red_03_02_01_02.png?v=20201113	field_minion	フィールド・ミニオン	red	赤	3	PC:01 AWAKEN	14	ダイナソー	R					
red_03_02_01_01	84	ゴレイム「タイプ：アイアンハンマー」	https://www.aicarddass.com/zenonzard/images/cardlist/cards/red_03_02_01_01.png?v=20201113	field_minion	フィールド・ミニオン	red	赤	3	PC:01 AWAKEN	14	ゴレイム	C					
red_03_02_01_03	85	「鉄腕の大君」グレイグ・スマッシャー	https://www.aicarddass.com/zenonzard/images/cardlist/cards/red_03_02_01_03.png?v=20201113	field_minion	フィールド・ミニオン	red	赤	3	PC:01 AWAKEN	14	ドワーフ	E					
red_03_02_01_00	86	「導きの竜姫」ダイアナ	https://www.aicarddass.com/zenonzard/images/cardlist/cards/red_03_02_01_00.png?v=20201113	field_minion	フィールド・ミニオン	red	赤	3	PC:01 AWAKEN	14	ダイナソー	E					
red_03_02_00_00	87	ゴレイム「タイプ：ソーサー」	https://www.aicarddass.com/zenonzard/images/cardlist/cards/red_03_02_00_00.png?v=20201113	field_minion	フィールド・ミニオン	red	赤	3	ベーシック	15	ゴレイム	Basic					
red_03_02_01r_00	88	ゴレイム「タイプ：ショベル」	https://www.aicarddass.com/zenonzard/images/cardlist/cards/red_03_02_01r_00.png?v=20201113	field_minion	フィールド・ミニオン	red	赤	3	PC:01R BEYOND	12	ゴレイム	C					
red_03_02_02_00	89	「爆焔の竜巫女」ジェーン	https://www.aicarddass.com/zenonzard/images/cardlist/cards/red_03_02_02_00.png?v=20201113	field_minion	フィールド・ミニオン	red	赤	3	PC:02 CONTRACT	11	ヒューマノイド	R					
red_03_02_02c_00	90	「アルゲードの商人」エギル	https://www.aicarddass.com/zenonzard/images/cardlist/cards/red_03_02_02c_00.png?v=20201113	field_minion	フィールド・ミニオン	red	赤	3	EXCODE:02C SAO	9	ソード	C					
red_03_01_03_00	91	ファイアハウンド	https://www.aicarddass.com/zenonzard/images/cardlist/cards/red_03_01_03_00.png?v=20201113	field_minion	フィールド・ミニオン	red	赤	3	PC:03 EVOLVE	8	ビースト	C					
red_03_01_03_01	92	「アグマの親方」ニトログ	https://www.aicarddass.com/zenonzard/images/cardlist/cards/red_03_01_03_01.png?v=20201113	field_minion	フィールド・ミニオン	red	赤	3	PC:03 EVOLVE	8	ソード|ドワーフ	L					
red_03_02_EX02_00	93	アックス・オーク	https://www.aicarddass.com/zenonzard/images/cardlist/cards/red_03_02_EX02_00.png?v=20201113	field_minion	フィールド・ミニオン	red	赤	3	EX:02 幻影の剣士	7	ソード	C					
red_03_01_04_00	94	アグマの傭兵	https://www.aicarddass.com/zenonzard/images/cardlist/cards/red_03_01_04_00.png?v=20201113	field_minion	フィールド・ミニオン	red	赤	3	PC:04 FORBIDDEN	6	ドワーフ	R					
red_03_01_04_01	95	砲撃ラット	https://www.aicarddass.com/zenonzard/images/cardlist/cards/red_03_01_04_01.png?v=20201113	field_minion	フィールド・ミニオン	red	赤	3	PC:04 FORBIDDEN	6	ラット	C					
red_03_01_04_02	96	ヤシウム	https://www.aicarddass.com/zenonzard/images/cardlist/cards/red_03_01_04_02.png?v=20201113	field_minion	フィールド・ミニオン	red	赤	3	PC:04 FORBIDDEN	6	BS	R					
red_03_01_EX04_00	97	カザリ	https://www.aicarddass.com/zenonzard/images/cardlist/cards/red_03_01_EX04_00.png?v=20201113	field_minion	フィールド・ミニオン	red	赤	3	EX:04 KAMEN RIDER	4	モンスター	R					
red_03_01_EX04c_00	98	「焔を飾るもの」ライオール	https://www.aicarddass.com/zenonzard/images/cardlist/cards/red_03_01_EX04c_00.png?v=20201113	field_minion	フィールド・ミニオン	red	赤	3	EX:04 HEROIC_MASQUERADE	3	モンスター	R					
red_03_01_05_00	99	宝石人ムーンストーン	https://www.aicarddass.com/zenonzard/images/cardlist/cards/red_03_01_05_00.png?v=20201113	field_minion	フィールド・ミニオン	red	赤	3	PC:05 GLORY	2	ジュエリスト	C					
red_03_01_05_01	100	「朱の隊長」サクラ	https://www.aicarddass.com/zenonzard/images/cardlist/cards/red_03_01_05_01.png?v=20201113	field_minion	フィールド・ミニオン	red	赤	3	PC:05 GLORY	2	レギオン	E					
red_04_01_06_00	101	宝石人ジルコン	https://www.aicarddass.com/zenonzard/images/cardlist/cards/red_04_01_06_00.png?v=20201113	field_minion	フィールド・ミニオン	red	赤	3	PC:06 HELIX	1	ジュエリスト	C					
red_03_01_06_02	102	「アグマの戦士王」ドゥリン	https://www.aicarddass.com/zenonzard/images/cardlist/cards/red_03_01_06_02.png?v=20201113	field_minion	フィールド・ミニオン	red	赤	3	PC:06 HELIX	1	ドワーフ	L					
red_05_01_06_01	103	空賊ボウマン	https://www.aicarddass.com/zenonzard/images/cardlist/cards/red_05_01_06_01.png?v=20201113	field_minion	フィールド・ミニオン	red|yellow	赤|黄	3	PC:06 HELIX	1	ウイング|ドラゴニュート	C					
red_03_03_02_00	104	シェイプシフト	https://www.aicarddass.com/zenonzard/images/cardlist/cards/red_03_03_02_00.png?v=20201113	magic	マジック	red	赤	3	PC:02 CONTRACT	11		C					
red_03_03_02_01	105	ブリーチング	https://www.aicarddass.com/zenonzard/images/cardlist/cards/red_03_03_02_01.png?v=20201113	magic	マジック	red	赤	3	PC:02 CONTRACT	11		R					
red_03_02_04_03	106	ドラゴンの孵化	https://www.aicarddass.com/zenonzard/images/cardlist/cards/red_03_02_04_03.png?v=20201113	magic	マジック	red	赤	3	PC:04 FORBIDDEN	6		C					
red_03_02_04_04	107	マッドの第2魔法：レプリカ	https://www.aicarddass.com/zenonzard/images/cardlist/cards/red_03_02_04_04.png?v=20201113	magic	マジック	red	赤	3	PC:04 FORBIDDEN	6		R					
red_03_02_04_00	108	ケネスの第2魔法：ファイアボルト	https://www.aicarddass.com/zenonzard/images/cardlist/cards/red_03_02_04_00.png?v=20201113	magic	マジック	red	赤	3	PC:04 FORBIDDEN	6		E					
red_03_02_05_00	109	宝石たちの共鳴	https://www.aicarddass.com/zenonzard/images/cardlist/cards/red_03_02_05_00.png?v=20201113	magic	マジック	red	赤	3	PC:05 GLORY	2		E					
red_03_02_05_01	110	ロックスロー	https://www.aicarddass.com/zenonzard/images/cardlist/cards/red_03_02_05_01.png?v=20201113	magic	マジック	red	赤	3	PC:05 GLORY	2		R					
red_03_02_05_02	111	ジュエルの煌めき Lv2	https://www.aicarddass.com/zenonzard/images/cardlist/cards/red_03_02_05_02.png?v=20201113	magic	マジック	red	赤	3	PC:05 GLORY	2		L					
red_05_02_06_00	112	パラシュート作戦	https://www.aicarddass.com/zenonzard/images/cardlist/cards/red_05_02_06_00.png?v=20201113	magic	マジック	red|yellow	赤|黄	3	PC:06 HELIX	1		C					
red_04_02_01_00	113	ファイアーバット	https://www.aicarddass.com/zenonzard/images/cardlist/cards/red_04_02_01_00.png?v=20201113	field_minion	フィールド・ミニオン	red	赤	4	PC:01 AWAKEN	14	ウイング	R					
red_04_02_00_00	114	騎兵隊長「百手読み」サムズ	https://www.aicarddass.com/zenonzard/images/cardlist/cards/red_04_02_00_00.png?v=20201113	field_minion	フィールド・ミニオン	red	赤	4	ベーシック	15	ドワーフ	Basic					
red_04_02_01r_00	115	「真実を映しだす者」ヤヌサス	https://www.aicarddass.com/zenonzard/images/cardlist/cards/red_04_02_01r_00.png?v=20201113	field_minion	フィールド・ミニオン	red	赤	4	PC:01R BEYOND	12	デミゴッド	L					
red_04_02_02_00	116	「暴竜」グラン=レックス	https://www.aicarddass.com/zenonzard/images/cardlist/cards/red_04_02_02_00.png?v=20201113	field_minion	フィールド・ミニオン	red	赤	4	PC:02 CONTRACT	11	ダイナソー	E					
red_04_02_02r_00	117	ドワーフの銃士	https://www.aicarddass.com/zenonzard/images/cardlist/cards/red_04_02_02r_00.png?v=20201113	field_minion	フィールド・ミニオン	red	赤	4	PC:02R DIVINE	10	ドワーフ	C					
red_04_02_02r_01	118	アンジュ・フレイム	https://www.aicarddass.com/zenonzard/images/cardlist/cards/red_04_02_02r_01.png?v=20201113	field_minion	フィールド・ミニオン	red	赤	4	PC:02R DIVINE	10	デミゴッド	L					
red_04_02_02c_00	119	「風林火山」クライン	https://www.aicarddass.com/zenonzard/images/cardlist/cards/red_04_02_02c_00.png?v=20201113	field_minion	フィールド・ミニオン	red	赤	4	EXCODE:02C SAO	9	ソード	C					
red_04_01_03_02	120	「アグマの酒飲み」レッドビア	https://www.aicarddass.com/zenonzard/images/cardlist/cards/red_04_01_03_02.png?v=20201113	field_minion	フィールド・ミニオン	red	赤	4	PC:03 EVOLVE	8	ソード|ドワーフ	E					
red_04_01_03_03	121	「紅蓮の猛者」レッドビア	https://www.aicarddass.com/zenonzard/images/cardlist/cards/red_04_01_03_03.png?v=20201113	field_minion	フィールド・ミニオン	red	赤	4	PC:03 EVOLVE	8	ソード|ドワーフ	E					
red_04_01_03_00	122	ゴレイム「タイプ：パイルドライバー」	https://www.aicarddass.com/zenonzard/images/cardlist/cards/red_04_01_03_00.png?v=20201113	field_minion	フィールド・ミニオン	red	赤	4	PC:03 EVOLVE	8	ゴレイム	E					
red_04_02_EX02_00	123	サムライ・ソルジャー	https://www.aicarddass.com/zenonzard/images/cardlist/cards/red_04_02_EX02_00.png?v=20201113	field_minion	フィールド・ミニオン	red	赤	4	EX:02 幻影の剣士	7	ソード	C					
red_04_01_04_00	124	獅龍皇子レオグルス	https://www.aicarddass.com/zenonzard/images/cardlist/cards/red_04_01_04_00.png?v=20201113	field_minion	フィールド・ミニオン	red	赤	4	PC:04 FORBIDDEN	6	BS	R					
red_04_01_04_01	125	雷皇龍ジークヴルム	https://www.aicarddass.com/zenonzard/images/cardlist/cards/red_04_01_04_01.png?v=20201113	field_minion	フィールド・ミニオン	red	赤	4	PC:04 FORBIDDEN	6	BS|ドラゴン	E					
red_04_01_EX04_00	126	メズール	https://www.aicarddass.com/zenonzard/images/cardlist/cards/red_04_01_EX04_00.png?v=20201113	field_minion	フィールド・ミニオン	red	赤	4	EX:04 KAMEN RIDER	4	モンスター	C					
red_04_01_EX04c_00	127	「愛づるもの」スキュラ	https://www.aicarddass.com/zenonzard/images/cardlist/cards/red_04_01_EX04c_00.png?v=20201113	field_minion	フィールド・ミニオン	red	赤	4	EX:04 HEROIC_MASQUERADE	3	モンスター	C					
red_04_01_05_00	128	「蒼玉の騎士」宝石人サファイア	https://www.aicarddass.com/zenonzard/images/cardlist/cards/red_04_01_05_00.png?v=20201113	field_minion	フィールド・ミニオン	red	赤	4	PC:05 GLORY	2	ジュエリスト	L					
red_04_01_06_01	129	「金剛の拳神」宝石人ダイヤモンド	https://www.aicarddass.com/zenonzard/images/cardlist/cards/red_04_01_06_01.png?v=20201113	field_minion	フィールド・ミニオン	red	赤	4	PC:06 HELIX	1	ジュエリスト	L					
red_08_01_06_00	130	宝石人オニキス	https://www.aicarddass.com/zenonzard/images/cardlist/cards/red_08_01_06_00.png?v=20201113	field_minion	フィールド・ミニオン	red	赤	4	PC:06 HELIX	1	ジュエリスト	C					
red_03_01_06_01	131	「赤角竜」ヒートホーン	https://www.aicarddass.com/zenonzard/images/cardlist/cards/red_03_01_06_01.png?v=20201113	field_minion	フィールド・ミニオン	red	赤	4	PC:06 HELIX	1	ダイナソー	E					
red_07_01_06_00	132	空賊「用心棒」ジーマ	https://www.aicarddass.com/zenonzard/images/cardlist/cards/red_07_01_06_00.png?v=20201113	field_minion	フィールド・ミニオン	red|yellow	赤|黄	4	PC:06 HELIX	1	ウイング|ドラゴニュート	E					
red_05_01_06_00	133	空賊「青空兄弟」ソラ&クウ	https://www.aicarddass.com/zenonzard/images/cardlist/cards/red_05_01_06_00.png?v=20201113	field_minion	フィールド・ミニオン	red|yellow	赤|黄	4	PC:06 HELIX	1	ウイング|ドラゴニュート	E					
red_04_03_01_00	134	メガトンハンマー	https://www.aicarddass.com/zenonzard/images/cardlist/cards/red_04_03_01_00.png?v=20201113	magic	マジック	red	赤	4	PC:01 AWAKEN	14		C					
red_04_02_04_02	135	マッドの第3魔法：アルター	https://www.aicarddass.com/zenonzard/images/cardlist/cards/red_04_02_04_02.png?v=20201113	magic	マジック	red	赤	4	PC:04 FORBIDDEN	6		R					
red_04_02_04_00	136	サジッタフレイム	https://www.aicarddass.com/zenonzard/images/cardlist/cards/red_04_02_04_00.png?v=20201113	magic	マジック	red	赤	4	PC:04 FORBIDDEN	6		C					
red_04_04_00_00	137	M・ゴレイム・トークン	https://www.aicarddass.com/zenonzard/images/cardlist/cards/red_04_04_00_00.png?v=20201113	token_minion	ミニオン・トークン	red	赤	4	ベーシック	15		Basic					
red_05_02_01_00	138	三ヵ国連合司令官バンクガイズ	https://www.aicarddass.com/zenonzard/images/cardlist/cards/red_05_02_01_00.png?v=20201113	field_minion	フィールド・ミニオン	red	赤	5	PC:01 AWAKEN	14	ドワーフ	L					
red_05_02_01r_00	139	モーホークザウラー	https://www.aicarddass.com/zenonzard/images/cardlist/cards/red_05_02_01r_00.png?v=20201113	field_minion	フィールド・ミニオン	red	赤	5	PC:01R BEYOND	12	ダイナソー	R					
red_05_02_02_00	140	ドワーフ・ウォーハンマー部隊	https://www.aicarddass.com/zenonzard/images/cardlist/cards/red_05_02_02_00.png?v=20201113	field_minion	フィールド・ミニオン	red	赤	5	PC:02 CONTRACT	11	ドワーフ	R					
red_05_02_02r_00	141	噴煙竜ボルカルム	https://www.aicarddass.com/zenonzard/images/cardlist/cards/red_05_02_02r_00.png?v=20201113	field_minion	フィールド・ミニオン	red	赤	5	PC:02R DIVINE	10	ドラゴン	E					
red_05_01_03_00	142	アグマの機械屋	https://www.aicarddass.com/zenonzard/images/cardlist/cards/red_05_01_03_00.png?v=20201113	field_minion	フィールド・ミニオン	red	赤	5	PC:03 EVOLVE	8	ドワーフ	R					
red_05_01_03_01	143	「エミリーの召喚獣」フレイムリング Lv1	https://www.aicarddass.com/zenonzard/images/cardlist/cards/red_05_01_03_01.png?v=20201113	field_minion	フィールド・ミニオン	red	赤	5	PC:03 EVOLVE	8	アルカナ	L					
red_05_01_03_02	144	「エミリーの召喚獣」フレイムリング Lv2	https://www.aicarddass.com/zenonzard/images/cardlist/cards/red_05_01_03_02.png?v=20201113	field_minion	フィールド・ミニオン	red	赤	5	PC:03 EVOLVE	8	アルカナ	L					
red_05_01_03_03	145	「エミリーの召喚獣」フレイムリング Lv3	https://www.aicarddass.com/zenonzard/images/cardlist/cards/red_05_01_03_03.png?v=20201113	field_minion	フィールド・ミニオン	red	赤	5	PC:03 EVOLVE	8	アルカナ	L					
red_05_01_04_00	146	ルビーヘッド	https://www.aicarddass.com/zenonzard/images/cardlist/cards/red_05_01_04_00.png?v=20201113	field_minion	フィールド・ミニオン	red	赤	5	PC:04 FORBIDDEN	6	ダイナソー	R					
red_05_01_04_01	147	龍星皇メテオヴルム	https://www.aicarddass.com/zenonzard/images/cardlist/cards/red_05_01_04_01.png?v=20201113	field_minion	フィールド・ミニオン	red	赤	5	PC:04 FORBIDDEN	6	BS|ドラゴン	E					
red_05_01_EX04_00	148	ガメル	https://www.aicarddass.com/zenonzard/images/cardlist/cards/red_05_01_EX04_00.png?v=20201113	field_minion	フィールド・ミニオン	red	赤	5	EX:04 KAMEN RIDER	4	モンスター	C					
red_05_01_EX04c_00	149	「欲張るもの」マンモール	https://www.aicarddass.com/zenonzard/images/cardlist/cards/red_05_01_EX04c_00.png?v=20201113	field_minion	フィールド・ミニオン	red	赤	5	EX:04 HEROIC_MASQUERADE	3	モンスター	C					
red_05_01_05_00	150	「太陽の騎士」宝石人コハク	https://www.aicarddass.com/zenonzard/images/cardlist/cards/red_05_01_05_00.png?v=20201113	field_minion	フィールド・ミニオン	red	赤	5	PC:05 GLORY	2	ジュエリスト	E					
red_05_01_05_01	151	アグマの戦場料理人	https://www.aicarddass.com/zenonzard/images/cardlist/cards/red_05_01_05_01.png?v=20201113	field_minion	フィールド・ミニオン	red	赤	5	PC:05 GLORY	2	ドワーフ|レギオン	R					
red_04_01_06_03	152	空賊ソニック	https://www.aicarddass.com/zenonzard/images/cardlist/cards/red_04_01_06_03.png?v=20201113	field_minion	フィールド・ミニオン	red|yellow	赤|黄	5	PC:06 HELIX	1	ウイング|ドラゴニュート	R					
red_04_01_06_04	153	空賊「特攻隊長」シミター	https://www.aicarddass.com/zenonzard/images/cardlist/cards/red_04_01_06_04.png?v=20201113	field_minion	フィールド・ミニオン	red|yellow	赤|黄	5	PC:06 HELIX	1	ウイング|ドラゴニュート	L					
red_05_03_01_00	154	ゴレイム部隊召集	https://www.aicarddass.com/zenonzard/images/cardlist/cards/red_05_03_01_00.png?v=20201113	magic	マジック	red	赤	5	PC:01 AWAKEN	14		R					
red_05_03_01r_00	155	クレメイションズフレイム	https://www.aicarddass.com/zenonzard/images/cardlist/cards/red_05_03_01r_00.png?v=20201113	magic	マジック	red	赤	5	PC:01R BEYOND	12		R					
red_05_02_04_00	156	ケネスの第3魔法：バーニング	https://www.aicarddass.com/zenonzard/images/cardlist/cards/red_05_02_04_00.png?v=20201113	magic	マジック	red	赤	5	PC:04 FORBIDDEN	6		E					
red_03_02_06_00	157	奇襲作戦	https://www.aicarddass.com/zenonzard/images/cardlist/cards/red_03_02_06_00.png?v=20201113	magic	マジック	red|yellow	赤|黄	5	PC:06 HELIX	1		E					
red_06_02_01_00	158	ゴレイム「タイプ：ピッケル」	https://www.aicarddass.com/zenonzard/images/cardlist/cards/red_06_02_01_00.png?v=20201113	field_minion	フィールド・ミニオン	red	赤	6	PC:01 AWAKEN	14	ゴレイム	C					
red_07_02_01r_00	159	「赤髭」ブラッド・ヒュージー	https://www.aicarddass.com/zenonzard/images/cardlist/cards/red_07_02_01r_00.png?v=20201113	field_minion	フィールド・ミニオン	red	赤	6	PC:01R BEYOND	12	ドワーフ	E					
red_06_02_02_00	160	プテラノックス	https://www.aicarddass.com/zenonzard/images/cardlist/cards/red_06_02_02_00.png?v=20201113	field_minion	フィールド・ミニオン	red	赤	6	PC:02 CONTRACT	11	ダイナソー	C					
red_06_02_02_01	161	「稲妻」マーガス	https://www.aicarddass.com/zenonzard/images/cardlist/cards/red_06_02_02_01.png?v=20201113	field_minion	フィールド・ミニオン	red	赤	6	PC:02 CONTRACT	11	ドワーフ	L					
red_06_02_02r_00	162	ラヴァ・スライム	https://www.aicarddass.com/zenonzard/images/cardlist/cards/red_06_02_02r_00.png?v=20201113	field_minion	フィールド・ミニオン	red	赤	6	PC:02R DIVINE	10	モンスター	R					
red_06_02_02c_00	163	「神聖剣」ヒースクリフ	https://www.aicarddass.com/zenonzard/images/cardlist/cards/red_06_02_02c_00.png?v=20201113	field_minion	フィールド・ミニオン	red	赤	6	EXCODE:02C SAO	9	ソード	E					
red_06_02_02c_01	164	「血盟騎士団」アスナ	https://www.aicarddass.com/zenonzard/images/cardlist/cards/red_06_02_02c_01.png?v=20201113	field_minion	フィールド・ミニオン	red	赤	6	EXCODE:02C SAO	9	閃光|ソード	L					
red_06_01_03_00	165	オーガール	https://www.aicarddass.com/zenonzard/images/cardlist/cards/red_06_01_03_00.png?v=20201113	field_minion	フィールド・ミニオン	red	赤	6	PC:03 EVOLVE	8	ジャイアント	C					
red_06_02_EX02_00	166	「火炎の騎士」クリフォード	https://www.aicarddass.com/zenonzard/images/cardlist/cards/red_06_02_EX02_00.png?v=20201113	field_minion	フィールド・ミニオン	red	赤	6	EX:02 幻影の剣士	7	ソード	E					
red_06_02_EX02_01	167	「閃光の竜騎士」アメリア	https://www.aicarddass.com/zenonzard/images/cardlist/cards/red_06_02_EX02_01.png?v=20201113	field_minion	フィールド・ミニオン	red	赤	6	EX:02 幻影の剣士	7	閃光|ソード	L					
red_06_01_04_00	168	「秘法の竜姫」ダイアナ	https://www.aicarddass.com/zenonzard/images/cardlist/cards/red_06_01_04_00.png?v=20201113	field_minion	フィールド・ミニオン	red	赤	6	PC:04 FORBIDDEN	6	ダイナソー	L					
red_06_01_04_01	169	太陽龍ジーク・アポロドラゴン	https://www.aicarddass.com/zenonzard/images/cardlist/cards/red_06_01_04_01.png?v=20201113	field_minion	フィールド・ミニオン	red	赤	6	PC:04 FORBIDDEN	6	BS|ドラゴン	E					
red_06_01_EX03_00	170	焔竜魔皇マ・グー	https://www.aicarddass.com/zenonzard/images/cardlist/cards/red_06_01_EX03_00.png?v=20201113	field_minion	フィールド・ミニオン	red	赤	6	EX:03 Battle Spirits	5	BS|ドラゴン	E					
red_06_01_EX04_00	171	ウヴァ	https://www.aicarddass.com/zenonzard/images/cardlist/cards/red_06_01_EX04_00.png?v=20201113	field_minion	フィールド・ミニオン	red	赤	6	EX:04 KAMEN RIDER	4	モンスター	E					
red_06_01_EX04c_00	172	「奪うもの」シックル	https://www.aicarddass.com/zenonzard/images/cardlist/cards/red_06_01_EX04c_00.png?v=20201113	field_minion	フィールド・ミニオン	red	赤	6	EX:04 HEROIC_MASQUERADE	3	モンスター	E					
red_07_02_01_00	173	ゴレイム「タイプ：キャノン」	https://www.aicarddass.com/zenonzard/images/cardlist/cards/red_07_02_01_00.png?v=20201113	field_minion	フィールド・ミニオン	red	赤	7	PC:01 AWAKEN	14	ゴレイム	E					
red_07_02_00_00	174	エクスプテラ	https://www.aicarddass.com/zenonzard/images/cardlist/cards/red_07_02_00_00.png?v=20201113	field_minion	フィールド・ミニオン	red	赤	7	ベーシック	15	ダイナソー	Basic					
red_07_02_02r_00	175	「豪竜」フレイザウラー	https://www.aicarddass.com/zenonzard/images/cardlist/cards/red_07_02_02r_00.png?v=20201113	field_minion	フィールド・ミニオン	red	赤	7	PC:02R DIVINE	10	ダイナソー	L					
red_07_02_02r_01	176	「豪炎竜皇」フレイザウラー	https://www.aicarddass.com/zenonzard/images/cardlist/cards/red_07_02_02r_01.png?v=20201113	field_minion	フィールド・ミニオン	red	赤	7	PC:02R DIVINE	10	ダイナソー|ドラゴン	L					
red_07_02_02r_02	177	「爆焔の竜騎士」シエンナ	https://www.aicarddass.com/zenonzard/images/cardlist/cards/red_07_02_02r_02.png?v=20201113	field_minion	フィールド・ミニオン	red	赤	7	PC:02R DIVINE	10	ヒューマノイド	L					
red_07_02_02c_02	178	「黒の剣士」キリト	https://www.aicarddass.com/zenonzard/images/cardlist/cards/red_07_02_02c_02.png?v=20201113	field_minion	フィールド・ミニオン	red	赤	7	EXCODE:02C SAO	9	黒の剣士|ソード	L					
red_07_02_02c_00	179	「双剣」キリト	https://www.aicarddass.com/zenonzard/images/cardlist/cards/red_07_02_02c_00.png?v=20201113	field_minion	フィールド・ミニオン	red	赤	7	EXCODE:02C SAO	9	黒の剣士|ソード	L					
red_07_01_03_00	180	「オリジンズ05」アイギス	https://www.aicarddass.com/zenonzard/images/cardlist/cards/red_07_01_03_00.png?v=20201113	field_minion	フィールド・ミニオン	red	赤	7	PC:03 EVOLVE	8	ゴレイム	L					
red_07_02_EX02_02	181	「火の竜刃」ソロ	https://www.aicarddass.com/zenonzard/images/cardlist/cards/red_07_02_EX02_02.png?v=20201113	field_minion	フィールド・ミニオン	red	赤	7	EX:02 幻影の剣士	7	黒の剣士|ソード	L					
red_07_02_EX02_00	182	「連撃の竜刃」ソロ	https://www.aicarddass.com/zenonzard/images/cardlist/cards/red_07_02_EX02_00.png?v=20201113	field_minion	フィールド・ミニオン	red	赤	7	EX:02 幻影の剣士	7	黒の剣士|ソード	L					
red_07_01_04_00	183	「溶岩の巨人」マーグ	https://www.aicarddass.com/zenonzard/images/cardlist/cards/red_07_01_04_00.png?v=20201113	field_minion	フィールド・ミニオン	red	赤	7	PC:04 FORBIDDEN	6	ジャイアント	E					
red_07_01_05_00	184	「炎剣竜」アーマードサウルス	https://www.aicarddass.com/zenonzard/images/cardlist/cards/red_07_01_05_00.png?v=20201113	field_minion	フィールド・ミニオン	red	赤	7	PC:05 GLORY	2	ダイナソー	E					
red_0_01_06_00	185	「トワイライト空賊団・団長」ヴァイス	https://www.aicarddass.com/zenonzard/images/cardlist/cards/red_0_01_06_00.png?v=20201113	field_minion	フィールド・ミニオン	red|yellow	赤|黄	7	PC:06 HELIX	1	ウイング|ドラゴニュート	L					
red_07_02_03_00	186	グラヴィティストーム	https://www.aicarddass.com/zenonzard/images/cardlist/cards/red_07_02_03_00.png?v=20201113	magic	マジック	red	赤	7	PC:03 EVOLVE	8		R					
red_08_02_01_00	187	ソードサウルス	https://www.aicarddass.com/zenonzard/images/cardlist/cards/red_08_02_01_00.png?v=20201113	field_minion	フィールド・ミニオン	red	赤	8	PC:01 AWAKEN	14	ダイナソー	R					
red_08_02_02r_00	188	溶岩竜ドラフレア	https://www.aicarddass.com/zenonzard/images/cardlist/cards/red_08_02_02r_00.png?v=20201113	field_minion	フィールド・ミニオン	red	赤	8	PC:02R DIVINE	10	ドラゴン	R					
red_08_01_04_00	189	超神星龍ジークヴルム・ノヴァ	https://www.aicarddass.com/zenonzard/images/cardlist/cards/red_08_01_04_00.png?v=20201113	field_minion	フィールド・ミニオン	red	赤	8	PC:04 FORBIDDEN	6	BS|ドラゴン	L					
red_08_01_04_01	190	金牛龍神ドラゴニック・タウラス	https://www.aicarddass.com/zenonzard/images/cardlist/cards/red_08_01_04_01.png?v=20201113	field_minion	フィールド・ミニオン	red	赤	8	PC:04 FORBIDDEN	6	BS|光導	E					
red_08_01_EX03_00	191	凶龍爆神ガンディノス	https://www.aicarddass.com/zenonzard/images/cardlist/cards/red_08_01_EX03_00.png?v=20201113	field_minion	フィールド・ミニオン	red	赤	8	EX:03 Battle Spirits	5	BS|ダイナソー	L					
red_04_01_06_02	192	ファイアーシケイダ	https://www.aicarddass.com/zenonzard/images/cardlist/cards/red_04_01_06_02.png?v=20201113	field_minion	フィールド・ミニオン	red	赤	8	PC:06 HELIX	1	モンスター	C					
red_08_03_02_00	193	ドラゴン・オブ・フォーシル	https://www.aicarddass.com/zenonzard/images/cardlist/cards/red_08_03_02_00.png?v=20201113	magic	マジック	red	赤	8	PC:02 CONTRACT	11		E					
red_06_02_03_00	194	サモンゴレイム	https://www.aicarddass.com/zenonzard/images/cardlist/cards/red_06_02_03_00.png?v=20201113	magic	マジック	red	赤	8	PC:03 EVOLVE	8		E					
red_09_02_01_00	195	「オリジンズ02」アロンダイ	https://www.aicarddass.com/zenonzard/images/cardlist/cards/red_09_02_01_00.png?v=20201113	field_minion	フィールド・ミニオン	red	赤	9+	PC:01 AWAKEN	14	ゴレイム	L					
red_09_02_02_00	196	「爆焔公」マグマファング	https://www.aicarddass.com/zenonzard/images/cardlist/cards/red_09_02_02_00.png?v=20201113	field_minion	フィールド・ミニオン	red	赤	9+	PC:02 CONTRACT	11	ドラゴン	L					
red_09_01_04_02	197	光龍騎神サジット・アポロドラゴン	https://www.aicarddass.com/zenonzard/images/cardlist/cards/red_09_01_04_02.png?v=20201113	field_minion	フィールド・ミニオン	red	赤	9+	PC:04 FORBIDDEN	6	BS|光導	L					
red_09_01_04_00	198	太陽神龍ライジング・アポロドラゴン	https://www.aicarddass.com/zenonzard/images/cardlist/cards/red_09_01_04_00.png?v=20201113	field_minion	フィールド・ミニオン	red	赤	9+	PC:04 FORBIDDEN	6	BS|ドラゴン	E					
red_09_01_05_00	199	「火山の巨人」ヴォルカニック	https://www.aicarddass.com/zenonzard/images/cardlist/cards/red_09_01_05_00.png?v=20201113	field_minion	フィールド・ミニオン	red	赤	9+	PC:05 GLORY	2	ジャイアント	L					
red_11_01_04_00	200	幻羅星龍ガイ・アスラ	https://www.aicarddass.com/zenonzard/images/cardlist/cards/red_11_01_04_00.png?v=20201113	field_minion	フィールド・ミニオン	red	赤	9+	PC:04 FORBIDDEN	6	BS|ドラゴン	L					
yellow_00_01_01_00	201	カナタナの守護者	https://www.aicarddass.com/zenonzard/images/cardlist/cards/yellow_00_01_01_00.png?v=20201113	base_minion	ベース・ミニオン	yellow	黄		PC:01 AWAKEN	14	アヴィアン	R					
yellow_00_01_00_00	202	カナタナの神官	https://www.aicarddass.com/zenonzard/images/cardlist/cards/yellow_00_01_00_00.png?v=20201113	base_minion	ベース・ミニオン	yellow	黄		ベーシック	15	アヴィアン	Basic					
yellow_00_01_01r_00	203	アヴィアンの忍者	https://www.aicarddass.com/zenonzard/images/cardlist/cards/yellow_00_01_01r_00.png?v=20201113	base_minion	ベース・ミニオン	yellow	黄		PC:01R BEYOND	12	アヴィアン	E					
yellow_00_01_02_00	204	「雲精」フィード	https://www.aicarddass.com/zenonzard/images/cardlist/cards/yellow_00_01_02_00.png?v=20201113	base_minion	ベース・ミニオン	yellow	黄		PC:02 CONTRACT	11	ニンフ	C					
yellow_00_01_02_01	205	「煌精」サンライト	https://www.aicarddass.com/zenonzard/images/cardlist/cards/yellow_00_01_02_01.png?v=20201113	base_minion	ベース・ミニオン	yellow	黄		PC:02 CONTRACT	11	ニンフ	E					
yellow_00_01_02r_00	206	「松精」オミツ	https://www.aicarddass.com/zenonzard/images/cardlist/cards/yellow_00_01_02r_00.png?v=20201113	base_minion	ベース・ミニオン	yellow	黄		PC:02R DIVINE	10	ニンフ	R					
yellow_00_01_02r_01	207	「微風精」ブリーズ	https://www.aicarddass.com/zenonzard/images/cardlist/cards/yellow_00_01_02r_01.png?v=20201113	base_minion	ベース・ミニオン	yellow	黄		PC:02R DIVINE	10	ニンフ	E					
yellow_00_01_02c_00	208	トンキー	https://www.aicarddass.com/zenonzard/images/cardlist/cards/yellow_00_01_02c_00.png?v=20201113	base_minion	ベース・ミニオン	yellow	黄		EXCODE:02C SAO	9	ウイング|ソード	C					
yellow_00_01_02c_01	209	マクアフィテル	https://www.aicarddass.com/zenonzard/images/cardlist/cards/yellow_00_01_02c_01.png?v=20201113	base_minion	ベース・ミニオン	yellow	黄		EXCODE:02C SAO	9	アイテム|ソード	R					
yellow_00_01_02c_03	210	エクスキャリバー	https://www.aicarddass.com/zenonzard/images/cardlist/cards/yellow_00_01_02c_03.png?v=20201113	base_minion	ベース・ミニオン	yellow	黄		EXCODE:02C SAO	9	アイテム|ソード	E					
yellow_00_00_03_00	211	「羽蛇の召喚士」キラリ Lv1	https://www.aicarddass.com/zenonzard/images/cardlist/cards/yellow_00_00_03_00.png?v=20201113	base_minion	ベース・ミニオン	yellow	黄		PC:03 EVOLVE	8	エヴォーカー	R					
yellow_00_00_03_01	212	「羽蛇の召喚士」キラリ Lv2	https://www.aicarddass.com/zenonzard/images/cardlist/cards/yellow_00_00_03_01.png?v=20201113	base_minion	ベース・ミニオン	yellow	黄		PC:03 EVOLVE	8	エヴォーカー	R					
yellow_00_00_03_02	213	「羽蛇の召喚士」キラリ Lv3	https://www.aicarddass.com/zenonzard/images/cardlist/cards/yellow_00_00_03_02.png?v=20201113	base_minion	ベース・ミニオン	yellow	黄		PC:03 EVOLVE	8	エヴォーカー	R					
yellow_00_00_03_03	214	「光翼の召喚士」アケミ Lv1	https://www.aicarddass.com/zenonzard/images/cardlist/cards/yellow_00_00_03_03.png?v=20201113	base_minion	ベース・ミニオン	yellow	黄		PC:03 EVOLVE	8	エヴォーカー	L					
yellow_00_00_03_04	215	「光翼の召喚士」アケミ Lv2	https://www.aicarddass.com/zenonzard/images/cardlist/cards/yellow_00_00_03_04.png?v=20201113	base_minion	ベース・ミニオン	yellow	黄		PC:03 EVOLVE	8	エヴォーカー	L					
yellow_00_00_03_05	216	「光翼の召喚士」アケミ Lv3	https://www.aicarddass.com/zenonzard/images/cardlist/cards/yellow_00_00_03_05.png?v=20201113	base_minion	ベース・ミニオン	yellow	黄		PC:03 EVOLVE	8	エヴォーカー	L					
yellow_00_01_EX02_00	217	浮遊クラゲ	https://www.aicarddass.com/zenonzard/images/cardlist/cards/yellow_00_01_EX02_00.png?v=20201113	base_minion	ベース・ミニオン	yellow	黄		EX:02 幻影の剣士	7	ウイング|ソード	C					
yellow_00_01_EX02_01	218	「華剣」ギョクジン	https://www.aicarddass.com/zenonzard/images/cardlist/cards/yellow_00_01_EX02_01.png?v=20201113	base_minion	ベース・ミニオン	yellow	黄		EX:02 幻影の剣士	7	アイテム|ソード	R					
yellow_00_01_EX02_03	219	「宝剣」スカイセイバー	https://www.aicarddass.com/zenonzard/images/cardlist/cards/yellow_00_01_EX02_03.png?v=20201113	base_minion	ベース・ミニオン	yellow	黄		EX:02 幻影の剣士	7	アイテム|ソード	E					
yellow_00_00_04_02	220	「黄金の魔術師」オリアナ	https://www.aicarddass.com/zenonzard/images/cardlist/cards/yellow_00_00_04_02.png?v=20201113	base_minion	ベース・ミニオン	yellow	黄		PC:04 FORBIDDEN	6	エヴォーカー	R					
yellow_00_00_04_00	221	「修祓の魔術師」ハライ	https://www.aicarddass.com/zenonzard/images/cardlist/cards/yellow_00_00_04_00.png?v=20201113	base_minion	ベース・ミニオン	yellow	黄		PC:04 FORBIDDEN	6	エヴォーカー	E					
yellow_00_00_EX03_00	222	クラッキー・レイ  Lv1	https://www.aicarddass.com/zenonzard/images/cardlist/cards/yellow_00_00_EX03_00.png?v=20201113	base_minion	ベース・ミニオン	yellow	黄	0	EX:03 Battle Spirits	5	カードバトラー	E					
yellow_00_00_EX03_01	223	クラッキー・レイ  Lv2	https://www.aicarddass.com/zenonzard/images/cardlist/cards/yellow_00_00_EX03_01.png?v=20201113	base_minion	ベース・ミニオン	yellow	黄	0	EX:03 Battle Spirits	5	カードバトラー	E					
yellow_00_00_EX03_02	224	クラッキー・レイ  Lv3	https://www.aicarddass.com/zenonzard/images/cardlist/cards/yellow_00_00_EX03_02.png?v=20201113	base_minion	ベース・ミニオン	yellow	黄	0	EX:03 Battle Spirits	5	カードバトラー	E					
yellow_00_00_EX03_03	225	マギサ	https://www.aicarddass.com/zenonzard/images/cardlist/cards/yellow_00_00_EX03_03.png?v=20201113	base_minion	ベース・ミニオン	yellow	黄	0	EX:03 Battle Spirits	5	カードバトラー	R					
yellow_00_00_EX03_04	226	ハイドランディア	https://www.aicarddass.com/zenonzard/images/cardlist/cards/yellow_00_00_EX03_04.png?v=20201113	base_minion	ベース・ミニオン	yellow	黄	0	EX:03 Battle Spirits	5		E					
yellow_00_00_05_00	227	戦天使アクス	https://www.aicarddass.com/zenonzard/images/cardlist/cards/yellow_00_00_05_00.png?v=20201113	base_minion	ベース・ミニオン	yellow	黄		PC:05 GLORY	2	エンジェル	E					
yellow_01_02_01_00	228	ジャックナイフスワロウ	https://www.aicarddass.com/zenonzard/images/cardlist/cards/yellow_01_02_01_00.png?v=20201113	field_minion	フィールド・ミニオン	yellow	黄	1	PC:01 AWAKEN	14	アヴィアン	C					
yellow_01_02_02_00	229	カワウソ親父	https://www.aicarddass.com/zenonzard/images/cardlist/cards/yellow_01_02_02_00.png?v=20201113	field_minion	フィールド・ミニオン	yellow	黄	1	PC:02 CONTRACT	11	ガーディアン	R					
yellow_01_01_03_00	230	クレイン	https://www.aicarddass.com/zenonzard/images/cardlist/cards/yellow_01_01_03_00.png?v=20201113	field_minion	フィールド・ミニオン	yellow	黄	1	PC:03 EVOLVE	8	ウイング	R					
yellow_01_01_EX03_00	231	ニジノコ	https://www.aicarddass.com/zenonzard/images/cardlist/cards/yellow_01_01_EX03_00.png?v=20201113	field_minion	フィールド・ミニオン	yellow	黄	1	EX:03 Battle Spirits	5	BS	C					
yellow_01_01_05_00	232	戦天使コーラー	https://www.aicarddass.com/zenonzard/images/cardlist/cards/yellow_01_01_05_00.png?v=20201113	field_minion	フィールド・ミニオン	yellow	黄	1	PC:05 GLORY	2	エンジェル	C					
yellow_02_01_06_00	233	戦天使メイスナイト	https://www.aicarddass.com/zenonzard/images/cardlist/cards/yellow_02_01_06_00.png?v=20201113	field_minion	フィールド・ミニオン	yellow	黄	1	PC:06 HELIX	1	エンジェル	C					
yellow_01_03_00_00	234	レブレーション	https://www.aicarddass.com/zenonzard/images/cardlist/cards/yellow_01_03_00_00.png?v=20201113	magic	マジック	yellow	黄	1	ベーシック	15		Basic					
yellow_01_03_01r_00	235	サンフィスト	https://www.aicarddass.com/zenonzard/images/cardlist/cards/yellow_01_03_01r_00.png?v=20201113	magic	マジック	yellow	黄	1	PC:01R BEYOND	12		C					
yellow_01_03_02r_00	236	ビルドアップ	https://www.aicarddass.com/zenonzard/images/cardlist/cards/yellow_01_03_02r_00.png?v=20201113	magic	マジック	yellow	黄	1	PC:02R DIVINE	10		C					
yellow_01_02_03_00	237	ガントレット	https://www.aicarddass.com/zenonzard/images/cardlist/cards/yellow_01_02_03_00.png?v=20201113	magic	マジック	yellow	黄	1	PC:03 EVOLVE	8		C					
yellow_01_02_04_00	238	オリアナの第1魔法：スカウト	https://www.aicarddass.com/zenonzard/images/cardlist/cards/yellow_01_02_04_00.png?v=20201113	magic	マジック	yellow	黄	1	PC:04 FORBIDDEN	6		R					
yellow_01_02_04_01	239	ハライの第1魔法：リカバリー	https://www.aicarddass.com/zenonzard/images/cardlist/cards/yellow_01_02_04_01.png?v=20201113	magic	マジック	yellow	黄	1	PC:04 FORBIDDEN	6		E					
yellow_01_02_05_00	240	エンジェリックストライク Lv1	https://www.aicarddass.com/zenonzard/images/cardlist/cards/yellow_01_02_05_00.png?v=20201113	magic	マジック	yellow	黄	1	PC:05 GLORY	2		L					
yellow_02_02_00_00	241	ミーアプリースト	https://www.aicarddass.com/zenonzard/images/cardlist/cards/yellow_02_02_00_00.png?v=20201113	field_minion	フィールド・ミニオン	yellow	黄	2	ベーシック	15	ガーディアン	Basic					
yellow_02_02_00_01	242	ミーアマジシャン	https://www.aicarddass.com/zenonzard/images/cardlist/cards/yellow_02_02_00_01.png?v=20201113	field_minion	フィールド・ミニオン	yellow	黄	2	ベーシック	15	ガーディアン	Basic					
yellow_02_02_01r_00	243	エンジェルバニー	https://www.aicarddass.com/zenonzard/images/cardlist/cards/yellow_02_02_01r_00.png?v=20201113	field_minion	フィールド・ミニオン	yellow	黄	2	PC:01R BEYOND	12	キマイラ	C					
yellow_02_02_02r_00	244	カラス・コテング	https://www.aicarddass.com/zenonzard/images/cardlist/cards/yellow_02_02_02r_00.png?v=20201113	field_minion	フィールド・ミニオン	yellow	黄	2	PC:02R DIVINE	10	アヴィアン	C					
yellow_02_02_02r_01	245	ブルーナイトオウル	https://www.aicarddass.com/zenonzard/images/cardlist/cards/yellow_02_02_02r_01.png?v=20201113	field_minion	フィールド・ミニオン	yellow	黄	2	PC:02R DIVINE	10	ウイング	C					
yellow_02_02_02c_00	246	「水の癒し手」シウネー	https://www.aicarddass.com/zenonzard/images/cardlist/cards/yellow_02_02_02c_00.png?v=20201113	field_minion	フィールド・ミニオン	yellow	黄	2	EXCODE:02C SAO	9	ソード	R					
yellow_02_01_03_00	247	カナタナの自警団員	https://www.aicarddass.com/zenonzard/images/cardlist/cards/yellow_02_01_03_00.png?v=20201113	field_minion	フィールド・ミニオン	yellow	黄	2	PC:03 EVOLVE	8	アヴィアン	C					
yellow_02_01_03_01	248	ガーディアン・モンキー	https://www.aicarddass.com/zenonzard/images/cardlist/cards/yellow_02_01_03_01.png?v=20201113	field_minion	フィールド・ミニオン	yellow	黄	2	PC:03 EVOLVE	8	ガーディアン	C					
yellow_02_02_EX02_00	249	「池の精霊」シズク	https://www.aicarddass.com/zenonzard/images/cardlist/cards/yellow_02_02_EX02_00.png?v=20201113	field_minion	フィールド・ミニオン	yellow	黄	2	EX:02 幻影の剣士	7	ソード	R					
yellow_02_01_04_00	250	カナタナの術士	https://www.aicarddass.com/zenonzard/images/cardlist/cards/yellow_02_01_04_00.png?v=20201113	field_minion	フィールド・ミニオン	yellow	黄	2	PC:04 FORBIDDEN	6	アヴィアン	C					
yellow_02_01_04_01	251	オナガの伝令	https://www.aicarddass.com/zenonzard/images/cardlist/cards/yellow_02_01_04_01.png?v=20201113	field_minion	フィールド・ミニオン	yellow	黄	2	PC:04 FORBIDDEN	6	ウイング	C					
yellow_02_01_04_02	252	スネークテイル	https://www.aicarddass.com/zenonzard/images/cardlist/cards/yellow_02_01_04_02.png?v=20201113	field_minion	フィールド・ミニオン	yellow	黄	2	PC:04 FORBIDDEN	6	キマイラ	E					
yellow_02_01_EX03_00	253	麒麟星獣リーン	https://www.aicarddass.com/zenonzard/images/cardlist/cards/yellow_02_01_EX03_00.png?v=20201113	field_minion	フィールド・ミニオン	yellow	黄	2	EX:03 Battle Spirits	5	BS|ビースト	L					
yellow_02_01_EX03_01	254	キカザール	https://www.aicarddass.com/zenonzard/images/cardlist/cards/yellow_02_01_EX03_01.png?v=20201113	field_minion	フィールド・ミニオン	yellow	黄	2	EX:03 Battle Spirits	5	BS|ビースト	R					
yellow_02_01_EX03_02	255	ミノガメン	https://www.aicarddass.com/zenonzard/images/cardlist/cards/yellow_02_01_EX03_02.png?v=20201113	field_minion	フィールド・ミニオン	yellow	黄	2	EX:03 Battle Spirits	5	BS	C					
yellow_02_01_EX03_03	256	森の妖精ペンタン	https://www.aicarddass.com/zenonzard/images/cardlist/cards/yellow_02_01_EX03_03.png?v=20201113	field_minion	フィールド・ミニオン	yellow	黄	2	EX:03 Battle Spirits	5	BS	C					
yellow_02_01_EX03_04	257	天使クレイオ	https://www.aicarddass.com/zenonzard/images/cardlist/cards/yellow_02_01_EX03_04.png?v=20201113	field_minion	フィールド・ミニオン	yellow	黄	2	EX:03 Battle Spirits	5	BS|エンジェル	E					
yellow_02_01_05_00	258	戦天使メイル	https://www.aicarddass.com/zenonzard/images/cardlist/cards/yellow_02_01_05_00.png?v=20201113	field_minion	フィールド・ミニオン	yellow	黄	2	PC:05 GLORY	2	エンジェル	C					
yellow_02_01_05_01	259	クロコシャーク	https://www.aicarddass.com/zenonzard/images/cardlist/cards/yellow_02_01_05_01.png?v=20201113	field_minion	フィールド・ミニオン	yellow	黄	2	PC:05 GLORY	2	キマイラ|レギオン	R					
yellow_02_01_05_02	260	「宮廷学者」ボストン	https://www.aicarddass.com/zenonzard/images/cardlist/cards/yellow_02_01_05_02.png?v=20201113	field_minion	フィールド・ミニオン	yellow	黄	2	PC:05 GLORY	2	ガーディアン	E					
yellow_02_01_06_01	261	「心眼の天使」戦天使シン	https://www.aicarddass.com/zenonzard/images/cardlist/cards/yellow_02_01_06_01.png?v=20201113	field_minion	フィールド・ミニオン	yellow	黄	2	PC:06 HELIX	1	エンジェル	L					
yellow_06_01_06_00	262	「拒絶のタクト」戦天使デニー	https://www.aicarddass.com/zenonzard/images/cardlist/cards/yellow_06_01_06_00.png?v=20201113	field_minion	フィールド・ミニオン	yellow	黄	2	PC:06 HELIX	1	エンジェル	E					
yellow_02_03_01_00	263	キマイラの旋風	https://www.aicarddass.com/zenonzard/images/cardlist/cards/yellow_02_03_01_00.png?v=20201113	magic	マジック	yellow	黄	2	PC:01 AWAKEN	14		C					
yellow_02_03_00_00	264	不意打ち	https://www.aicarddass.com/zenonzard/images/cardlist/cards/yellow_02_03_00_00.png?v=20201113	magic	マジック	yellow	黄	2	ベーシック	15		Basic					
yellow_02_03_02_00	265	エアレイド	https://www.aicarddass.com/zenonzard/images/cardlist/cards/yellow_02_03_02_00.png?v=20201113	magic	マジック	yellow	黄	2	PC:02 CONTRACT	11		R					
yellow_02_02_04_00	266	ホワイトキャットの扇	https://www.aicarddass.com/zenonzard/images/cardlist/cards/yellow_02_02_04_00.png?v=20201113	magic	マジック	yellow	黄	2	PC:04 FORBIDDEN	6		C					
yellow_02_02_04_01	267	オリアナの第2魔法：リリース	https://www.aicarddass.com/zenonzard/images/cardlist/cards/yellow_02_02_04_01.png?v=20201113	magic	マジック	yellow	黄	2	PC:04 FORBIDDEN	6		R					
yellow_02_02_04_02	268	ハライの第2魔法：エアーロック	https://www.aicarddass.com/zenonzard/images/cardlist/cards/yellow_02_02_04_02.png?v=20201113	magic	マジック	yellow	黄	2	PC:04 FORBIDDEN	6		E					
yellow_02_02_EX03_00	269	ローヤルポーション	https://www.aicarddass.com/zenonzard/images/cardlist/cards/yellow_02_02_EX03_00.png?v=20201113	magic	マジック	yellow	黄	2	EX:03 Battle Spirits	5		C					
yellow_02_02_05_00	270	エンジェル・リウィンド	https://www.aicarddass.com/zenonzard/images/cardlist/cards/yellow_02_02_05_00.png?v=20201113	magic	マジック	yellow	黄	2	PC:05 GLORY	2		C					
yellow_02_03_EX04_00	271	トリロバイトマギア	https://www.aicarddass.com/zenonzard/images/cardlist/cards/yellow_02_03_EX04_00.png?v=20201113	token_minion	ミニオン・トークン	yellow	黄	2	EX:04 KAMEN RIDER	4	ガーディアン	Basic					
yellow_02_03_EX04c_00	272	S・ガーディアン・トークン	https://www.aicarddass.com/zenonzard/images/cardlist/cards/yellow_02_03_EX04c_00.png?v=20201113	token_minion	ミニオン・トークン	yellow	黄	2	EX:04 HEROIC_MASQUERADE	3	ガーディアン	Basic					
yellow_03_02_01_00	273	レイヴン・キャット	https://www.aicarddass.com/zenonzard/images/cardlist/cards/yellow_03_02_01_00.png?v=20201113	field_minion	フィールド・ミニオン	yellow	黄	3	PC:01 AWAKEN	14	キマイラ	C					
yellow_03_02_01_01	274	カラス天狗シグレ	https://www.aicarddass.com/zenonzard/images/cardlist/cards/yellow_03_02_01_01.png?v=20201113	field_minion	フィールド・ミニオン	yellow	黄	3	PC:01 AWAKEN	14	アヴィアン	C					
yellow_03_02_01_02	275	「導きの天女」アンジェラ	https://www.aicarddass.com/zenonzard/images/cardlist/cards/yellow_03_02_01_02.png?v=20201113	field_minion	フィールド・ミニオン	yellow	黄	3	PC:01 AWAKEN	14	エンジェル	E					
yellow_03_02_00_00	276	フェニックスの雛	https://www.aicarddass.com/zenonzard/images/cardlist/cards/yellow_03_02_00_00.png?v=20201113	field_minion	フィールド・ミニオン	yellow	黄	3	ベーシック	15	フェニックス	Basic					
yellow_03_02_02_00	277	ハンマー・ベア	https://www.aicarddass.com/zenonzard/images/cardlist/cards/yellow_03_02_02_00.png?v=20201113	field_minion	フィールド・ミニオン	yellow	黄	3	PC:02 CONTRACT	11	ガーディアン	C					
yellow_03_02_02r_00	278	特攻ツバメ	https://www.aicarddass.com/zenonzard/images/cardlist/cards/yellow_03_02_02r_00.png?v=20201113	field_minion	フィールド・ミニオン	yellow	黄	3	PC:02R DIVINE	10	ウイング	C					
yellow_03_02_02c_00	279	「ケットシー領主」アリシャ・ルー	https://www.aicarddass.com/zenonzard/images/cardlist/cards/yellow_03_02_02c_00.png?v=20201113	field_minion	フィールド・ミニオン	yellow	黄	3	EXCODE:02C SAO	9	ソード	C					
yellow_03_01_03_02	280	「カナタナの住人」サスケ	https://www.aicarddass.com/zenonzard/images/cardlist/cards/yellow_03_01_03_02.png?v=20201113	field_minion	フィールド・ミニオン	yellow	黄	3	PC:03 EVOLVE	8	アヴィアン|ソード	E					
yellow_03_01_03_03	281	「隠密の忍者」サスケ	https://www.aicarddass.com/zenonzard/images/cardlist/cards/yellow_03_01_03_03.png?v=20201113	field_minion	フィールド・ミニオン	yellow	黄	3	PC:03 EVOLVE	8	アヴィアン|ソード	E					
yellow_03_01_03_04	282	「キラリの召喚獣」ツァルコア Lv1	https://www.aicarddass.com/zenonzard/images/cardlist/cards/yellow_03_01_03_04.png?v=20201113	field_minion	フィールド・ミニオン	yellow	黄	3	PC:03 EVOLVE	8	アルカナ	R					
yellow_03_01_03_05	283	「キラリの召喚獣」ツァルコア Lv2	https://www.aicarddass.com/zenonzard/images/cardlist/cards/yellow_03_01_03_05.png?v=20201113	field_minion	フィールド・ミニオン	yellow	黄	3	PC:03 EVOLVE	8	アルカナ	R					
yellow_03_01_03_00	284	「キラリの召喚獣」ツァルコア Lv3	https://www.aicarddass.com/zenonzard/images/cardlist/cards/yellow_03_01_03_00.png?v=20201113	field_minion	フィールド・ミニオン	yellow	黄	3	PC:03 EVOLVE	8	アルカナ	R					
yellow_03_02_EX02_00	285	ルー・カンフー	https://www.aicarddass.com/zenonzard/images/cardlist/cards/yellow_03_02_EX02_00.png?v=20201113	field_minion	フィールド・ミニオン	yellow	黄	3	EX:02 幻影の剣士	7	ソード	C					
yellow_03_01_04_00	286	ライアーキャット	https://www.aicarddass.com/zenonzard/images/cardlist/cards/yellow_03_01_04_00.png?v=20201113	field_minion	フィールド・ミニオン	yellow	黄	3	PC:04 FORBIDDEN	6	ビースト	C					
yellow_03_01_EX03_00	287	天使ヘルヴィム	https://www.aicarddass.com/zenonzard/images/cardlist/cards/yellow_03_01_EX03_00.png?v=20201113	field_minion	フィールド・ミニオン	yellow	黄	3	EX:03 Battle Spirits	5	BS|エンジェル	R					
yellow_03_01_EX04_00	288	仮面ライダー迅 フライングファルコン	https://www.aicarddass.com/zenonzard/images/cardlist/cards/yellow_03_01_EX04_00.png?v=20201113	field_minion	フィールド・ミニオン	yellow	黄	3	EX:04 KAMEN RIDER	4	仮面	C					
yellow_03_01_EX04_01	289	仮面ライダー雷	https://www.aicarddass.com/zenonzard/images/cardlist/cards/yellow_03_01_EX04_01.png?v=20201113	field_minion	フィールド・ミニオン	yellow	黄	3	EX:04 KAMEN RIDER	4	仮面	C					
yellow_03_01_EX04_02	290	仮面ライダー滅 スティングスコーピオン	https://www.aicarddass.com/zenonzard/images/cardlist/cards/yellow_03_01_EX04_02.png?v=20201113	field_minion	フィールド・ミニオン	yellow	黄	3	EX:04 KAMEN RIDER	4	仮面	C					
yellow_03_01_EX04c_00	291	迅雷のマスク ローゼル	https://www.aicarddass.com/zenonzard/images/cardlist/cards/yellow_03_01_EX04c_00.png?v=20201113	field_minion	フィールド・ミニオン	yellow	黄	3	EX:04 HEROIC_MASQUERADE	3	仮面	C					
yellow_03_01_EX04c_01	292	雷鳴のマスク シエル	https://www.aicarddass.com/zenonzard/images/cardlist/cards/yellow_03_01_EX04c_01.png?v=20201113	field_minion	フィールド・ミニオン	yellow	黄	3	EX:04 HEROIC_MASQUERADE	3	仮面	C					
yellow_03_01_EX04c_02	293	撃滅のマスク クルエル	https://www.aicarddass.com/zenonzard/images/cardlist/cards/yellow_03_01_EX04c_02.png?v=20201113	field_minion	フィールド・ミニオン	yellow	黄	3	EX:04 HEROIC_MASQUERADE	3	仮面	C					
yellow_03_01_05_00	294	戦天使ナース	https://www.aicarddass.com/zenonzard/images/cardlist/cards/yellow_03_01_05_00.png?v=20201113	field_minion	フィールド・ミニオン	yellow	黄	3	PC:05 GLORY	2	エンジェル	C					
yellow_03_03_01_00	295	ウォークライ	https://www.aicarddass.com/zenonzard/images/cardlist/cards/yellow_03_03_01_00.png?v=20201113	magic	マジック	yellow	黄	3	PC:01 AWAKEN	14		C					
yellow_03_03_01r_00	296	強化札	https://www.aicarddass.com/zenonzard/images/cardlist/cards/yellow_03_03_01r_00.png?v=20201113	magic	マジック	yellow	黄	3	PC:01R BEYOND	12		C					
yellow_03_03_02_00	297	トルネードブロウ	https://www.aicarddass.com/zenonzard/images/cardlist/cards/yellow_03_03_02_00.png?v=20201113	magic	マジック	yellow	黄	3	PC:02 CONTRACT	11		C					
yellow_03_03_02c_00	298	スピードホリック	https://www.aicarddass.com/zenonzard/images/cardlist/cards/yellow_03_03_02c_00.png?v=20201113	magic	マジック	yellow	黄	3	EXCODE:02C SAO	9		C					
yellow_03_02_03_00	299	パトロール	https://www.aicarddass.com/zenonzard/images/cardlist/cards/yellow_03_02_03_00.png?v=20201113	magic	マジック	yellow	黄	3	PC:03 EVOLVE	8		E					
yellow_03_03_EX02_00	300	ライトニングスピード	https://www.aicarddass.com/zenonzard/images/cardlist/cards/yellow_03_03_EX02_00.png?v=20201113	magic	マジック	yellow	黄	3	EX:02 幻影の剣士	7		C					
yellow_03_02_05_00	301	怪鳥の突風	https://www.aicarddass.com/zenonzard/images/cardlist/cards/yellow_03_02_05_00.png?v=20201113	magic	マジック	yellow	黄	3	PC:05 GLORY	2		R					
yellow_01_00_06_00	302	戦天使サマー	https://www.aicarddass.com/zenonzard/images/cardlist/cards/yellow_01_00_06_00.png?v=20201113	base_minion	ベース・ミニオン	yellow	黄	3	PC:06 HELIX	1	エンジェル	C					
yellow_04_02_01_01	303	瞬身のハヤテ	https://www.aicarddass.com/zenonzard/images/cardlist/cards/yellow_04_02_01_01.png?v=20201113	field_minion	フィールド・ミニオン	yellow	黄	4	PC:01 AWAKEN	14	アヴィアン	E					
yellow_04_02_01_02	304	三ヵ国連合執政官アソウギ	https://www.aicarddass.com/zenonzard/images/cardlist/cards/yellow_04_02_01_02.png?v=20201113	field_minion	フィールド・ミニオン	yellow	黄	4	PC:01 AWAKEN	14	アヴィアン	L					
yellow_04_02_01_00	305	イーグルランサー	https://www.aicarddass.com/zenonzard/images/cardlist/cards/yellow_04_02_01_00.png?v=20201113	field_minion	フィールド・ミニオン	yellow	黄	4	PC:01 AWAKEN	14	ビースト	R					
yellow_04_02_00_00	306	チータイラ	https://www.aicarddass.com/zenonzard/images/cardlist/cards/yellow_04_02_00_00.png?v=20201113	field_minion	フィールド・ミニオン	yellow	黄	4	ベーシック	15	キマイラ	Basic					
yellow_04_02_01r_00	307	アルダープ	https://www.aicarddass.com/zenonzard/images/cardlist/cards/yellow_04_02_01r_00.png?v=20201113	field_minion	フィールド・ミニオン	yellow	黄	4	PC:01R BEYOND	12	キマイラ	R					
yellow_04_02_02_00	308	「雷鳴の竜巫女」セリカ	https://www.aicarddass.com/zenonzard/images/cardlist/cards/yellow_04_02_02_00.png?v=20201113	field_minion	フィールド・ミニオン	yellow	黄	4	PC:02 CONTRACT	11	ヒューマノイド	R					
yellow_04_02_02_01	309	「剛腕無敵の将」チョウヒ	https://www.aicarddass.com/zenonzard/images/cardlist/cards/yellow_04_02_02_01.png?v=20201113	field_minion	フィールド・ミニオン	yellow	黄	4	PC:02 CONTRACT	11	アヴィアン	L					
yellow_04_02_02_02	310	カンフー・モンク・モンキー	https://www.aicarddass.com/zenonzard/images/cardlist/cards/yellow_04_02_02_02.png?v=20201113	field_minion	フィールド・ミニオン	yellow	黄	4	PC:02 CONTRACT	11	ガーディアン	C					
yellow_04_02_02r_00	311	堅甲竜シェルトドス	https://www.aicarddass.com/zenonzard/images/cardlist/cards/yellow_04_02_02r_00.png?v=20201113	field_minion	フィールド・ミニオン	yellow	黄	4	PC:02R DIVINE	10	ドラゴン	R					
yellow_04_02_02r_01	312	アンジュ・ライトニング	https://www.aicarddass.com/zenonzard/images/cardlist/cards/yellow_04_02_02r_01.png?v=20201113	field_minion	フィールド・ミニオン	yellow	黄	4	PC:02R DIVINE	10	デミゴッド	L					
yellow_04_02_02r_02	313	「雷鳴の竜騎士」ルシア	https://www.aicarddass.com/zenonzard/images/cardlist/cards/yellow_04_02_02r_02.png?v=20201113	field_minion	フィールド・ミニオン	yellow	黄	4	PC:02R DIVINE	10	ヒューマノイド	L					
yellow_04_02_02c_00	314	「スプリガン」キリト	https://www.aicarddass.com/zenonzard/images/cardlist/cards/yellow_04_02_02c_00.png?v=20201113	field_minion	フィールド・ミニオン	yellow	黄	4	EXCODE:02C SAO	9	黒の剣士|ソード	E					
yellow_04_01_03_00	315	フライングエレファン	https://www.aicarddass.com/zenonzard/images/cardlist/cards/yellow_04_01_03_00.png?v=20201113	field_minion	フィールド・ミニオン	yellow	黄	4	PC:03 EVOLVE	8	ウイング	C					
yellow_04_02_EX02_00	316	「風の竜刃」ソロ	https://www.aicarddass.com/zenonzard/images/cardlist/cards/yellow_04_02_EX02_00.png?v=20201113	field_minion	フィールド・ミニオン	yellow	黄	4	EX:02 幻影の剣士	7	黒の剣士|ソード	E					
yellow_04_01_04_00	317	「秘法の天女」アンジェラ	https://www.aicarddass.com/zenonzard/images/cardlist/cards/yellow_04_01_04_00.png?v=20201113	field_minion	フィールド・ミニオン	yellow	黄	4	PC:04 FORBIDDEN	6	エンジェル	L					
yellow_04_01_04_01	318	「美艶の舞姫」ホワイトキャット	https://www.aicarddass.com/zenonzard/images/cardlist/cards/yellow_04_01_04_01.png?v=20201113	field_minion	フィールド・ミニオン	yellow	黄	4	PC:04 FORBIDDEN	6	ガーディアン	L					
yellow_04_01_05_00	319	「天空の双剣」戦天使ツインソード	https://www.aicarddass.com/zenonzard/images/cardlist/cards/yellow_04_01_05_00.png?v=20201113	field_minion	フィールド・ミニオン	yellow	黄	4	PC:05 GLORY	2	エンジェル	E					
yellow_04_03_00_00	320	リワインドウインド	https://www.aicarddass.com/zenonzard/images/cardlist/cards/yellow_04_03_00_00.png?v=20201113	magic	マジック	yellow	黄	4	ベーシック	15		Basic					
yellow_04_02_04_00	321	モラル	https://www.aicarddass.com/zenonzard/images/cardlist/cards/yellow_04_02_04_00.png?v=20201113	magic	マジック	yellow	黄	4	PC:04 FORBIDDEN	6		C					
yellow_04_02_05_00	322	エンジェリックストライク Lv2	https://www.aicarddass.com/zenonzard/images/cardlist/cards/yellow_04_02_05_00.png?v=20201113	magic	マジック	yellow	黄	4	PC:05 GLORY	2		L					
yellow_02_02_06_00	323	シャインソード	https://www.aicarddass.com/zenonzard/images/cardlist/cards/yellow_02_02_06_00.png?v=20201113	magic	マジック	yellow	黄	4	PC:06 HELIX	1		R					
yellow_05_02_01_00	324	ケットシー	https://www.aicarddass.com/zenonzard/images/cardlist/cards/yellow_05_02_01_00.png?v=20201113	field_minion	フィールド・ミニオン	yellow	黄	5	PC:01 AWAKEN	14	ガーディアン	C					
yellow_05_02_00_00	325	「駐アグマ大使」モノノベ	https://www.aicarddass.com/zenonzard/images/cardlist/cards/yellow_05_02_00_00.png?v=20201113	field_minion	フィールド・ミニオン	yellow	黄	5	ベーシック	15	アヴィアン	Basic					
yellow_05_02_01r_00	326	猩猩	https://www.aicarddass.com/zenonzard/images/cardlist/cards/yellow_05_02_01r_00.png?v=20201113	field_minion	フィールド・ミニオン	yellow	黄	5	PC:01R BEYOND	12	ビースト	R					
yellow_05_02_02_00	327	天翼ミルキー	https://www.aicarddass.com/zenonzard/images/cardlist/cards/yellow_05_02_02_00.png?v=20201113	field_minion	フィールド・ミニオン	yellow	黄	5	PC:02 CONTRACT	11	エンジェル	R					
yellow_05_02_02c_00	328	「バーサクヒーラー」アスナ	https://www.aicarddass.com/zenonzard/images/cardlist/cards/yellow_05_02_02c_00.png?v=20201113	field_minion	フィールド・ミニオン	yellow	黄	5	EXCODE:02C SAO	9	閃光|ソード	L					
yellow_05_01_03_00	329	ジャッカブラ	https://www.aicarddass.com/zenonzard/images/cardlist/cards/yellow_05_01_03_00.png?v=20201113	field_minion	フィールド・ミニオン	yellow	黄	5	PC:03 EVOLVE	8	キマイラ	E					
yellow_05_01_03_01	330	「カナタナの剣豪」ムオウ	https://www.aicarddass.com/zenonzard/images/cardlist/cards/yellow_05_01_03_01.png?v=20201113	field_minion	フィールド・ミニオン	yellow	黄	5	PC:03 EVOLVE	8	アヴィアン|ソード	L					
yellow_05_02_EX02_00	331	「放浪者」アメリア	https://www.aicarddass.com/zenonzard/images/cardlist/cards/yellow_05_02_EX02_00.png?v=20201113	field_minion	フィールド・ミニオン	yellow	黄	5	EX:02 幻影の剣士	7	閃光|ソード	L					
yellow_05_01_EX03_00	332	天使長ソフィア	https://www.aicarddass.com/zenonzard/images/cardlist/cards/yellow_05_01_EX03_00.png?v=20201113	field_minion	フィールド・ミニオン	yellow	黄	5	EX:03 Battle Spirits	5	BS|エンジェル	E					
yellow_05_01_EX04_00	333	仮面ライダー迅 バーニングファルコン	https://www.aicarddass.com/zenonzard/images/cardlist/cards/yellow_05_01_EX04_00.png?v=20201113	field_minion	フィールド・ミニオン	yellow	黄	5	EX:04 KAMEN RIDER	4	仮面	C					
yellow_05_01_EX04c_00	334	奮迅のマスク ローゼル	https://www.aicarddass.com/zenonzard/images/cardlist/cards/yellow_05_01_EX04c_00.png?v=20201113	field_minion	フィールド・ミニオン	yellow	黄	5	EX:04 HEROIC_MASQUERADE	3	仮面	C					
yellow_05_01_05_00	335	戦天使アーチャー	https://www.aicarddass.com/zenonzard/images/cardlist/cards/yellow_05_01_05_00.png?v=20201113	field_minion	フィールド・ミニオン	yellow	黄	5	PC:05 GLORY	2	エンジェル	R					
yellow_04_01_06_00	336	「カナタナの精鋭」ムクド	https://www.aicarddass.com/zenonzard/images/cardlist/cards/yellow_04_01_06_00.png?v=20201113	field_minion	フィールド・ミニオン	yellow	黄	5	PC:06 HELIX	1	アヴィアン	L					
yellow_05_03_01_00	337	召集の法螺貝	https://www.aicarddass.com/zenonzard/images/cardlist/cards/yellow_05_03_01_00.png?v=20201113	magic	マジック	yellow	黄	5	PC:01 AWAKEN	14		R					
yellow_05_03_02r_00	338	アサルトダイブ	https://www.aicarddass.com/zenonzard/images/cardlist/cards/yellow_05_03_02r_00.png?v=20201113	magic	マジック	yellow	黄	5	PC:02R DIVINE	10		R					
yellow_05_02_03_00	339	猿闘乱舞	https://www.aicarddass.com/zenonzard/images/cardlist/cards/yellow_05_02_03_00.png?v=20201113	magic	マジック	yellow	黄	5	PC:03 EVOLVE	8		R					
yellow_06_02_01_00	340	カマイタチ	https://www.aicarddass.com/zenonzard/images/cardlist/cards/yellow_06_02_01_00.png?v=20201113	field_minion	フィールド・ミニオン	yellow	黄	6	PC:01 AWAKEN	14	ビースト	R					
yellow_06_02_01r_00	341	「身も心も縛る者」ザイレン	https://www.aicarddass.com/zenonzard/images/cardlist/cards/yellow_06_02_01r_00.png?v=20201113	field_minion	フィールド・ミニオン	yellow	黄	6	PC:01R BEYOND	12	デミゴッド	L					
yellow_06_02_01r_01	342	強欲のタタラ	https://www.aicarddass.com/zenonzard/images/cardlist/cards/yellow_06_02_01r_01.png?v=20201113	field_minion	フィールド・ミニオン	yellow	黄	6	PC:01R BEYOND	12	アヴィアン	E					
yellow_06_02_02_00	343	「鬼武者」リュウドウ	https://www.aicarddass.com/zenonzard/images/cardlist/cards/yellow_06_02_02_00.png?v=20201113	field_minion	フィールド・ミニオン	yellow	黄	6	PC:02 CONTRACT	11	ガーディアン	E					
yellow_06_02_02r_00	344	空鯨竜スカイエール	https://www.aicarddass.com/zenonzard/images/cardlist/cards/yellow_06_02_02r_00.png?v=20201113	field_minion	フィールド・ミニオン	yellow	黄	6	PC:02R DIVINE	10	ドラゴン	E					
yellow_06_02_02c_00	345	「シルフ領主」サクヤ	https://www.aicarddass.com/zenonzard/images/cardlist/cards/yellow_06_02_02c_00.png?v=20201113	field_minion	フィールド・ミニオン	yellow	黄	6	EXCODE:02C SAO	9	ソード	C					
yellow_06_01_03_00	346	カナタナの鴉人	https://www.aicarddass.com/zenonzard/images/cardlist/cards/yellow_06_01_03_00.png?v=20201113	field_minion	フィールド・ミニオン	yellow	黄	6	PC:03 EVOLVE	8	アヴィアン	R					
yellow_06_01_03_01	347	「アケミの召喚獣」ゴッドバード Lv1	https://www.aicarddass.com/zenonzard/images/cardlist/cards/yellow_06_01_03_01.png?v=20201113	field_minion	フィールド・ミニオン	yellow	黄	6	PC:03 EVOLVE	8	アルカナ	L					
yellow_06_01_03_02	348	「アケミの召喚獣」ゴッドバード Lv2	https://www.aicarddass.com/zenonzard/images/cardlist/cards/yellow_06_01_03_02.png?v=20201113	field_minion	フィールド・ミニオン	yellow	黄	6	PC:03 EVOLVE	8	アルカナ	L					
yellow_06_01_03_03	349	「アケミの召喚獣」ゴッドバード Lv3	https://www.aicarddass.com/zenonzard/images/cardlist/cards/yellow_06_01_03_03.png?v=20201113	field_minion	フィールド・ミニオン	yellow	黄	6	PC:03 EVOLVE	8	アルカナ	L					
yellow_06_02_EX02_00	350	シルファン	https://www.aicarddass.com/zenonzard/images/cardlist/cards/yellow_06_02_EX02_00.png?v=20201113	field_minion	フィールド・ミニオン	yellow	黄	6	EX:02 幻影の剣士	7	ソード	C					
yellow_06_01_04_00	351	「琴弓の天使」プーハ	https://www.aicarddass.com/zenonzard/images/cardlist/cards/yellow_06_01_04_00.png?v=20201113	field_minion	フィールド・ミニオン	yellow	黄	6	PC:04 FORBIDDEN	6	エンジェル	R					
yellow_06_01_EX04_00	352	仮面ライダー亡	https://www.aicarddass.com/zenonzard/images/cardlist/cards/yellow_06_01_EX04_00.png?v=20201113	field_minion	フィールド・ミニオン	yellow	黄	6	EX:04 KAMEN RIDER	4	仮面	R					
yellow_06_01_EX04_01	353	仮面ライダーサウザー	https://www.aicarddass.com/zenonzard/images/cardlist/cards/yellow_06_01_EX04_01.png?v=20201113	field_minion	フィールド・ミニオン	yellow	黄	6	EX:04 KAMEN RIDER	4	仮面	R					
yellow_06_01_EX04c_00	354	喪亡のマスク ホロビエル	https://www.aicarddass.com/zenonzard/images/cardlist/cards/yellow_06_01_EX04c_00.png?v=20201113	field_minion	フィールド・ミニオン	yellow	黄	6	EX:04 HEROIC_MASQUERADE	3	仮面	R					
yellow_06_01_EX04c_01	355	千貌のマスク サウザンド	https://www.aicarddass.com/zenonzard/images/cardlist/cards/yellow_06_01_EX04c_01.png?v=20201113	field_minion	フィールド・ミニオン	yellow	黄	6	EX:04 HEROIC_MASQUERADE	3	仮面	R					
yellow_06_01_05_00	356	「戦場の天使長」戦天使ホーリー	https://www.aicarddass.com/zenonzard/images/cardlist/cards/yellow_06_01_05_00.png?v=20201113	field_minion	フィールド・ミニオン	yellow	黄	6	PC:05 GLORY	2	エンジェル	L					
yellow_06_01_05_01	357	カナタナの豪傑	https://www.aicarddass.com/zenonzard/images/cardlist/cards/yellow_06_01_05_01.png?v=20201113	field_minion	フィールド・ミニオン	yellow	黄	6	PC:05 GLORY	2	アヴィアン|レギオン	R					
yellow_06_01_05_02	358	「黄昏の隊長」ライカ	https://www.aicarddass.com/zenonzard/images/cardlist/cards/yellow_06_01_05_02.png?v=20201113	field_minion	フィールド・ミニオン	yellow	黄	6	PC:05 GLORY	2	レギオン	E					
yellow_07_01_06_00	359	戦天使サイス	https://www.aicarddass.com/zenonzard/images/cardlist/cards/yellow_07_01_06_00.png?v=20201113	field_minion	フィールド・ミニオン	yellow	黄	6	PC:06 HELIX	1	エンジェル	R					
yellow_05_01_06_00	360	「暗夜の凶鳥」フーイ	https://www.aicarddass.com/zenonzard/images/cardlist/cards/yellow_05_01_06_00.png?v=20201113	field_minion	フィールド・ミニオン	yellow	黄	6	PC:06 HELIX	1	ウイング	E					
yellow_06_03_02_00	361	パワー・オブ・サン	https://www.aicarddass.com/zenonzard/images/cardlist/cards/yellow_06_03_02_00.png?v=20201113	magic	マジック	yellow	黄	6	PC:02 CONTRACT	11		E					
yellow_06_02_04_00	362	オリアナの第3魔法：オープン	https://www.aicarddass.com/zenonzard/images/cardlist/cards/yellow_06_02_04_00.png?v=20201113	magic	マジック	yellow	黄	6	PC:04 FORBIDDEN	6		R					
yellow_07_02_01_00	363	ツーヘッドグリフォン	https://www.aicarddass.com/zenonzard/images/cardlist/cards/yellow_07_02_01_00.png?v=20201113	field_minion	フィールド・ミニオン	yellow	黄	7	PC:01 AWAKEN	14	キマイラ	E					
yellow_07_02_02r_00	364	「天虎」センシュウ	https://www.aicarddass.com/zenonzard/images/cardlist/cards/yellow_07_02_02r_00.png?v=20201113	field_minion	フィールド・ミニオン	yellow	黄	7	PC:02R DIVINE	10	ビースト	L					
yellow_07_02_02r_01	365	「天空猛虎」センシュウ	https://www.aicarddass.com/zenonzard/images/cardlist/cards/yellow_07_02_02r_01.png?v=20201113	field_minion	フィールド・ミニオン	yellow	黄	7	PC:02R DIVINE	10	ドラゴン|ビースト	L					
yellow_07_02_02c_00	366	「剣士」ユウキ	https://www.aicarddass.com/zenonzard/images/cardlist/cards/yellow_07_02_02c_00.png?v=20201113	field_minion	フィールド・ミニオン	yellow	黄	7	EXCODE:02C SAO	9	絶剣|ソード	L					
yellow_07_02_02c_1	367	「絶剣」ユウキ	https://www.aicarddass.com/zenonzard/images/cardlist/cards/yellow_07_02_02c_1.png?v=20201113	field_minion	フィールド・ミニオン	yellow	黄	7	EXCODE:02C SAO	9	絶剣|ソード	L					
yellow_07_02_EX02_00	368	「紫天使」ルキ	https://www.aicarddass.com/zenonzard/images/cardlist/cards/yellow_07_02_EX02_00.png?v=20201113	field_minion	フィールド・ミニオン	yellow	黄	7	EX:02 幻影の剣士	7	絶剣|ソード	L					
yellow_07_02_EX02_1	369	「天剣」ルキ	https://www.aicarddass.com/zenonzard/images/cardlist/cards/yellow_07_02_EX02_1.png?v=20201113	field_minion	フィールド・ミニオン	yellow	黄	7	EX:02 幻影の剣士	7	絶剣|ソード	L					
yellow_07_01_04_00	370	カナタナの鷹剣士	https://www.aicarddass.com/zenonzard/images/cardlist/cards/yellow_07_01_04_00.png?v=20201113	field_minion	フィールド・ミニオン	yellow	黄	7	PC:04 FORBIDDEN	6	アヴィアン	R					
yellow_07_01_04_01	371	戦神乙女ヴィエルジェ	https://www.aicarddass.com/zenonzard/images/cardlist/cards/yellow_07_01_04_01.png?v=20201113	field_minion	フィールド・ミニオン	yellow	黄	7	PC:04 FORBIDDEN	6	BS|光導	E					
yellow_07_01_EX03_00	372	魔導女皇アンブロシウス	https://www.aicarddass.com/zenonzard/images/cardlist/cards/yellow_07_01_EX03_00.png?v=20201113	field_minion	フィールド・ミニオン	yellow	黄	7	EX:03 Battle Spirits	5	BS|アーティスト	L					
yellow_07_01_EX03_01	373	導魔神姫ジェラルディー	https://www.aicarddass.com/zenonzard/images/cardlist/cards/yellow_07_01_EX03_01.png?v=20201113	field_minion	フィールド・ミニオン	yellow	黄	7	EX:03 Battle Spirits	5	BS|アーティスト	L					
yellow_07_01_EX03_02	374	大天使イスフィール	https://www.aicarddass.com/zenonzard/images/cardlist/cards/yellow_07_01_EX03_02.png?v=20201113	field_minion	フィールド・ミニオン	yellow	黄	7	EX:03 Battle Spirits	5	BS|エンジェル	E					
yellow_06_01_06_01	375	ツバサネコ	https://www.aicarddass.com/zenonzard/images/cardlist/cards/yellow_06_01_06_01.png?v=20201113	field_minion	フィールド・ミニオン	yellow	黄	7	PC:06 HELIX	1	キマイラ	C					
yellow_07_03_01r_00	376	タイムリープ	https://www.aicarddass.com/zenonzard/images/cardlist/cards/yellow_07_03_01r_00.png?v=20201113	magic	マジック	yellow	黄	7	PC:01R BEYOND	12		R					
yellow_07_02_04_00	377	ハライの第3魔法：タイフーン	https://www.aicarddass.com/zenonzard/images/cardlist/cards/yellow_07_02_04_00.png?v=20201113	magic	マジック	yellow	黄	7	PC:04 FORBIDDEN	6		E					
yellow_08_02_01_01	378	エレファントタートル	https://www.aicarddass.com/zenonzard/images/cardlist/cards/yellow_08_02_01_01.png?v=20201113	field_minion	フィールド・ミニオン	yellow	黄	8	PC:01 AWAKEN	14	ガーディアン	R					
yellow_08_02_02r_00	379	デュアルイーグル	https://www.aicarddass.com/zenonzard/images/cardlist/cards/yellow_08_02_02r_00.png?v=20201113	field_minion	フィールド・ミニオン	yellow	黄	8	PC:02R DIVINE	10	ウイング	R					
yellow_08_02_02c_00	380	「サラマンダーの将軍」ユージーン	https://www.aicarddass.com/zenonzard/images/cardlist/cards/yellow_08_02_02c_00.png?v=20201113	field_minion	フィールド・ミニオン	yellow	黄	8	EXCODE:02C SAO	9	ソード	C					
yellow_08_01_03_00	381	「三頭猿王」キング	https://www.aicarddass.com/zenonzard/images/cardlist/cards/yellow_08_01_03_00.png?v=20201113	field_minion	フィールド・ミニオン	yellow	黄	8	PC:03 EVOLVE	8	キマイラ	L					
yellow_08_02_EX02_00	382	エイプ・ウォリアー	https://www.aicarddass.com/zenonzard/images/cardlist/cards/yellow_08_02_EX02_00.png?v=20201113	field_minion	フィールド・ミニオン	yellow	黄	8	EX:02 幻影の剣士	7	ソード	C					
yellow_08_01_04_00	383	魔導双神ジェミナイズ	https://www.aicarddass.com/zenonzard/images/cardlist/cards/yellow_08_01_04_00.png?v=20201113	field_minion	フィールド・ミニオン	yellow	黄	8	PC:04 FORBIDDEN	6	BS|光導	E					
yellow_08_02_EX03_00	384	ウィッグバインド	https://www.aicarddass.com/zenonzard/images/cardlist/cards/yellow_08_02_EX03_00.png?v=20201113	magic	マジック	yellow	黄	8	EX:03 Battle Spirits	5		E					
yellow_08_02_01_00	385	「双龍頭領」アオバ	https://www.aicarddass.com/zenonzard/images/cardlist/cards/yellow_08_02_01_00.png?v=20201113	field_minion	フィールド・ミニオン	yellow	黄	9+	PC:01 AWAKEN	14	キマイラ	L					
yellow_09_02_02_00	386	「雷鳴公」デンサイ	https://www.aicarddass.com/zenonzard/images/cardlist/cards/yellow_09_02_02_00.png?v=20201113	field_minion	フィールド・ミニオン	yellow	黄	9+	PC:02 CONTRACT	11	ドラゴン	L					
yellow_09_01_05_00	387	「高山の怪鳥」パープルロック	https://www.aicarddass.com/zenonzard/images/cardlist/cards/yellow_09_01_05_00.png?v=20201113	field_minion	フィールド・ミニオン	yellow	黄	9+	PC:05 GLORY	2	ウイング	L					
yellow_011_03_02c_00	388	マザーズ・ロザリオ	https://www.aicarddass.com/zenonzard/images/cardlist/cards/yellow_011_03_02c_00.png?v=20201113	magic	マジック	yellow	黄	9+	EXCODE:02C SAO	9		R					
yellow_011_03_EX02_00	389	ホーリー・ジャッジメント	https://www.aicarddass.com/zenonzard/images/cardlist/cards/yellow_011_03_EX02_00.png?v=20201113	magic	マジック	yellow	黄	9+	EX:02 幻影の剣士	7		R					
purple_00_01_04_00	390	デモ・ボーン	https://www.aicarddass.com/zenonzard/images/cardlist/cards/purple_00_01_04_00.png?v=20201113	field_minion	フィールド・ミニオン	purple	紫	0	PC:04 FORBIDDEN	6	BS	E					
purple_00_01_01_00	391	タナトスの守護者	https://www.aicarddass.com/zenonzard/images/cardlist/cards/purple_00_01_01_00.png?v=20201113	base_minion	ベース・ミニオン	purple	紫		PC:01 AWAKEN	14	スケルトン	R					
purple_00_01_00_00	392	タナトスの亡者	https://www.aicarddass.com/zenonzard/images/cardlist/cards/purple_00_01_00_00.png?v=20201113	base_minion	ベース・ミニオン	purple	紫		ベーシック	15	スケルトン	Basic					
purple_00_01_01r_00	393	スケルトンの獄吏	https://www.aicarddass.com/zenonzard/images/cardlist/cards/purple_00_01_01r_00.png?v=20201113	base_minion	ベース・ミニオン	purple	紫		PC:01R BEYOND	12	スケルトン	E					
purple_00_01_02_00	394	「沼精」ロッツ	https://www.aicarddass.com/zenonzard/images/cardlist/cards/purple_00_01_02_00.png?v=20201113	base_minion	ベース・ミニオン	purple	紫		PC:02 CONTRACT	11	ニンフ	C					
purple_00_01_02_01	395	「影精」プルシャ	https://www.aicarddass.com/zenonzard/images/cardlist/cards/purple_00_01_02_01.png?v=20201113	base_minion	ベース・ミニオン	purple	紫		PC:02 CONTRACT	11	ニンフ	E					
purple_00_01_02r_00	396	「反響精」エコー	https://www.aicarddass.com/zenonzard/images/cardlist/cards/purple_00_01_02r_00.png?v=20201113	base_minion	ベース・ミニオン	purple	紫		PC:02R DIVINE	10	ニンフ	R					
purple_00_01_02r_01	397	「霧精」ロゼ	https://www.aicarddass.com/zenonzard/images/cardlist/cards/purple_00_01_02r_01.png?v=20201113	base_minion	ベース・ミニオン	purple	紫		PC:02R DIVINE	10	ニンフ	E					
purple_00_00_03_00	398	「血陣の召喚士」リリアン Lv1	https://www.aicarddass.com/zenonzard/images/cardlist/cards/purple_00_00_03_00.png?v=20201113	base_minion	ベース・ミニオン	purple	紫		PC:03 EVOLVE	8	エヴォーカー	R					
purple_00_00_03_01	399	「血陣の召喚士」リリアン Lv2	https://www.aicarddass.com/zenonzard/images/cardlist/cards/purple_00_00_03_01.png?v=20201113	base_minion	ベース・ミニオン	purple	紫		PC:03 EVOLVE	8	エヴォーカー	R					
purple_00_00_03_02	400	「血陣の召喚士」リリアン Lv3	https://www.aicarddass.com/zenonzard/images/cardlist/cards/purple_00_00_03_02.png?v=20201113	base_minion	ベース・ミニオン	purple	紫		PC:03 EVOLVE	8	エヴォーカー	R					
purple_00_00_03_03	401	「常闇の召喚士」ヤミ Lv1	https://www.aicarddass.com/zenonzard/images/cardlist/cards/purple_00_00_03_03.png?v=20201113	base_minion	ベース・ミニオン	purple	紫		PC:03 EVOLVE	8	エヴォーカー	L					
purple_00_00_03_04	402	「常闇の召喚士」ヤミ Lv2	https://www.aicarddass.com/zenonzard/images/cardlist/cards/purple_00_00_03_04.png?v=20201113	base_minion	ベース・ミニオン	purple	紫		PC:03 EVOLVE	8	エヴォーカー	L					
purple_00_00_03_05	403	「常闇の召喚士」ヤミ Lv3	https://www.aicarddass.com/zenonzard/images/cardlist/cards/purple_00_00_03_05.png?v=20201113	base_minion	ベース・ミニオン	purple	紫		PC:03 EVOLVE	8	エヴォーカー	L					
purple_00_00_04_00	404	「菫の魔術師」スカル	https://www.aicarddass.com/zenonzard/images/cardlist/cards/purple_00_00_04_00.png?v=20201113	base_minion	ベース・ミニオン	purple	紫		PC:04 FORBIDDEN	6	エヴォーカー	R					
purple_00_00_04_01	405	「暗黒の魔術師」シャドー	https://www.aicarddass.com/zenonzard/images/cardlist/cards/purple_00_00_04_01.png?v=20201113	base_minion	ベース・ミニオン	purple	紫		PC:04 FORBIDDEN	6	エヴォーカー	E					
purple_00_00_04_02	406	ヴィオレ魔ゐ Lv1	https://www.aicarddass.com/zenonzard/images/cardlist/cards/purple_00_00_04_02.png?v=20201113	base_minion	ベース・ミニオン	purple	紫		PC:04 FORBIDDEN	6	カードバトラー	E					
purple_00_00_04_03	407	ヴィオレ魔ゐ Lv2	https://www.aicarddass.com/zenonzard/images/cardlist/cards/purple_00_00_04_03.png?v=20201113	base_minion	ベース・ミニオン	purple	紫		PC:04 FORBIDDEN	6	カードバトラー	E					
purple_00_00_04_04	408	ヴィオレ魔ゐ Lv3	https://www.aicarddass.com/zenonzard/images/cardlist/cards/purple_00_00_04_04.png?v=20201113	base_minion	ベース・ミニオン	purple	紫		PC:04 FORBIDDEN	6	カードバトラー	E					
purple_00_00_04_05	409	紫乃宮 まゐ	https://www.aicarddass.com/zenonzard/images/cardlist/cards/purple_00_00_04_05.png?v=20201113	base_minion	ベース・ミニオン	purple	紫		PC:04 FORBIDDEN	6	カードバトラー	R					
purple_00_00_04_06	410	騎士王蛇ペンドラゴン	https://www.aicarddass.com/zenonzard/images/cardlist/cards/purple_00_00_04_06.png?v=20201113	base_minion	ベース・ミニオン	purple	紫		PC:04 FORBIDDEN	6		R					
purple_00_00_04_07	411	デス・ヘイズ	https://www.aicarddass.com/zenonzard/images/cardlist/cards/purple_00_00_04_07.png?v=20201113	base_minion	ベース・ミニオン	purple	紫		PC:04 FORBIDDEN	6		C					
purple_00_00_05_00	412	永遠の魔女	https://www.aicarddass.com/zenonzard/images/cardlist/cards/purple_00_00_05_00.png?v=20201113	base_minion	ベース・ミニオン	purple	紫		PC:05 GLORY	2	ヒューマノイド	E					
purple_02_00_06_00	413	執事のヴァンパイア	https://www.aicarddass.com/zenonzard/images/cardlist/cards/purple_02_00_06_00.png?v=20201113	base_minion	ベース・ミニオン	purple	紫		PC:06 HELIX	1		C					
purple_01_02_01_00	414	マッドール	https://www.aicarddass.com/zenonzard/images/cardlist/cards/purple_01_02_01_00.png?v=20201113	field_minion	フィールド・ミニオン	purple	紫	1	PC:01 AWAKEN	14	モンスター	C					
purple_01_02_02_00	415	ミュルミュール	https://www.aicarddass.com/zenonzard/images/cardlist/cards/purple_01_02_02_00.png?v=20201113	field_minion	フィールド・ミニオン	purple	紫	1	PC:02 CONTRACT	11	モンスター	R					
purple_01_01_03_00	416	花嫁の亡霊	https://www.aicarddass.com/zenonzard/images/cardlist/cards/purple_01_01_03_00.png?v=20201113	field_minion	フィールド・ミニオン	purple	紫	1	PC:03 EVOLVE	8	モンスター	R					
purple_01_01_04_00	417	ソードール	https://www.aicarddass.com/zenonzard/images/cardlist/cards/purple_01_01_04_00.png?v=20201113	field_minion	フィールド・ミニオン	purple	紫	1	PC:04 FORBIDDEN	6	BS|スケルトン	C					
purple_01_01_04_01	418	ソウルホース	https://www.aicarddass.com/zenonzard/images/cardlist/cards/purple_01_01_04_01.png?v=20201113	field_minion	フィールド・ミニオン	purple	紫	1	PC:04 FORBIDDEN	6	BS	C					
purple_01_01_05_00	419	アーマーバット	https://www.aicarddass.com/zenonzard/images/cardlist/cards/purple_01_01_05_00.png?v=20201113	field_minion	フィールド・ミニオン	purple	紫	1	PC:05 GLORY	2	ウイング	C					
purple_01_03_01_00	420	マッドピッド	https://www.aicarddass.com/zenonzard/images/cardlist/cards/purple_01_03_01_00.png?v=20201113	magic	マジック	purple	紫	1	PC:01 AWAKEN	14		C					
purple_01_03_02_00	421	バッドトーク	https://www.aicarddass.com/zenonzard/images/cardlist/cards/purple_01_03_02_00.png?v=20201113	magic	マジック	purple	紫	1	PC:02 CONTRACT	11		C					
purple_01_02_03_00	422	闇からの刺客	https://www.aicarddass.com/zenonzard/images/cardlist/cards/purple_01_02_03_00.png?v=20201113	magic	マジック	purple	紫	1	PC:03 EVOLVE	8		C					
purple_01_02_04_00	423	スカルの第1魔法：チャージ	https://www.aicarddass.com/zenonzard/images/cardlist/cards/purple_01_02_04_00.png?v=20201113	magic	マジック	purple	紫	1	PC:04 FORBIDDEN	6		R					
purple_01_02_04_01	424	シャドーの第1魔法：ブレイクソード	https://www.aicarddass.com/zenonzard/images/cardlist/cards/purple_01_02_04_01.png?v=20201113	magic	マジック	purple	紫	1	PC:04 FORBIDDEN	6		E					
purple_01_02_05_00	425	ライフスティール	https://www.aicarddass.com/zenonzard/images/cardlist/cards/purple_01_02_05_00.png?v=20201113	magic	マジック	purple	紫	1	PC:05 GLORY	2		R					
purple_01_02_05_01	426	宴の時間 Lv1	https://www.aicarddass.com/zenonzard/images/cardlist/cards/purple_01_02_05_01.png?v=20201113	magic	マジック	purple	紫	1	PC:05 GLORY	2		L					
purple_01_03_EX04_00	427	マスカレイド・ドーパント	https://www.aicarddass.com/zenonzard/images/cardlist/cards/purple_01_03_EX04_00.png?v=20201113	token_minion	ミニオン・トークン	purple	紫	1	EX:04 KAMEN RIDER	4	スケルトン	Basic					
purple_01_03_EX04c_00	428	S・スケルトン・トークン	https://www.aicarddass.com/zenonzard/images/cardlist/cards/purple_01_03_EX04c_00.png?v=20201113	token_minion	ミニオン・トークン	purple	紫	1	EX:04 HEROIC_MASQUERADE	3	スケルトン	Basic					
purple_02_02_01_00	429	ラスカル・インプ	https://www.aicarddass.com/zenonzard/images/cardlist/cards/purple_02_02_01_00.png?v=20201113	field_minion	フィールド・ミニオン	purple	紫	2	PC:01 AWAKEN	14	デーモン	C					
purple_02_02_01_01	430	アッシュブリンガー	https://www.aicarddass.com/zenonzard/images/cardlist/cards/purple_02_02_01_01.png?v=20201113	field_minion	フィールド・ミニオン	purple	紫	2	PC:01 AWAKEN	14	モンスター	E					
purple_02_02_00_00	431	ツインテールキャット	https://www.aicarddass.com/zenonzard/images/cardlist/cards/purple_02_02_00_00.png?v=20201113	field_minion	フィールド・ミニオン	purple	紫	2	ベーシック	15	ビースト	Basic					
purple_02_02_00_01	432	シルバーヘッドクロウ	https://www.aicarddass.com/zenonzard/images/cardlist/cards/purple_02_02_00_01.png?v=20201113	field_minion	フィールド・ミニオン	purple	紫	2	ベーシック	15	ウイング	Basic					
purple_02_02_01r_00	433	酔いどれインプ	https://www.aicarddass.com/zenonzard/images/cardlist/cards/purple_02_02_01r_00.png?v=20201113	field_minion	フィールド・ミニオン	purple	紫	2	PC:01R BEYOND	12	デーモン	R					
purple_02_02_02_00	434	「さまよえる骨」リシャール	https://www.aicarddass.com/zenonzard/images/cardlist/cards/purple_02_02_02_00.png?v=20201113	field_minion	フィールド・ミニオン	purple	紫	2	PC:02 CONTRACT	11	スケルトン	R					
purple_02_02_02r_00	435	ドゥーズアイ	https://www.aicarddass.com/zenonzard/images/cardlist/cards/purple_02_02_02r_00.png?v=20201113	field_minion	フィールド・ミニオン	purple	紫	2	PC:02R DIVINE	10	モンスター	R					
purple_02_01_03_00	436	タナトスの海賊	https://www.aicarddass.com/zenonzard/images/cardlist/cards/purple_02_01_03_00.png?v=20201113	field_minion	フィールド・ミニオン	purple	紫	2	PC:03 EVOLVE	8	スケルトン	R					
purple_02_01_04_00	437	妖薬の売人	https://www.aicarddass.com/zenonzard/images/cardlist/cards/purple_02_01_04_00.png?v=20201113	field_minion	フィールド・ミニオン	purple	紫	2	PC:04 FORBIDDEN	6	デーモン	C					
purple_02_01_04_01	438	シキツル	https://www.aicarddass.com/zenonzard/images/cardlist/cards/purple_02_01_04_01.png?v=20201113	field_minion	フィールド・ミニオン	purple	紫	2	PC:04 FORBIDDEN	6	BS	C					
purple_02_01_04_02	439	冥闘士バラム	https://www.aicarddass.com/zenonzard/images/cardlist/cards/purple_02_01_04_02.png?v=20201113	field_minion	フィールド・ミニオン	purple	紫	2	PC:04 FORBIDDEN	6	BS|デーモン	R					
purple_02_01_EX04_00	440	スミロドン・ドーパント	https://www.aicarddass.com/zenonzard/images/cardlist/cards/purple_02_01_EX04_00.png?v=20201113	field_minion	フィールド・ミニオン	purple	紫	2	EX:04 KAMEN RIDER	4	デーモン	C					
purple_02_01_EX04c_00	441	怪異05 スカル・スミロドン	https://www.aicarddass.com/zenonzard/images/cardlist/cards/purple_02_01_EX04c_00.png?v=20201113	field_minion	フィールド・ミニオン	purple	紫	2	EX:04 HEROIC_MASQUERADE	3	デーモン	C					
purple_02_01_05_00	442	美食のヴァンパイア	https://www.aicarddass.com/zenonzard/images/cardlist/cards/purple_02_01_05_00.png?v=20201113	field_minion	フィールド・ミニオン	purple	紫	2	PC:05 GLORY	2		C					
purple_03_01_06_00	443	切り裂きのヴァンパイア	https://www.aicarddass.com/zenonzard/images/cardlist/cards/purple_03_01_06_00.png?v=20201113	field_minion	フィールド・ミニオン	purple	紫	2	PC:06 HELIX	1		C					
purple_07_01_06_01	444	ポイズン・スパイダー	https://www.aicarddass.com/zenonzard/images/cardlist/cards/purple_07_01_06_01.png?v=20201113	field_minion	フィールド・ミニオン	purple	紫	2	PC:06 HELIX	1	モンスター	C					
purple_02_03_00_01	445	怨念の生霊	https://www.aicarddass.com/zenonzard/images/cardlist/cards/purple_02_03_00_01.png?v=20201113	magic	マジック	purple	紫	2	ベーシック	15		Basic					
purple_02_03_00_00	446	リターニング	https://www.aicarddass.com/zenonzard/images/cardlist/cards/purple_02_03_00_00.png?v=20201113	magic	マジック	purple	紫	2	ベーシック	15		Basic					
purple_02_02_03_00	447	絡みつく腕	https://www.aicarddass.com/zenonzard/images/cardlist/cards/purple_02_02_03_00.png?v=20201113	magic	マジック	purple	紫	2	PC:03 EVOLVE	8		R					
purple_02_02_04_00	448	シャドーの第2魔法：ブラックライトニング	https://www.aicarddass.com/zenonzard/images/cardlist/cards/purple_02_02_04_00.png?v=20201113	magic	マジック	purple	紫	2	PC:04 FORBIDDEN	6		E					
purple_02_04_00_00	449	S・アリュシナシオン・トークン	https://www.aicarddass.com/zenonzard/images/cardlist/cards/purple_02_04_00_00.png?v=20201113	token_minion	ミニオン・トークン	purple	紫	2	ベーシック	15	スケルトン	Basic					
purple_03_02_01_00	450	クリムゾンメイル	https://www.aicarddass.com/zenonzard/images/cardlist/cards/purple_03_02_01_00.png?v=20201113	field_minion	フィールド・ミニオン	purple	紫	3	PC:01 AWAKEN	14	モンスター	R					
purple_03_02_01_01	451	「導きの女王」キャサリン	https://www.aicarddass.com/zenonzard/images/cardlist/cards/purple_03_02_01_01.png?v=20201113	field_minion	フィールド・ミニオン	purple	紫	3	PC:01 AWAKEN	14	デーモン	E					
purple_03_02_00_00	452	シャドウハンド	https://www.aicarddass.com/zenonzard/images/cardlist/cards/purple_03_02_00_00.png?v=20201113	field_minion	フィールド・ミニオン	purple	紫	3	ベーシック	15	モンスター	Basic					
purple_03_02_01r_00	453	マッドライノ	https://www.aicarddass.com/zenonzard/images/cardlist/cards/purple_03_02_01r_00.png?v=20201113	field_minion	フィールド・ミニオン	purple	紫	3	PC:01R BEYOND	12	アンデッド	C					
purple_03_02_02_00	454	アン・テ・ロウフェ	https://www.aicarddass.com/zenonzard/images/cardlist/cards/purple_03_02_02_00.png?v=20201113	field_minion	フィールド・ミニオン	purple	紫	3	PC:02 CONTRACT	11	デーモン	C					
purple_03_02_02r_00	455	タブーマン	https://www.aicarddass.com/zenonzard/images/cardlist/cards/purple_03_02_02r_00.png?v=20201113	field_minion	フィールド・ミニオン	purple	紫	3	PC:02R DIVINE	10	モンスター	C					
purple_03_02_02r_01	456	棍棒スケルトン	https://www.aicarddass.com/zenonzard/images/cardlist/cards/purple_03_02_02r_01.png?v=20201113	field_minion	フィールド・ミニオン	purple	紫	3	PC:02R DIVINE	10	スケルトン	C					
purple_03_01_03_00	457	スカルラット	https://www.aicarddass.com/zenonzard/images/cardlist/cards/purple_03_01_03_00.png?v=20201113	field_minion	フィールド・ミニオン	purple	紫	3	PC:03 EVOLVE	8	ラット	C					
purple_03_01_03_01	458	豚コウモリ	https://www.aicarddass.com/zenonzard/images/cardlist/cards/purple_03_01_03_01.png?v=20201113	field_minion	フィールド・ミニオン	purple	紫	3	PC:03 EVOLVE	8	ウイング	C					
purple_03_01_04_00	459	タナトスの暗殺者	https://www.aicarddass.com/zenonzard/images/cardlist/cards/purple_03_01_04_00.png?v=20201113	field_minion	フィールド・ミニオン	purple	紫	3	PC:04 FORBIDDEN	6	スケルトン	C					
purple_03_01_04_01	460	「案内人」ジェントルマン	https://www.aicarddass.com/zenonzard/images/cardlist/cards/purple_03_01_04_01.png?v=20201113	field_minion	フィールド・ミニオン	purple	紫	3	PC:04 FORBIDDEN	6	デーモン	R					
purple_03_01_04_02	461	グラシャハウンド	https://www.aicarddass.com/zenonzard/images/cardlist/cards/purple_03_01_04_02.png?v=20201113	field_minion	フィールド・ミニオン	purple	紫	3	PC:04 FORBIDDEN	6	BS|デーモン	R					
purple_03_01_EX04_00	462	クレイドール・ドーパント	https://www.aicarddass.com/zenonzard/images/cardlist/cards/purple_03_01_EX04_00.png?v=20201113	field_minion	フィールド・ミニオン	purple	紫	3	EX:04 KAMEN RIDER	4	デーモン	C					
purple_03_01_EX04c_00	463	怪異04 ドール・ロール	https://www.aicarddass.com/zenonzard/images/cardlist/cards/purple_03_01_EX04c_00.png?v=20201113	field_minion	フィールド・ミニオン	purple	紫	3	EX:04 HEROIC_MASQUERADE	3	デーモン	C					
purple_03_01_05_00	464	悪戯好きのヴァンパイア	https://www.aicarddass.com/zenonzard/images/cardlist/cards/purple_03_01_05_00.png?v=20201113	field_minion	フィールド・ミニオン	purple	紫	3	PC:05 GLORY	2		C					
purple_04_01_05_00	465	魅惑のヴァンパイア	https://www.aicarddass.com/zenonzard/images/cardlist/cards/purple_04_01_05_00.png?v=20201113	field_minion	フィールド・ミニオン	purple	紫	3	PC:05 GLORY	2		R					
purple_03_01_05_01	466	ブラックランス	https://www.aicarddass.com/zenonzard/images/cardlist/cards/purple_03_01_05_01.png?v=20201113	field_minion	フィールド・ミニオン	purple	紫	3	PC:05 GLORY	2	デーモン|レギオン	R					
purple_03_01_05_02	467	「悪魔娘」シンドラ	https://www.aicarddass.com/zenonzard/images/cardlist/cards/purple_03_01_05_02.png?v=20201113	field_minion	フィールド・ミニオン	purple	紫	3	PC:05 GLORY	2	デーモン	E					
purple_03_01_05_03	468	「黒の隊長」アイ	https://www.aicarddass.com/zenonzard/images/cardlist/cards/purple_03_01_05_03.png?v=20201113	field_minion	フィールド・ミニオン	purple	紫	3	PC:05 GLORY	2	レギオン	E					
purple_04_01_06_00	469	「吸血姉妹・妹」カーラ	https://www.aicarddass.com/zenonzard/images/cardlist/cards/purple_04_01_06_00.png?v=20201113	field_minion	フィールド・ミニオン	purple	紫	3	PC:06 HELIX	1		E					
purple_03_03_01_00	470	リアニメート	https://www.aicarddass.com/zenonzard/images/cardlist/cards/purple_03_03_01_00.png?v=20201113	magic	マジック	purple	紫	3	PC:01 AWAKEN	14		C					
purple_03_03_01r_00	471	交換の壺	https://www.aicarddass.com/zenonzard/images/cardlist/cards/purple_03_03_01r_00.png?v=20201113	magic	マジック	purple	紫	3	PC:01R BEYOND	12		C					
purple_03_03_02_00	472	ドゥームドロード	https://www.aicarddass.com/zenonzard/images/cardlist/cards/purple_03_03_02_00.png?v=20201113	magic	マジック	purple	紫	3	PC:02 CONTRACT	11		R					
purple_03_03_02r_00	473	ドレイン・リチュアル	https://www.aicarddass.com/zenonzard/images/cardlist/cards/purple_03_03_02r_00.png?v=20201113	magic	マジック	purple	紫	3	PC:02R DIVINE	10		R					
purple_03_02_04_00	474	力の吸収	https://www.aicarddass.com/zenonzard/images/cardlist/cards/purple_03_02_04_00.png?v=20201113	magic	マジック	purple	紫	3	PC:04 FORBIDDEN	6		C					
purple_03_02_04_01	475	スカルの第2魔法：サクリファイス	https://www.aicarddass.com/zenonzard/images/cardlist/cards/purple_03_02_04_01.png?v=20201113	magic	マジック	purple	紫	3	PC:04 FORBIDDEN	6		R					
purple_03_02_04_02	476	デッドリィバランス	https://www.aicarddass.com/zenonzard/images/cardlist/cards/purple_03_02_04_02.png?v=20201113	magic	マジック	purple	紫	3	PC:04 FORBIDDEN	6		C					
purple_03_02_04_03	477	グリーディコア	https://www.aicarddass.com/zenonzard/images/cardlist/cards/purple_03_02_04_03.png?v=20201113	magic	マジック	purple	紫	3	PC:04 FORBIDDEN	6		C					
purple_03_02_05_01	478	吸血鬼の戯れ	https://www.aicarddass.com/zenonzard/images/cardlist/cards/purple_03_02_05_01.png?v=20201113	magic	マジック	purple	紫	3	PC:05 GLORY	2		C					
purple_03_02_05_00	479	宴の時間 Lv2	https://www.aicarddass.com/zenonzard/images/cardlist/cards/purple_03_02_05_00.png?v=20201113	magic	マジック	purple	紫	3	PC:05 GLORY	2		L					
purple_04_02_01_00	480	グレイブローバー	https://www.aicarddass.com/zenonzard/images/cardlist/cards/purple_04_02_01_00.png?v=20201113	field_minion	フィールド・ミニオン	purple	紫	4	PC:01 AWAKEN	14	デーモン	C					
purple_04_02_00_00	481	バンシー	https://www.aicarddass.com/zenonzard/images/cardlist/cards/purple_04_02_00_00.png?v=20201113	field_minion	フィールド・ミニオン	purple	紫	4	ベーシック	15	モンスター	Basic					
purple_04_02_01r_00	482	キューブロップ	https://www.aicarddass.com/zenonzard/images/cardlist/cards/purple_04_02_01r_00.png?v=20201113	field_minion	フィールド・ミニオン	purple	紫	4	PC:01R BEYOND	12	モンスター	R					
purple_04_02_02_00	483	「死滅の竜巫女」フランチェスカ	https://www.aicarddass.com/zenonzard/images/cardlist/cards/purple_04_02_02_00.png?v=20201113	field_minion	フィールド・ミニオン	purple	紫	4	PC:02 CONTRACT	11	ヒューマノイド	R					
purple_04_02_02r_00	484	アンジュ・ダークネス	https://www.aicarddass.com/zenonzard/images/cardlist/cards/purple_04_02_02r_00.png?v=20201113	field_minion	フィールド・ミニオン	purple	紫	4	PC:02R DIVINE	10	デミゴッド	L					
purple_04_02_02r_01	485	「死滅の竜騎士」ドロシー	https://www.aicarddass.com/zenonzard/images/cardlist/cards/purple_04_02_02r_01.png?v=20201113	field_minion	フィールド・ミニオン	purple	紫	4	PC:02R DIVINE	10	ヒューマノイド	L					
purple_04_01_03_00	486	「タナトスの放浪者」ナイブス	https://www.aicarddass.com/zenonzard/images/cardlist/cards/purple_04_01_03_00.png?v=20201113	field_minion	フィールド・ミニオン	purple	紫	4	PC:03 EVOLVE	8	スケルトン	E					
purple_04_01_03_01	487	「闇夜の狂人」ナイブス	https://www.aicarddass.com/zenonzard/images/cardlist/cards/purple_04_01_03_01.png?v=20201113	field_minion	フィールド・ミニオン	purple	紫	4	PC:03 EVOLVE	8	スケルトン	E					
purple_04_01_03_02	488	「リリアンの召喚獣」ヴィル Lv1	https://www.aicarddass.com/zenonzard/images/cardlist/cards/purple_04_01_03_02.png?v=20201113	field_minion	フィールド・ミニオン	purple	紫	4	PC:03 EVOLVE	8	アルカナ	R					
purple_04_01_03_03	489	「リリアンの召喚獣」ヴィル Lv2	https://www.aicarddass.com/zenonzard/images/cardlist/cards/purple_04_01_03_03.png?v=20201113	field_minion	フィールド・ミニオン	purple	紫	4	PC:03 EVOLVE	8	アルカナ	R					
purple_04_01_03_04	490	「リリアンの召喚獣」ヴィル Lv3	https://www.aicarddass.com/zenonzard/images/cardlist/cards/purple_04_01_03_04.png?v=20201113	field_minion	フィールド・ミニオン	purple	紫	4	PC:03 EVOLVE	8	アルカナ	R					
purple_04_01_04_04	491	タナトスの骨象	https://www.aicarddass.com/zenonzard/images/cardlist/cards/purple_04_01_04_04.png?v=20201113	field_minion	フィールド・ミニオン	purple	紫	4	PC:04 FORBIDDEN	6	スケルトン	R					
purple_04_01_04_00	492	ジャイナガン	https://www.aicarddass.com/zenonzard/images/cardlist/cards/purple_04_01_04_00.png?v=20201113	field_minion	フィールド・ミニオン	purple	紫	4	PC:04 FORBIDDEN	6	BS	R					
purple_04_01_EX04_00	493	タブー・ドーパント	https://www.aicarddass.com/zenonzard/images/cardlist/cards/purple_04_01_EX04_00.png?v=20201113	field_minion	フィールド・ミニオン	purple	紫	4	EX:04 KAMEN RIDER	4	デーモン	C					
purple_04_01_EX04c_00	494	怪異02 ナブー・タブー	https://www.aicarddass.com/zenonzard/images/cardlist/cards/purple_04_01_EX04c_00.png?v=20201113	field_minion	フィールド・ミニオン	purple	紫	4	EX:04 HEROIC_MASQUERADE	3	デーモン	C					
purple_07_01_06_00	495	軍服のヴァンパイア	https://www.aicarddass.com/zenonzard/images/cardlist/cards/purple_07_01_06_00.png?v=20201113	field_minion	フィールド・ミニオン	purple	紫	4	PC:06 HELIX	1		R					
purple_04_03_01r_00	496	ミッシングフォッグ	https://www.aicarddass.com/zenonzard/images/cardlist/cards/purple_04_03_01r_00.png?v=20201113	magic	マジック	purple	紫	4	PC:01R BEYOND	12		C					
purple_04_03_02r_00	497	コンフュージョン・ミスト	https://www.aicarddass.com/zenonzard/images/cardlist/cards/purple_04_03_02r_00.png?v=20201113	magic	マジック	purple	紫	4	PC:02R DIVINE	10		C					
purple_04_02_03_00	498	紫炎	https://www.aicarddass.com/zenonzard/images/cardlist/cards/purple_04_02_03_00.png?v=20201113	magic	マジック	purple	紫	4	PC:03 EVOLVE	8		E					
purple_05_02_01_00	499	いたずらインプ	https://www.aicarddass.com/zenonzard/images/cardlist/cards/purple_05_02_01_00.png?v=20201113	field_minion	フィールド・ミニオン	purple	紫	5	PC:01 AWAKEN	14	デーモン	C					
purple_05_02_00_00	500	ボーンチャリオッツ	https://www.aicarddass.com/zenonzard/images/cardlist/cards/purple_05_02_00_00.png?v=20201113	field_minion	フィールド・ミニオン	purple	紫	5	ベーシック	15	スケルトン	Basic					
purple_05_02_02_00	501	ザ・シング	https://www.aicarddass.com/zenonzard/images/cardlist/cards/purple_05_02_02_00.png?v=20201113	field_minion	フィールド・ミニオン	purple	紫	5	PC:02 CONTRACT	11	デーモン	C					
purple_05_02_02_01	502	「暗黒騎士団隊長」イザーク	https://www.aicarddass.com/zenonzard/images/cardlist/cards/purple_05_02_02_01.png?v=20201113	field_minion	フィールド・ミニオン	purple	紫	5	PC:02 CONTRACT	11	スケルトン	L					
purple_05_02_02r_00	503	黒鎧竜オブシロン	https://www.aicarddass.com/zenonzard/images/cardlist/cards/purple_05_02_02r_00.png?v=20201113	field_minion	フィールド・ミニオン	purple	紫	5	PC:02R DIVINE	10	ドラゴン	R					
purple_05_01_03_00	504	タナトスの骨巨人	https://www.aicarddass.com/zenonzard/images/cardlist/cards/purple_05_01_03_00.png?v=20201113	field_minion	フィールド・ミニオン	purple	紫	5	PC:03 EVOLVE	8	スケルトン	C					
purple_05_01_03_01	505	プティ・ディアブル	https://www.aicarddass.com/zenonzard/images/cardlist/cards/purple_05_01_03_01.png?v=20201113	field_minion	フィールド・ミニオン	purple	紫	5	PC:03 EVOLVE	8	デーモン	E					
purple_05_01_03_02	506	「ヤミの召喚獣」アンドロス Lv1	https://www.aicarddass.com/zenonzard/images/cardlist/cards/purple_05_01_03_02.png?v=20201113	field_minion	フィールド・ミニオン	purple	紫	5	PC:03 EVOLVE	8	アルカナ	L					
purple_05_01_03_03	507	「ヤミの召喚獣」アンドロス Lv2	https://www.aicarddass.com/zenonzard/images/cardlist/cards/purple_05_01_03_03.png?v=20201113	field_minion	フィールド・ミニオン	purple	紫	5	PC:03 EVOLVE	8	アルカナ	L					
purple_05_01_03_04	508	「ヤミの召喚獣」アンドロス Lv3	https://www.aicarddass.com/zenonzard/images/cardlist/cards/purple_05_01_03_04.png?v=20201113	field_minion	フィールド・ミニオン	purple	紫	5	PC:03 EVOLVE	8	アルカナ	L					
purple_05_01_04_00	509	「秘法の女王」キャサリン	https://www.aicarddass.com/zenonzard/images/cardlist/cards/purple_05_01_04_00.png?v=20201113	field_minion	フィールド・ミニオン	purple	紫	5	PC:04 FORBIDDEN	6	デーモン	L					
purple_05_01_04_01	510	冥勇士デスカラビア	https://www.aicarddass.com/zenonzard/images/cardlist/cards/purple_05_01_04_01.png?v=20201113	field_minion	フィールド・ミニオン	purple	紫	5	PC:04 FORBIDDEN	6	BS|デーモン	E					
purple_05_01_04_02	511	骸巨人ギ・ガッシャ	https://www.aicarddass.com/zenonzard/images/cardlist/cards/purple_05_01_04_02.png?v=20201113	field_minion	フィールド・ミニオン	purple	紫	5	PC:04 FORBIDDEN	6	BS|スケルトン	E					
purple_05_01_EX04_00	512	ナスカ・ドーパント	https://www.aicarddass.com/zenonzard/images/cardlist/cards/purple_05_01_EX04_00.png?v=20201113	field_minion	フィールド・ミニオン	purple	紫	5	EX:04 KAMEN RIDER	4	デーモン	R					
purple_05_01_EX04c_00	513	怪異03 ナイト・ナスカ	https://www.aicarddass.com/zenonzard/images/cardlist/cards/purple_05_01_EX04c_00.png?v=20201113	field_minion	フィールド・ミニオン	purple	紫	5	EX:04 HEROIC_MASQUERADE	3	デーモン	R					
purple_05_01_05_00	514	「徘徊者」ナイトウォーカー	https://www.aicarddass.com/zenonzard/images/cardlist/cards/purple_05_01_05_00.png?v=20201113	field_minion	フィールド・ミニオン	purple	紫	5	PC:05 GLORY	2		L					
purple_06_01_05_00	515	騎士のヴァンパイア	https://www.aicarddass.com/zenonzard/images/cardlist/cards/purple_06_01_05_00.png?v=20201113	field_minion	フィールド・ミニオン	purple	紫	5	PC:05 GLORY	2		E					
purple_05_03_00_00	516	デストラクション	https://www.aicarddass.com/zenonzard/images/cardlist/cards/purple_05_03_00_00.png?v=20201113	magic	マジック	purple	紫	5	ベーシック	15		Basic					
purple_05_02_04_00	517	シャドーの第3魔法：デスボール	https://www.aicarddass.com/zenonzard/images/cardlist/cards/purple_05_02_04_00.png?v=20201113	magic	マジック	purple	紫	5	PC:04 FORBIDDEN	6		E					
purple_03_02_06_00	518	ドレスエッジ	https://www.aicarddass.com/zenonzard/images/cardlist/cards/purple_03_02_06_00.png?v=20201113	magic	マジック	purple	紫	5	PC:06 HELIX	1		R					
purple_06_02_01_00	519	「大公爵」アシュテロト	https://www.aicarddass.com/zenonzard/images/cardlist/cards/purple_06_02_01_00.png?v=20201113	field_minion	フィールド・ミニオン	purple	紫	6	PC:01 AWAKEN	14	デーモン	R					
purple_06_02_01_01	520	「偽神の探索者」ジヌティーヌ	https://www.aicarddass.com/zenonzard/images/cardlist/cards/purple_06_02_01_01.png?v=20201113	field_minion	フィールド・ミニオン	purple	紫	6	PC:01 AWAKEN	14	デーモン	L					
purple_06_02_02_00	521	「暴食」ギュスターヴ	https://www.aicarddass.com/zenonzard/images/cardlist/cards/purple_06_02_02_00.png?v=20201113	field_minion	フィールド・ミニオン	purple	紫	6	PC:02 CONTRACT	11	デーモン	E					
purple_06_02_02r_01	522	スカルプテラ	https://www.aicarddass.com/zenonzard/images/cardlist/cards/purple_06_02_02r_01.png?v=20201113	field_minion	フィールド・ミニオン	purple	紫	6	PC:02R DIVINE	10	スケルトン	C					
purple_06_02_02r_00	523	魔石竜マジカロス	https://www.aicarddass.com/zenonzard/images/cardlist/cards/purple_06_02_02r_00.png?v=20201113	field_minion	フィールド・ミニオン	purple	紫	6	PC:02R DIVINE	10	ドラゴン	E					
purple_06_01_03_00	524	「タナトスの屍司祭」プリースト	https://www.aicarddass.com/zenonzard/images/cardlist/cards/purple_06_01_03_00.png?v=20201113	field_minion	フィールド・ミニオン	purple	紫	6	PC:03 EVOLVE	8	スケルトン|ソード	L					
purple_06_01_05_01	525	タナトスの没落貴族	https://www.aicarddass.com/zenonzard/images/cardlist/cards/purple_06_01_05_01.png?v=20201113	field_minion	フィールド・ミニオン	purple	紫	6	PC:05 GLORY	2	スケルトン|レギオン	R					
purple_06_03_02_00	526	デーモンズテラー	https://www.aicarddass.com/zenonzard/images/cardlist/cards/purple_06_03_02_00.png?v=20201113	magic	マジック	purple	紫	6	PC:02 CONTRACT	11		E					
purple_06_02_04_00	527	スカルの第3魔法：リザレクション	https://www.aicarddass.com/zenonzard/images/cardlist/cards/purple_06_02_04_00.png?v=20201113	magic	マジック	purple	紫	6	PC:04 FORBIDDEN	6		R					
purple_07_02_01_00	528	「死霊の子爵」オッドアイ	https://www.aicarddass.com/zenonzard/images/cardlist/cards/purple_07_02_01_00.png?v=20201113	field_minion	フィールド・ミニオン	purple	紫	7	PC:01 AWAKEN	14	デーモン	E					
purple_06_02_01r_00	529	「思惑を砕く者」キスカ	https://www.aicarddass.com/zenonzard/images/cardlist/cards/purple_06_02_01r_00.png?v=20201113	field_minion	フィールド・ミニオン	purple	紫	7	PC:01R BEYOND	12	デミゴッド	L					
purple_07_02_01r_00	530	「三頭の騎士」アリュシナシオン	https://www.aicarddass.com/zenonzard/images/cardlist/cards/purple_07_02_01r_00.png?v=20201113	field_minion	フィールド・ミニオン	purple	紫	7	PC:01R BEYOND	12	スケルトン	E					
purple_07_02_02r_00	531	「闇炎狼」アンフェール	https://www.aicarddass.com/zenonzard/images/cardlist/cards/purple_07_02_02r_00.png?v=20201113	field_minion	フィールド・ミニオン	purple	紫	7	PC:02R DIVINE	10	モンスター	L					
purple_07_02_02r_01	532	「常闇狼鬼」アンフェール	https://www.aicarddass.com/zenonzard/images/cardlist/cards/purple_07_02_02r_01.png?v=20201113	field_minion	フィールド・ミニオン	purple	紫	7	PC:02R DIVINE	10	ドラゴン|モンスター	L					
purple_07_01_04_00	533	滅神星龍ダークヴルム・ノヴァ	https://www.aicarddass.com/zenonzard/images/cardlist/cards/purple_07_01_04_00.png?v=20201113	field_minion	フィールド・ミニオン	purple	紫	7	PC:04 FORBIDDEN	6	BS|ドラゴン	L					
purple_07_01_04_01	534	魔羯邪神シュタイン・ボルグ	https://www.aicarddass.com/zenonzard/images/cardlist/cards/purple_07_01_04_01.png?v=20201113	field_minion	フィールド・ミニオン	purple	紫	7	PC:04 FORBIDDEN	6	BS|光導	E					
purple_07_01_04_02	535	魔界七将ベルゼビート	https://www.aicarddass.com/zenonzard/images/cardlist/cards/purple_07_01_04_02.png?v=20201113	field_minion	フィールド・ミニオン	purple	紫	7	PC:04 FORBIDDEN	6	BS|デーモン	E					
purple_07_01_EX04_00	536	テラー・ドーパント	https://www.aicarddass.com/zenonzard/images/cardlist/cards/purple_07_01_EX04_00.png?v=20201113	field_minion	フィールド・ミニオン	purple	紫	7	EX:04 KAMEN RIDER	4	デーモン	E					
purple_07_01_EX04c_00	537	怪異01 ホーン・テラー	https://www.aicarddass.com/zenonzard/images/cardlist/cards/purple_07_01_EX04c_00.png?v=20201113	field_minion	フィールド・ミニオン	purple	紫	7	EX:04 HEROIC_MASQUERADE	3	デーモン	E					
purple_02_01_06_00	538	「吸血姉妹・姉」シーラ	https://www.aicarddass.com/zenonzard/images/cardlist/cards/purple_02_01_06_00.png?v=20201113	field_minion	フィールド・ミニオン	purple	紫	7	PC:06 HELIX	1		L					
purple_07_01_06_02	539	「カギ爪」ラミア	https://www.aicarddass.com/zenonzard/images/cardlist/cards/purple_07_01_06_02.png?v=20201113	field_minion	フィールド・ミニオン	purple	紫	7	PC:06 HELIX	1	モンスター	E					
purple_0_01_06_00	540	「タナトスの騎士馬」サイモン	https://www.aicarddass.com/zenonzard/images/cardlist/cards/purple_0_01_06_00.png?v=20201113	field_minion	フィールド・ミニオン	purple	紫	7	PC:06 HELIX	1	スケルトン	L					
purple_07_03_01r_00	541	リインカーネーション	https://www.aicarddass.com/zenonzard/images/cardlist/cards/purple_07_03_01r_00.png?v=20201113	magic	マジック	purple	紫	7	PC:01R BEYOND	12		R					
purple_08_02_01_00	542	「憂鬱の魔王」ベールフェゴル	https://www.aicarddass.com/zenonzard/images/cardlist/cards/purple_08_02_01_00.png?v=20201113	field_minion	フィールド・ミニオン	purple	紫	8	PC:01 AWAKEN	14	デーモン	L					
purple_08_02_01_01	543	ウォールクラッシャー	https://www.aicarddass.com/zenonzard/images/cardlist/cards/purple_08_02_01_01.png?v=20201113	field_minion	フィールド・ミニオン	purple	紫	8	PC:01 AWAKEN	14	デーモン	R					
purple_08_01_03_00	544	「球体の監獄」マモン	https://www.aicarddass.com/zenonzard/images/cardlist/cards/purple_08_01_03_00.png?v=20201113	field_minion	フィールド・ミニオン	purple	紫	8	PC:03 EVOLVE	8	デーモン	L					
purple_08_01_04_03	545	フォルカロル	https://www.aicarddass.com/zenonzard/images/cardlist/cards/purple_08_01_04_03.png?v=20201113	field_minion	フィールド・ミニオン	purple	紫	8	PC:04 FORBIDDEN	6	ヒューマノイド	E					
purple_08_01_04_00	546	双魚賊神ピスケガレオン	https://www.aicarddass.com/zenonzard/images/cardlist/cards/purple_08_01_04_00.png?v=20201113	field_minion	フィールド・ミニオン	purple	紫	8	PC:04 FORBIDDEN	6	BS|光導	L					
purple_08_01_EX03_00	547	虚皇帝ネザード・バァラル	https://www.aicarddass.com/zenonzard/images/cardlist/cards/purple_08_01_EX03_00.png?v=20201113	field_minion	フィールド・ミニオン	purple	紫	8	EX:03 Battle Spirits	5	BS|モンスター	E					
purple_08_03_01_00	548	パンデミック	https://www.aicarddass.com/zenonzard/images/cardlist/cards/purple_08_03_01_00.png?v=20201113	magic	マジック	purple	紫	8	PC:01 AWAKEN	14		R					
purple_09_02_02_00	549	「死滅公」スカルボーン	https://www.aicarddass.com/zenonzard/images/cardlist/cards/purple_09_02_02_00.png?v=20201113	field_minion	フィールド・ミニオン	purple	紫	9+	PC:02 CONTRACT	11	ドラゴン	L					
purple_09_01_04_00	550	蛇皇神帝アスクレピオーズ	https://www.aicarddass.com/zenonzard/images/cardlist/cards/purple_09_01_04_00.png?v=20201113	field_minion	フィールド・ミニオン	purple	紫	9+	PC:04 FORBIDDEN	6	BS|光導	L					
purple_09_01_04_01	551	魔界七将アスモディオス	https://www.aicarddass.com/zenonzard/images/cardlist/cards/purple_09_01_04_01.png?v=20201113	field_minion	フィールド・ミニオン	purple	紫	9+	PC:04 FORBIDDEN	6	BS|デーモン	E					
purple_09_01_05_00	552	「死の霧」ミスト・リーパー	https://www.aicarddass.com/zenonzard/images/cardlist/cards/purple_09_01_05_00.png?v=20201113	field_minion	フィールド・ミニオン	purple	紫	9+	PC:05 GLORY	2	モンスター	L					
purple_10_01_EX03_00	553	騎士の覇王ソーディアス・アーサー	https://www.aicarddass.com/zenonzard/images/cardlist/cards/purple_10_01_EX03_00.png?v=20201113	field_minion	フィールド・ミニオン	purple	紫	9+	EX:03 Battle Spirits	5	BS|ソード	E					
green_00_01_01_00	554	デメテーの守護者	https://www.aicarddass.com/zenonzard/images/cardlist/cards/green_00_01_01_00.png?v=20201113	base_minion	ベース・ミニオン	green	緑		PC:01 AWAKEN	14	エルフ	R					
green_00_01_00_00	555	デメテーの村娘	https://www.aicarddass.com/zenonzard/images/cardlist/cards/green_00_01_00_00.png?v=20201113	base_minion	ベース・ミニオン	green	緑		ベーシック	15	エルフ	Basic					
green_00_01_01r_00	556	エルフの剣士	https://www.aicarddass.com/zenonzard/images/cardlist/cards/green_00_01_01r_00.png?v=20201113	base_minion	ベース・ミニオン	green	緑		PC:01R BEYOND	12	エルフ	E					
green_00_01_02_00	557	「種精」ピットボック	https://www.aicarddass.com/zenonzard/images/cardlist/cards/green_00_01_02_00.png?v=20201113	base_minion	ベース・ミニオン	green	緑		PC:02 CONTRACT	11	ニンフ	C					
green_00_01_02_01	558	「樹精」グリーフィ	https://www.aicarddass.com/zenonzard/images/cardlist/cards/green_00_01_02_01.png?v=20201113	base_minion	ベース・ミニオン	green	緑		PC:02 CONTRACT	11	ニンフ	E					
green_00_01_02r_00	559	「苔精」チャッチャラクー	https://www.aicarddass.com/zenonzard/images/cardlist/cards/green_00_01_02r_00.png?v=20201113	base_minion	ベース・ミニオン	green	緑		PC:02R DIVINE	10	ニンフ	R					
green_00_01_02r_01	560	「泉精」ファウ	https://www.aicarddass.com/zenonzard/images/cardlist/cards/green_00_01_02r_01.png?v=20201113	base_minion	ベース・ミニオン	green	緑		PC:02R DIVINE	10	ニンフ	E					
green_00_01_02c_00	561	「少女」アリス	https://www.aicarddass.com/zenonzard/images/cardlist/cards/green_00_01_02c_00.png?v=20201113	base_minion	ベース・ミニオン	green	緑		EXCODE:02C SAO	9	ソード	C					
green_00_01_02c_01	562	夜空の剣	https://www.aicarddass.com/zenonzard/images/cardlist/cards/green_00_01_02c_01.png?v=20201113	base_minion	ベース・ミニオン	green	緑		EXCODE:02C SAO	9	アイテム|ソード	R					
green_00_01_02c_02	563	青薔薇の剣	https://www.aicarddass.com/zenonzard/images/cardlist/cards/green_00_01_02c_02.png?v=20201113	base_minion	ベース・ミニオン	green	緑		EXCODE:02C SAO	9	アイテム|ソード	E					
green_00_00_03_00	564	「観測の召喚士」ラバー Lv1	https://www.aicarddass.com/zenonzard/images/cardlist/cards/green_00_00_03_00.png?v=20201113	base_minion	ベース・ミニオン	green	緑		PC:03 EVOLVE	8	エヴォーカー	R					
green_00_00_03_01	565	「観測の召喚士」ラバー Lv2	https://www.aicarddass.com/zenonzard/images/cardlist/cards/green_00_00_03_01.png?v=20201113	base_minion	ベース・ミニオン	green	緑		PC:03 EVOLVE	8	エヴォーカー	R					
green_00_00_03_02	566	「観測の召喚士」ラバー Lv3	https://www.aicarddass.com/zenonzard/images/cardlist/cards/green_00_00_03_02.png?v=20201113	base_minion	ベース・ミニオン	green	緑		PC:03 EVOLVE	8	エヴォーカー	R					
green_00_00_03_03	567	「深森の召喚士」オーブ Lv1	https://www.aicarddass.com/zenonzard/images/cardlist/cards/green_00_00_03_03.png?v=20201113	base_minion	ベース・ミニオン	green	緑		PC:03 EVOLVE	8	エヴォーカー	L					
green_00_00_03_04	568	「深森の召喚士」オーブ Lv2	https://www.aicarddass.com/zenonzard/images/cardlist/cards/green_00_00_03_04.png?v=20201113	base_minion	ベース・ミニオン	green	緑		PC:03 EVOLVE	8	エヴォーカー	L					
green_00_00_03_05	569	「深森の召喚士」オーブ Lv3	https://www.aicarddass.com/zenonzard/images/cardlist/cards/green_00_00_03_05.png?v=20201113	base_minion	ベース・ミニオン	green	緑		PC:03 EVOLVE	8	エヴォーカー	L					
green_00_01_EX02_00	570	金木犀のフェアリー	https://www.aicarddass.com/zenonzard/images/cardlist/cards/green_00_01_EX02_00.png?v=20201113	base_minion	ベース・ミニオン	green	緑		EX:02 幻影の剣士	7	ソード	C					
green_00_01_EX02_01	571	霊樹の神剣	https://www.aicarddass.com/zenonzard/images/cardlist/cards/green_00_01_EX02_01.png?v=20201113	base_minion	ベース・ミニオン	green	緑		EX:02 幻影の剣士	7	アイテム|ソード	R					
green_00_01_EX02_02	572	青刃アイスブレイド	https://www.aicarddass.com/zenonzard/images/cardlist/cards/green_00_01_EX02_02.png?v=20201113	base_minion	ベース・ミニオン	green	緑		EX:02 幻影の剣士	7	アイテム|ソード	E					
green_00_00_04_00	573	「翠色の魔術師」ジャック	https://www.aicarddass.com/zenonzard/images/cardlist/cards/green_00_00_04_00.png?v=20201113	base_minion	ベース・ミニオン	green	緑		PC:04 FORBIDDEN	6	エヴォーカー	R					
green_00_00_04_01	574	「蔦の魔術師」ウィップ	https://www.aicarddass.com/zenonzard/images/cardlist/cards/green_00_00_04_01.png?v=20201113	base_minion	ベース・ミニオン	green	緑		PC:04 FORBIDDEN	6	エヴォーカー	E					
green_00_00_EX03_00	575	兵堂 剣蔵 Lv1	https://www.aicarddass.com/zenonzard/images/cardlist/cards/green_00_00_EX03_00.png?v=20201113	base_minion	ベース・ミニオン	green	緑	0	EX:03 Battle Spirits	5	カードバトラー	E					
green_00_00_EX03_01	576	兵堂 剣蔵 Lv2	https://www.aicarddass.com/zenonzard/images/cardlist/cards/green_00_00_EX03_01.png?v=20201113	base_minion	ベース・ミニオン	green	緑	0	EX:03 Battle Spirits	5	カードバトラー	E					
green_00_00_EX03_02	577	兵堂 剣蔵 Lv3	https://www.aicarddass.com/zenonzard/images/cardlist/cards/green_00_00_EX03_02.png?v=20201113	base_minion	ベース・ミニオン	green	緑	0	EX:03 Battle Spirits	5	カードバトラー	E					
green_00_00_EX03_03	578	百瀬 華実	https://www.aicarddass.com/zenonzard/images/cardlist/cards/green_00_00_EX03_03.png?v=20201113	base_minion	ベース・ミニオン	green	緑	0	EX:03 Battle Spirits	5	カードバトラー	R					
green_00_00_EX03_04	579	刃狼ベオ・ウルフ	https://www.aicarddass.com/zenonzard/images/cardlist/cards/green_00_00_EX03_04.png?v=20201113	base_minion	ベース・ミニオン	green	緑	0	EX:03 Battle Spirits	5		C					
green_00_00_EX04_00	580	ダブルドライバー	https://www.aicarddass.com/zenonzard/images/cardlist/cards/green_00_00_EX04_00.png?v=20201113	base_minion	ベース・ミニオン	green	緑		EX:04 KAMEN RIDER	4	アイテム|仮面	E					
green_00_00_EX04_01	581	プリズムビッカー	https://www.aicarddass.com/zenonzard/images/cardlist/cards/green_00_00_EX04_01.png?v=20201113	base_minion	ベース・ミニオン	green	緑		EX:04 KAMEN RIDER	4	アイテム|仮面	R					
green_00_00_EX04_02	582	ハードボイルダー	https://www.aicarddass.com/zenonzard/images/cardlist/cards/green_00_00_EX04_02.png?v=20201113	base_minion	ベース・ミニオン	green	緑		EX:04 KAMEN RIDER	4	アイテム|仮面	C					
green_00_00_EX04c_00	583	猛禽の仮面	https://www.aicarddass.com/zenonzard/images/cardlist/cards/green_00_00_EX04c_00.png?v=20201113	base_minion	ベース・ミニオン	green	緑		EX:04 HEROIC_MASQUERADE	3	アイテム|仮面	E					
green_00_00_EX04c_01	584	古刀 焔	https://www.aicarddass.com/zenonzard/images/cardlist/cards/green_00_00_EX04c_01.png?v=20201113	base_minion	ベース・ミニオン	green	緑		EX:04 HEROIC_MASQUERADE	3	アイテム|仮面	R					
green_00_00_EX04c_02	585	機巧駿車	https://www.aicarddass.com/zenonzard/images/cardlist/cards/green_00_00_EX04c_02.png?v=20201113	base_minion	ベース・ミニオン	green	緑		EX:04 HEROIC_MASQUERADE	3	アイテム|仮面	C					
green_00_00_05_00	586	獣人クーン	https://www.aicarddass.com/zenonzard/images/cardlist/cards/green_00_00_05_00.png?v=20201113	base_minion	ベース・ミニオン	green	緑		PC:05 GLORY	2	トライブ	C					
green_00_00_05_01	587	獣人シバ	https://www.aicarddass.com/zenonzard/images/cardlist/cards/green_00_00_05_01.png?v=20201113	base_minion	ベース・ミニオン	green	緑		PC:05 GLORY	2	トライブ	R					
green_00_00_05_02	588	「鎖剣」獣人ウルフロット	https://www.aicarddass.com/zenonzard/images/cardlist/cards/green_00_00_05_02.png?v=20201113	base_minion	ベース・ミニオン	green	緑		PC:05 GLORY	2	トライブ	E					
green_01_02_01_00	589	モルフェオ「ラビィ」	https://www.aicarddass.com/zenonzard/images/cardlist/cards/green_01_02_01_00.png?v=20201113	field_minion	フィールド・ミニオン	green	緑	1	PC:01 AWAKEN	14	モルフェオ	C					
green_01_02_02_00	590	ツパ=チョカ	https://www.aicarddass.com/zenonzard/images/cardlist/cards/green_01_02_02_00.png?v=20201113	field_minion	フィールド・ミニオン	green	緑	1	PC:02 CONTRACT	11	ビースト	R					
green_01_01_03_00	591	モルフェオ「ラクーン」	https://www.aicarddass.com/zenonzard/images/cardlist/cards/green_01_01_03_00.png?v=20201113	field_minion	フィールド・ミニオン	green	緑	1	PC:03 EVOLVE	8	モルフェオ	R					
green_01_01_EX03_00	592	ダンデラビット	https://www.aicarddass.com/zenonzard/images/cardlist/cards/green_01_01_EX03_00.png?v=20201113	field_minion	フィールド・ミニオン	green	緑	1	EX:03 Battle Spirits	5	BS	C					
green_01_01_EX03_01	593	マッハジー	https://www.aicarddass.com/zenonzard/images/cardlist/cards/green_01_01_EX03_01.png?v=20201113	field_minion	フィールド・ミニオン	green	緑	1	EX:03 Battle Spirits	5	BS|モンスター	E					
green_01_01_05_00	594	獣人シャムム	https://www.aicarddass.com/zenonzard/images/cardlist/cards/green_01_01_05_00.png?v=20201113	field_minion	フィールド・ミニオン	green	緑	1	PC:05 GLORY	2	トライブ	C					
green_01_03_01_00	595	ヒーリング	https://www.aicarddass.com/zenonzard/images/cardlist/cards/green_01_03_01_00.png?v=20201113	magic	マジック	green	緑	1	PC:01 AWAKEN	14		C					
green_01_03_00_00	596	バインディングアイヴィ	https://www.aicarddass.com/zenonzard/images/cardlist/cards/green_01_03_00_00.png?v=20201113	magic	マジック	green	緑	1	ベーシック	15		Basic					
green_01_03_01r_00	597	フォーリングロック	https://www.aicarddass.com/zenonzard/images/cardlist/cards/green_01_03_01r_00.png?v=20201113	magic	マジック	green	緑	1	PC:01R BEYOND	12		C					
green_01_03_02r_00	598	マイナーヒール	https://www.aicarddass.com/zenonzard/images/cardlist/cards/green_01_03_02r_00.png?v=20201113	magic	マジック	green	緑	1	PC:02R DIVINE	10		C					
green_01_02_03_00	599	マジックブースト	https://www.aicarddass.com/zenonzard/images/cardlist/cards/green_01_02_03_00.png?v=20201113	magic	マジック	green	緑	1	PC:03 EVOLVE	8		C					
green_01_02_04_00	600	ブリガンテの要撃	https://www.aicarddass.com/zenonzard/images/cardlist/cards/green_01_02_04_00.png?v=20201113	magic	マジック	green	緑	1	PC:04 FORBIDDEN	6		C					
green_01_02_04_01	601	ジャックの第1魔法：グロウ	https://www.aicarddass.com/zenonzard/images/cardlist/cards/green_01_02_04_01.png?v=20201113	magic	マジック	green	緑	1	PC:04 FORBIDDEN	6		R					
green_01_02_04_02	602	ウィップの第1魔法：ヒール	https://www.aicarddass.com/zenonzard/images/cardlist/cards/green_01_02_04_02.png?v=20201113	magic	マジック	green	緑	1	PC:04 FORBIDDEN	6		E					
green_01_02_05_00	603	拳法の修行	https://www.aicarddass.com/zenonzard/images/cardlist/cards/green_01_02_05_00.png?v=20201113	magic	マジック	green	緑	1	PC:05 GLORY	2		C					
green_01_02_05_01	604	大獣斧 Lv1	https://www.aicarddass.com/zenonzard/images/cardlist/cards/green_01_02_05_01.png?v=20201113	magic	マジック	green	緑	1	PC:05 GLORY	2		L					
green_02_02_00_00	605	「盲目の風読み」メリエルナ	https://www.aicarddass.com/zenonzard/images/cardlist/cards/green_02_02_00_00.png?v=20201113	field_minion	フィールド・ミニオン	green	緑	2	ベーシック	15	エルフ	Basic					
green_02_02_00_01	606	マーチャルーカ	https://www.aicarddass.com/zenonzard/images/cardlist/cards/green_02_02_00_01.png?v=20201113	field_minion	フィールド・ミニオン	green	緑	2	ベーシック	15	トライブ	Basic					
green_02_02_01r_00	607	ローレルツォーク	https://www.aicarddass.com/zenonzard/images/cardlist/cards/green_02_02_01r_00.png?v=20201113	field_minion	フィールド・ミニオン	green	緑	2	PC:01R BEYOND	12	ツリーフォーク	C					
green_02_02_02r_00	608	スロース・キーパー	https://www.aicarddass.com/zenonzard/images/cardlist/cards/green_02_02_02r_00.png?v=20201113	field_minion	フィールド・ミニオン	green	緑	2	PC:02R DIVINE	10	トライブ	R					
green_02_02_02c_03	609	シャーロット	https://www.aicarddass.com/zenonzard/images/cardlist/cards/green_02_02_02c_03.png?v=20201113	field_minion	フィールド・ミニオン	green	緑	2	EXCODE:02C SAO	9	ソード	C					
green_02_02_02c_00	610	「初等練士」ティーゼ	https://www.aicarddass.com/zenonzard/images/cardlist/cards/green_02_02_02c_00.png?v=20201113	field_minion	フィールド・ミニオン	green	緑	2	EXCODE:02C SAO	9	ソード	C					
green_02_01_03_00	611	デメテーの秘術師	https://www.aicarddass.com/zenonzard/images/cardlist/cards/green_02_01_03_00.png?v=20201113	field_minion	フィールド・ミニオン	green	緑	2	PC:03 EVOLVE	8	エルフ	C					
green_02_02_EX02_03	612	コケグモ	https://www.aicarddass.com/zenonzard/images/cardlist/cards/green_02_02_EX02_03.png?v=20201113	field_minion	フィールド・ミニオン	green	緑	2	EX:02 幻影の剣士	7	ソード	C					
green_02_02_EX02_00	613	「従者」マニー	https://www.aicarddass.com/zenonzard/images/cardlist/cards/green_02_02_EX02_00.png?v=20201113	field_minion	フィールド・ミニオン	green	緑	2	EX:02 幻影の剣士	7	ソード	C					
green_02_01_04_00	614	「デメテーの姉妹」シャーリー	https://www.aicarddass.com/zenonzard/images/cardlist/cards/green_02_01_04_00.png?v=20201113	field_minion	フィールド・ミニオン	green	緑	2	PC:04 FORBIDDEN	6	エルフ	C					
green_02_01_EX03_00	615	メイパロット	https://www.aicarddass.com/zenonzard/images/cardlist/cards/green_02_01_EX03_00.png?v=20201113	field_minion	フィールド・ミニオン	green	緑	2	EX:03 Battle Spirits	5	BS|ウイング	C					
green_02_01_EX04_00	616	仮面ライダーW サイクロンジョーカー	https://www.aicarddass.com/zenonzard/images/cardlist/cards/green_02_01_EX04_00.png?v=20201113	field_minion	フィールド・ミニオン	green	緑	2	EX:04 KAMEN RIDER	4	仮面	R					
green_02_01_EX04c_00	617	仮面忍 地ノ型	https://www.aicarddass.com/zenonzard/images/cardlist/cards/green_02_01_EX04c_00.png?v=20201113	field_minion	フィールド・ミニオン	green	緑	2	EX:04 HEROIC_MASQUERADE	3	仮面	R					
green_02_01_05_00	618	モルフェオ「コリー」	https://www.aicarddass.com/zenonzard/images/cardlist/cards/green_02_01_05_00.png?v=20201113	field_minion	フィールド・ミニオン	green	緑	2	PC:05 GLORY	2	モルフェオ	E					
green_02_01_05_01	619	デメテーの巫師	https://www.aicarddass.com/zenonzard/images/cardlist/cards/green_02_01_05_01.png?v=20201113	field_minion	フィールド・ミニオン	green	緑	2	PC:05 GLORY	2	エルフ|レギオン	R					
green_05_01_06_01	620	「猫の獣人団」スリーキャット	https://www.aicarddass.com/zenonzard/images/cardlist/cards/green_05_01_06_01.png?v=20201113	field_minion	フィールド・ミニオン	green	緑	2	PC:06 HELIX	1	トライブ	E					
green_02_03_01_00	621	ウォールオブエアー	https://www.aicarddass.com/zenonzard/images/cardlist/cards/green_02_03_01_00.png?v=20201113	magic	マジック	green	緑	2	PC:01 AWAKEN	14		R					
green_02_03_01r_00	622	トーンダウン	https://www.aicarddass.com/zenonzard/images/cardlist/cards/green_02_03_01r_00.png?v=20201113	magic	マジック	green	緑	2	PC:01R BEYOND	12		C					
green_02_03_02_00	623	アニマ	https://www.aicarddass.com/zenonzard/images/cardlist/cards/green_02_03_02_00.png?v=20201113	magic	マジック	green	緑	2	PC:02 CONTRACT	11		C					
green_02_03_02r_00	624	ビースト・スタンピード	https://www.aicarddass.com/zenonzard/images/cardlist/cards/green_02_03_02r_00.png?v=20201113	magic	マジック	green	緑	2	PC:02R DIVINE	10		R					
green_02_03_02c_00	625	アリスのお弁当	https://www.aicarddass.com/zenonzard/images/cardlist/cards/green_02_03_02c_00.png?v=20201113	magic	マジック	green	緑	2	EXCODE:02C SAO	9		C					
green_02_03_EX02_00	626	ランチタイム	https://www.aicarddass.com/zenonzard/images/cardlist/cards/green_02_03_EX02_00.png?v=20201113	magic	マジック	green	緑	2	EX:02 幻影の剣士	7		C					
green_02_02_04_00	627	縛壊	https://www.aicarddass.com/zenonzard/images/cardlist/cards/green_02_02_04_00.png?v=20201113	magic	マジック	green	緑	2	PC:04 FORBIDDEN	6		C					
green_02_02_04_01	628	ジャックの第2魔法：ミスト	https://www.aicarddass.com/zenonzard/images/cardlist/cards/green_02_02_04_01.png?v=20201113	magic	マジック	green	緑	2	PC:04 FORBIDDEN	6		R					
green_02_02_EX03_00	629	グラストラップ	https://www.aicarddass.com/zenonzard/images/cardlist/cards/green_02_02_EX03_00.png?v=20201113	magic	マジック	green	緑	2	EX:03 Battle Spirits	5		R					
green_02_02_EX04_00	630	ジョーカーエクストリーム	https://www.aicarddass.com/zenonzard/images/cardlist/cards/green_02_02_EX04_00.png?v=20201113	magic	マジック	green	緑	2	EX:04 KAMEN RIDER	4		E					
green_02_02_EX04c_00	631	双身撃	https://www.aicarddass.com/zenonzard/images/cardlist/cards/green_02_02_EX04c_00.png?v=20201113	magic	マジック	green	緑	2	EX:04 HEROIC_MASQUERADE	3		E					
green_04_00_06_00	632	獣人ブランベ	https://www.aicarddass.com/zenonzard/images/cardlist/cards/green_04_00_06_00.png?v=20201113	base_minion	ベース・ミニオン	green	緑	2	PC:06 HELIX	1	トライブ	R					
green_03_02_01_00	633	バリチャルグオ	https://www.aicarddass.com/zenonzard/images/cardlist/cards/green_03_02_01_00.png?v=20201113	field_minion	フィールド・ミニオン	green	緑	3	PC:01 AWAKEN	14	トライブ	C					
green_03_02_01_01	634	アパウルツォーク	https://www.aicarddass.com/zenonzard/images/cardlist/cards/green_03_02_01_01.png?v=20201113	field_minion	フィールド・ミニオン	green	緑	3	PC:01 AWAKEN	14	ツリーフォーク	C					
green_03_02_01_02	635	「導きの戦乙女」ブリジット	https://www.aicarddass.com/zenonzard/images/cardlist/cards/green_03_02_01_02.png?v=20201113	field_minion	フィールド・ミニオン	green	緑	3	PC:01 AWAKEN	14	エルフ	E					
green_03_02_00_00	636	ペルチャルシー	https://www.aicarddass.com/zenonzard/images/cardlist/cards/green_03_02_00_00.png?v=20201113	field_minion	フィールド・ミニオン	green	緑	3	ベーシック	15	ビースト	Basic					
green_03_02_01r_00	637	モルフェオ「スカーレル」	https://www.aicarddass.com/zenonzard/images/cardlist/cards/green_03_02_01r_00.png?v=20201113	field_minion	フィールド・ミニオン	green	緑	3	PC:01R BEYOND	12	モルフェオ	R					
green_03_02_02_00	638	トゥハンサピ	https://www.aicarddass.com/zenonzard/images/cardlist/cards/green_03_02_02_00.png?v=20201113	field_minion	フィールド・ミニオン	green	緑	3	PC:02 CONTRACT	11	ビースト	C					
green_03_02_02_01	639	「太陽の竜巫女」クロエ	https://www.aicarddass.com/zenonzard/images/cardlist/cards/green_03_02_02_01.png?v=20201113	field_minion	フィールド・ミニオン	green	緑	3	PC:02 CONTRACT	11	ヒューマノイド	R					
green_03_02_02r_00	640	エルフ・シャーマン	https://www.aicarddass.com/zenonzard/images/cardlist/cards/green_03_02_02r_00.png?v=20201113	field_minion	フィールド・ミニオン	green	緑	3	PC:02R DIVINE	10	エルフ	C					
green_03_02_02c_00	641	「初等練士」ロニエ	https://www.aicarddass.com/zenonzard/images/cardlist/cards/green_03_02_02c_00.png?v=20201113	field_minion	フィールド・ミニオン	green	緑	3	EXCODE:02C SAO	9	ソード	C					
green_03_01_03_00	642	グレイト・タイガー	https://www.aicarddass.com/zenonzard/images/cardlist/cards/green_03_01_03_00.png?v=20201113	field_minion	フィールド・ミニオン	green	緑	3	PC:03 EVOLVE	8	トライブ	C					
green_03_01_03_01	643	「デメテーの貴公子」アノーリオン	https://www.aicarddass.com/zenonzard/images/cardlist/cards/green_03_01_03_01.png?v=20201113	field_minion	フィールド・ミニオン	green	緑	3	PC:03 EVOLVE	8	エルフ|ソード	L					
green_03_01_03_02	644	「ラバーの召喚獣」ユグシル Lv1	https://www.aicarddass.com/zenonzard/images/cardlist/cards/green_03_01_03_02.png?v=20201113	field_minion	フィールド・ミニオン	green	緑	3	PC:03 EVOLVE	8	アルカナ	R					
green_03_01_03_03	645	「ラバーの召喚獣」ユグシル Lv2	https://www.aicarddass.com/zenonzard/images/cardlist/cards/green_03_01_03_03.png?v=20201113	field_minion	フィールド・ミニオン	green	緑	3	PC:03 EVOLVE	8	アルカナ	R					
green_03_01_03_04	646	「ラバーの召喚獣」ユグシル Lv3	https://www.aicarddass.com/zenonzard/images/cardlist/cards/green_03_01_03_04.png?v=20201113	field_minion	フィールド・ミニオン	green	緑	3	PC:03 EVOLVE	8	アルカナ	R					
green_03_02_EX02_00	647	「従者」エリゼ	https://www.aicarddass.com/zenonzard/images/cardlist/cards/green_03_02_EX02_00.png?v=20201113	field_minion	フィールド・ミニオン	green	緑	3	EX:02 幻影の剣士	7	ソード	C					
green_03_01_04_00	648	ベベレオーネ	https://www.aicarddass.com/zenonzard/images/cardlist/cards/green_03_01_04_00.png?v=20201113	field_minion	フィールド・ミニオン	green	緑	3	PC:04 FORBIDDEN	6	ビースト	C					
green_03_01_EX03_00	649	ゴクラクチョー	https://www.aicarddass.com/zenonzard/images/cardlist/cards/green_03_01_EX03_00.png?v=20201113	field_minion	フィールド・ミニオン	green	緑	3	EX:03 Battle Spirits	5	BS|ウイング	R					
green_03_01_EX03_01	650	エイプウィップ	https://www.aicarddass.com/zenonzard/images/cardlist/cards/green_03_01_EX03_01.png?v=20201113	field_minion	フィールド・ミニオン	green	緑	3	EX:03 Battle Spirits	5	BS	E					
green_03_01_EX04_00	651	仮面ライダージョーカー	https://www.aicarddass.com/zenonzard/images/cardlist/cards/green_03_01_EX04_00.png?v=20201113	field_minion	フィールド・ミニオン	green	緑	3	EX:04 KAMEN RIDER	4	仮面	E					
green_03_01_EX04_01	652	仮面ライダーW ヒートメタル	https://www.aicarddass.com/zenonzard/images/cardlist/cards/green_03_01_EX04_01.png?v=20201113	field_minion	フィールド・ミニオン	green	緑	3	EX:04 KAMEN RIDER	4	仮面	C					
green_03_01_EX04c_00	653	仮面忍 轟ノ型	https://www.aicarddass.com/zenonzard/images/cardlist/cards/green_03_01_EX04c_00.png?v=20201113	field_minion	フィールド・ミニオン	green	緑	3	EX:04 HEROIC_MASQUERADE	3	仮面	E					
green_03_01_EX04c_01	654	仮面忍 炎ノ型	https://www.aicarddass.com/zenonzard/images/cardlist/cards/green_03_01_EX04c_01.png?v=20201113	field_minion	フィールド・ミニオン	green	緑	3	EX:04 HEROIC_MASQUERADE	3	仮面	C					
green_03_01_05_00	655	獣人フォクシー	https://www.aicarddass.com/zenonzard/images/cardlist/cards/green_03_01_05_00.png?v=20201113	field_minion	フィールド・ミニオン	green	緑	3	PC:05 GLORY	2	トライブ	C					
green_05_01_06_00	656	「デメテーの守り人」クラリス	https://www.aicarddass.com/zenonzard/images/cardlist/cards/green_05_01_06_00.png?v=20201113	field_minion	フィールド・ミニオン	green	緑	3	PC:06 HELIX	1	エルフ	L					
green_03_03_00_00	657	パワーアップル	https://www.aicarddass.com/zenonzard/images/cardlist/cards/green_03_03_00_00.png?v=20201113	magic	マジック	green	緑	3	ベーシック	15		Basic					
green_03_03_01r_00	658	眠れる森の誘い	https://www.aicarddass.com/zenonzard/images/cardlist/cards/green_03_03_01r_00.png?v=20201113	magic	マジック	green	緑	3	PC:01R BEYOND	12		R					
green_03_03_02_00	659	フォレストガード	https://www.aicarddass.com/zenonzard/images/cardlist/cards/green_03_03_02_00.png?v=20201113	magic	マジック	green	緑	3	PC:02 CONTRACT	11		R					
green_03_03_02c_00	660	エンハンス・アーマメント	https://www.aicarddass.com/zenonzard/images/cardlist/cards/green_03_03_02c_00.png?v=20201113	magic	マジック	green	緑	3	EXCODE:02C SAO	9		R					
green_03_03_EX02_00	661	ソウルエンチャントメント	https://www.aicarddass.com/zenonzard/images/cardlist/cards/green_03_03_EX02_00.png?v=20201113	magic	マジック	green	緑	3	EX:02 幻影の剣士	7		R					
green_03_02_04_00	662	ジャックの第3魔法：ハーベスト	https://www.aicarddass.com/zenonzard/images/cardlist/cards/green_03_02_04_00.png?v=20201113	magic	マジック	green	緑	3	PC:04 FORBIDDEN	6		R					
green_03_02_EX04_00	663	ビッカーファイナリュージョン	https://www.aicarddass.com/zenonzard/images/cardlist/cards/green_03_02_EX04_00.png?v=20201113	magic	マジック	green	緑	3	EX:04 KAMEN RIDER	4		C					
green_03_02_EX04c_00	664	風遁 竜巻斬	https://www.aicarddass.com/zenonzard/images/cardlist/cards/green_03_02_EX04c_00.png?v=20201113	magic	マジック	green	緑	3	EX:04 HEROIC_MASQUERADE	3		C					
green_03_02_05_00	665	竜の妨害	https://www.aicarddass.com/zenonzard/images/cardlist/cards/green_03_02_05_00.png?v=20201113	magic	マジック	green	緑	3	PC:05 GLORY	2		R					
green_04_02_01_00	666	オットルーボ	https://www.aicarddass.com/zenonzard/images/cardlist/cards/green_04_02_01_00.png?v=20201113	field_minion	フィールド・ミニオン	green	緑	4	PC:01 AWAKEN	14	ビースト	C					
green_04_02_01_01	667	「神樹の守り手」ミリュイ	https://www.aicarddass.com/zenonzard/images/cardlist/cards/green_04_02_01_01.png?v=20201113	field_minion	フィールド・ミニオン	green	緑	4	PC:01 AWAKEN	14	エルフ	L					
green_04_02_02_00	668	モルフェオ「パピリオ」	https://www.aicarddass.com/zenonzard/images/cardlist/cards/green_04_02_02_00.png?v=20201113	field_minion	フィールド・ミニオン	green	緑	4	PC:02 CONTRACT	11	モルフェオ	E					
green_04_02_02r_00	669	ルサロ・ヤカール	https://www.aicarddass.com/zenonzard/images/cardlist/cards/green_04_02_02r_00.png?v=20201113	field_minion	フィールド・ミニオン	green	緑	4	PC:02R DIVINE	10	ビースト	C					
green_04_02_02r_01	670	アンジュ・ガイア	https://www.aicarddass.com/zenonzard/images/cardlist/cards/green_04_02_02r_01.png?v=20201113	field_minion	フィールド・ミニオン	green	緑	4	PC:02R DIVINE	10	デミゴッド	L					
green_04_02_02c_00	671	「上級修剣士」キリト	https://www.aicarddass.com/zenonzard/images/cardlist/cards/green_04_02_02c_00.png?v=20201113	field_minion	フィールド・ミニオン	green	緑	4	EXCODE:02C SAO	9	黒の剣士|ソード	E					
green_04_01_03_00	672	「デメテーの見習い魔法使い」ピオン	https://www.aicarddass.com/zenonzard/images/cardlist/cards/green_04_01_03_00.png?v=20201113	field_minion	フィールド・ミニオン	green	緑	4	PC:03 EVOLVE	8	エルフ|ソード	E					
green_04_01_03_01	673	「虹の魔術師」ピオン	https://www.aicarddass.com/zenonzard/images/cardlist/cards/green_04_01_03_01.png?v=20201113	field_minion	フィールド・ミニオン	green	緑	4	PC:03 EVOLVE	8	エルフ|ソード	E					
green_04_02_EX02_00	674	「森の剛刃」ソロ	https://www.aicarddass.com/zenonzard/images/cardlist/cards/green_04_02_EX02_00.png?v=20201113	field_minion	フィールド・ミニオン	green	緑	4	EX:02 幻影の剣士	7	黒の剣士|ソード	E					
green_04_01_04_00	675	「秘法の戦乙女」ブリジット	https://www.aicarddass.com/zenonzard/images/cardlist/cards/green_04_01_04_00.png?v=20201113	field_minion	フィールド・ミニオン	green	緑	4	PC:04 FORBIDDEN	6	エルフ	L					
green_04_01_04_01	676	ラーマルーボ	https://www.aicarddass.com/zenonzard/images/cardlist/cards/green_04_01_04_01.png?v=20201113	field_minion	フィールド・ミニオン	green	緑	4	PC:04 FORBIDDEN	6	ビースト	C					
green_04_01_EX03_00	677	木星神龍ノブナガード・ゼウシス	https://www.aicarddass.com/zenonzard/images/cardlist/cards/green_04_01_EX03_00.png?v=20201113	field_minion	フィールド・ミニオン	green	緑	4	EX:03 Battle Spirits	5	BS|ソード	E					
green_04_01_EX04_00	678	仮面ライダーW ルナトリガー	https://www.aicarddass.com/zenonzard/images/cardlist/cards/green_04_01_EX04_00.png?v=20201113	field_minion	フィールド・ミニオン	green	緑	4	EX:04 KAMEN RIDER	4	仮面	C					
green_04_01_EX04c_00	679	仮面忍 銃ノ型	https://www.aicarddass.com/zenonzard/images/cardlist/cards/green_04_01_EX04c_00.png?v=20201113	field_minion	フィールド・ミニオン	green	緑	4	EX:04 HEROIC_MASQUERADE	3	仮面	C					
green_04_01_05_00	680	「一角獣王」獣人キングリオン	https://www.aicarddass.com/zenonzard/images/cardlist/cards/green_04_01_05_00.png?v=20201113	field_minion	フィールド・ミニオン	green	緑	4	PC:05 GLORY	2	トライブ	L					
green_04_03_01_00	681	バインディングローズ	https://www.aicarddass.com/zenonzard/images/cardlist/cards/green_04_03_01_00.png?v=20201113	magic	マジック	green	緑	4	PC:01 AWAKEN	14		C					
green_04_03_00_00	682	導きの紋章	https://www.aicarddass.com/zenonzard/images/cardlist/cards/green_04_03_00_00.png?v=20201113	magic	マジック	green	緑	4	ベーシック	15		Basic					
green_04_02_03_00	683	射撃訓練	https://www.aicarddass.com/zenonzard/images/cardlist/cards/green_04_02_03_00.png?v=20201113	magic	マジック	green	緑	4	PC:03 EVOLVE	8		E					
green_04_02_04_00	684	ウィップの第2魔法：トリッピング	https://www.aicarddass.com/zenonzard/images/cardlist/cards/green_04_02_04_00.png?v=20201113	magic	マジック	green	緑	4	PC:04 FORBIDDEN	6		E					
green_04_02_EX03_00	685	ハンドリバース	https://www.aicarddass.com/zenonzard/images/cardlist/cards/green_04_02_EX03_00.png?v=20201113	magic	マジック	green	緑	4	EX:03 Battle Spirits	5		C					
green_04_02_EX03_01	686	ストームアタック	https://www.aicarddass.com/zenonzard/images/cardlist/cards/green_04_02_EX03_01.png?v=20201113	magic	マジック	green	緑	4	EX:03 Battle Spirits	5		E					
green_04_02_05_00	687	大獣斧 Lv2	https://www.aicarddass.com/zenonzard/images/cardlist/cards/green_04_02_05_00.png?v=20201113	magic	マジック	green	緑	4	PC:05 GLORY	2		L					
green_02_00_06_01	688	「森の幻影」獣人ギンロウ	https://www.aicarddass.com/zenonzard/images/cardlist/cards/green_02_00_06_01.png?v=20201113	base_minion	ベース・ミニオン	green	緑	4	PC:06 HELIX	1	トライブ	L					
green_05_02_01_01	689	ダルティチェロンテ	https://www.aicarddass.com/zenonzard/images/cardlist/cards/green_05_02_01_01.png?v=20201113	field_minion	フィールド・ミニオン	green	緑	5	PC:01 AWAKEN	14	ビースト	R					
green_05_02_01_00	690	モルフェオ「トイプー」	https://www.aicarddass.com/zenonzard/images/cardlist/cards/green_05_02_01_00.png?v=20201113	field_minion	フィールド・ミニオン	green	緑	5	PC:01 AWAKEN	14	モルフェオ	R					
green_05_02_00_00	691	ファーツォーク	https://www.aicarddass.com/zenonzard/images/cardlist/cards/green_05_02_00_00.png?v=20201113	field_minion	フィールド・ミニオン	green	緑	5	ベーシック	15	ツリーフォーク	Basic					
green_05_02_01r_00	692	「豊穣をもたらす者」ヴァンジャン	https://www.aicarddass.com/zenonzard/images/cardlist/cards/green_05_02_01r_00.png?v=20201113	field_minion	フィールド・ミニオン	green	緑	5	PC:01R BEYOND	12	デミゴッド	L					
green_05_02_02_00	693	「影疾走」バヤガン	https://www.aicarddass.com/zenonzard/images/cardlist/cards/green_05_02_02_00.png?v=20201113	field_minion	フィールド・ミニオン	green	緑	5	PC:02 CONTRACT	11	ビースト	R					
green_05_02_02r_00	694	「太陽の竜騎士」オリヴィア	https://www.aicarddass.com/zenonzard/images/cardlist/cards/green_05_02_02r_00.png?v=20201113	field_minion	フィールド・ミニオン	green	緑	5	PC:02R DIVINE	10	ヒューマノイド	L					
green_05_02_02c_00	695	「騎士長」ベルクーリ	https://www.aicarddass.com/zenonzard/images/cardlist/cards/green_05_02_02c_00.png?v=20201113	field_minion	フィールド・ミニオン	green	緑	5	EXCODE:02C SAO	9	ソード	R					
green_05_01_03_00	696	デメテーの射手	https://www.aicarddass.com/zenonzard/images/cardlist/cards/green_05_01_03_00.png?v=20201113	field_minion	フィールド・ミニオン	green	緑	5	PC:03 EVOLVE	8	エルフ	R					
green_05_01_03_01	697	サクラツォーク	https://www.aicarddass.com/zenonzard/images/cardlist/cards/green_05_01_03_01.png?v=20201113	field_minion	フィールド・ミニオン	green	緑	5	PC:03 EVOLVE	8	ツリーフォーク	E					
green_05_01_03_02	698	フォルミキエーレ	https://www.aicarddass.com/zenonzard/images/cardlist/cards/green_05_01_03_02.png?v=20201113	field_minion	フィールド・ミニオン	green	緑	5	PC:03 EVOLVE	8	ビースト	C					
green_05_02_EX02_00	699	ルナティック・ベアー	https://www.aicarddass.com/zenonzard/images/cardlist/cards/green_05_02_EX02_00.png?v=20201113	field_minion	フィールド・ミニオン	green	緑	5	EX:02 幻影の剣士	7	ソード	R					
green_05_01_04_00	700	「デメテーの姉妹」マーシャ	https://www.aicarddass.com/zenonzard/images/cardlist/cards/green_05_01_04_00.png?v=20201113	field_minion	フィールド・ミニオン	green	緑	5	PC:04 FORBIDDEN	6	エルフ	R					
green_05_01_05_00	701	「石鎧」アルマカーネ	https://www.aicarddass.com/zenonzard/images/cardlist/cards/green_05_01_05_00.png?v=20201113	field_minion	フィールド・ミニオン	green	緑	5	PC:05 GLORY	2	ビースト	E					
green_05_01_05_01	702	「大地の隊長」アーノルド	https://www.aicarddass.com/zenonzard/images/cardlist/cards/green_05_01_05_01.png?v=20201113	field_minion	フィールド・ミニオン	green	緑	5	PC:05 GLORY	2	レギオン	E					
green_06_01_06_00	703	獣人アキ	https://www.aicarddass.com/zenonzard/images/cardlist/cards/green_06_01_06_00.png?v=20201113	field_minion	フィールド・ミニオン	green	緑	5	PC:06 HELIX	1	トライブ	C					
green_03_01_06_00	704	モルフェオ「ジトラ」	https://www.aicarddass.com/zenonzard/images/cardlist/cards/green_03_01_06_00.png?v=20201113	field_minion	フィールド・ミニオン	green	緑	5	PC:06 HELIX	1	モルフェオ	C					
green_05_02_03_00	705	贈り物	https://www.aicarddass.com/zenonzard/images/cardlist/cards/green_05_02_03_00.png?v=20201113	magic	マジック	green	緑	5	PC:03 EVOLVE	8		R					
green_05_02_04_00	706	ウィップの第3魔法：フィニッシュブロウ	https://www.aicarddass.com/zenonzard/images/cardlist/cards/green_05_02_04_00.png?v=20201113	magic	マジック	green	緑	5	PC:04 FORBIDDEN	6		E					
green_06_02_06_00	707	バスターウルフ	https://www.aicarddass.com/zenonzard/images/cardlist/cards/green_06_02_06_00.png?v=20201113	magic	マジック	green	緑	5	PC:06 HELIX	1		R					
green_06_02_01_00	708	「鉄壁の作り手」リヤーボ	https://www.aicarddass.com/zenonzard/images/cardlist/cards/green_06_02_01_00.png?v=20201113	field_minion	フィールド・ミニオン	green	緑	6	PC:01 AWAKEN	14	エルフ	E					
green_06_02_01r_00	709	ギンゴウツォーク	https://www.aicarddass.com/zenonzard/images/cardlist/cards/green_06_02_01r_00.png?v=20201113	field_minion	フィールド・ミニオン	green	緑	6	PC:01R BEYOND	12	ツリーフォーク	R					
green_06_02_02_00	710	「風の乗り手」シルヴィー	https://www.aicarddass.com/zenonzard/images/cardlist/cards/green_06_02_02_00.png?v=20201113	field_minion	フィールド・ミニオン	green	緑	6	PC:02 CONTRACT	11	エルフ	L					
green_06_02_02r_00	711	ラクンラップ	https://www.aicarddass.com/zenonzard/images/cardlist/cards/green_06_02_02r_00.png?v=20201113	field_minion	フィールド・ミニオン	green	緑	6	PC:02R DIVINE	10	ビースト	C					
green_06_02_02r_01	712	大蔦竜アイヴィーン	https://www.aicarddass.com/zenonzard/images/cardlist/cards/green_06_02_02r_01.png?v=20201113	field_minion	フィールド・ミニオン	green	緑	6	PC:02R DIVINE	10	ドラゴン	E					
green_06_02_02c_00	713	「整合騎士」アリス	https://www.aicarddass.com/zenonzard/images/cardlist/cards/green_06_02_02c_00.png?v=20201113	field_minion	フィールド・ミニオン	green	緑	6	EXCODE:02C SAO	9	ソード	L					
green_06_01_03_00	714	「オーブの召喚獣」ムーンクイーン Lv1	https://www.aicarddass.com/zenonzard/images/cardlist/cards/green_06_01_03_00.png?v=20201113	field_minion	フィールド・ミニオン	green	緑	6	PC:03 EVOLVE	8	アルカナ	L					
green_06_01_03_01	715	「オーブの召喚獣」ムーンクイーン Lv2	https://www.aicarddass.com/zenonzard/images/cardlist/cards/green_06_01_03_01.png?v=20201113	field_minion	フィールド・ミニオン	green	緑	6	PC:03 EVOLVE	8	アルカナ	L					
green_06_01_03_02	716	「オーブの召喚獣」ムーンクイーン Lv3	https://www.aicarddass.com/zenonzard/images/cardlist/cards/green_06_01_03_02.png?v=20201113	field_minion	フィールド・ミニオン	green	緑	6	PC:03 EVOLVE	8	アルカナ	L					
green_06_02_EX02_00	717	「黄金騎士」ヴィクトリア	https://www.aicarddass.com/zenonzard/images/cardlist/cards/green_06_02_EX02_00.png?v=20201113	field_minion	フィールド・ミニオン	green	緑	6	EX:02 幻影の剣士	7	ソード	L					
green_06_01_04_00	718	黒豹の騎士	https://www.aicarddass.com/zenonzard/images/cardlist/cards/green_06_01_04_00.png?v=20201113	field_minion	フィールド・ミニオン	green	緑	6	PC:04 FORBIDDEN	6	トライブ	R					
green_06_01_04_01	719	「森の怪物」ブリガンテ	https://www.aicarddass.com/zenonzard/images/cardlist/cards/green_06_01_04_01.png?v=20201113	field_minion	フィールド・ミニオン	green	緑	6	PC:04 FORBIDDEN	6	ビースト	L					
green_06_01_EX03_00	720	星騎士ハーキュリーΩ	https://www.aicarddass.com/zenonzard/images/cardlist/cards/green_06_01_EX03_00.png?v=20201113	field_minion	フィールド・ミニオン	green	緑	6	EX:03 Battle Spirits	5	BS|ソルジャー	L					
green_05_01_EX04_00	721	仮面ライダーW ファングジョーカー	https://www.aicarddass.com/zenonzard/images/cardlist/cards/green_05_01_EX04_00.png?v=20201113	field_minion	フィールド・ミニオン	green	緑	6	EX:04 KAMEN RIDER	4	仮面	C					
green_05_01_EX04c_00	722	仮面忍 衝ノ型	https://www.aicarddass.com/zenonzard/images/cardlist/cards/green_05_01_EX04c_00.png?v=20201113	field_minion	フィールド・ミニオン	green	緑	6	EX:04 HEROIC_MASQUERADE	3	仮面	C					
green_06_01_05_00	723	チェストナットツォーク	https://www.aicarddass.com/zenonzard/images/cardlist/cards/green_06_01_05_00.png?v=20201113	field_minion	フィールド・ミニオン	green	緑	6	PC:05 GLORY	2	ツリーフォーク|レギオン	R					
green_05_01_06_02	724	「虹眼の暴れん坊」グランディ	https://www.aicarddass.com/zenonzard/images/cardlist/cards/green_05_01_06_02.png?v=20201113	field_minion	フィールド・ミニオン	green	緑	6	PC:06 HELIX	1	ビースト	E					
green_07_02_01_00	725	「愛花」アルルーナ	https://www.aicarddass.com/zenonzard/images/cardlist/cards/green_07_02_01_00.png?v=20201113	field_minion	フィールド・ミニオン	green	緑	7	PC:01 AWAKEN	14	ツリーフォーク	E					
green_07_02_00_00	726	オルサラーニョ	https://www.aicarddass.com/zenonzard/images/cardlist/cards/green_07_02_00_00.png?v=20201113	field_minion	フィールド・ミニオン	green	緑	7	ベーシック	15	ビースト	Basic					
green_07_02_01r_00	727	「秘術の御使い」アマリリア	https://www.aicarddass.com/zenonzard/images/cardlist/cards/green_07_02_01r_00.png?v=20201113	field_minion	フィールド・ミニオン	green	緑	7	PC:01R BEYOND	12	エルフ	E					
green_07_02_02r_00	728	「森獣」ガウディン	https://www.aicarddass.com/zenonzard/images/cardlist/cards/green_07_02_02r_00.png?v=20201113	field_minion	フィールド・ミニオン	green	緑	7	PC:02R DIVINE	10	ビースト	L					
green_07_02_02r_01	729	「森羅獣士」ガウディン	https://www.aicarddass.com/zenonzard/images/cardlist/cards/green_07_02_02r_01.png?v=20201113	field_minion	フィールド・ミニオン	green	緑	7	PC:02R DIVINE	10	ドラゴン|ビースト	L					
green_07_01_04_00	730	「格闘術の師」グレイフォックス	https://www.aicarddass.com/zenonzard/images/cardlist/cards/green_07_01_04_00.png?v=20201113	field_minion	フィールド・ミニオン	green	緑	7	PC:04 FORBIDDEN	6	トライブ	E					
green_07_01_04_01	731	巨蟹武神キャンサード	https://www.aicarddass.com/zenonzard/images/cardlist/cards/green_07_01_04_01.png?v=20201113	field_minion	フィールド・ミニオン	green	緑	7	PC:04 FORBIDDEN	6	BS|光導	E					
green_07_01_EX03_00	732	剣王獣ビャク・ガロウ	https://www.aicarddass.com/zenonzard/images/cardlist/cards/green_07_01_EX03_00.png?v=20201113	field_minion	フィールド・ミニオン	green	緑	7	EX:03 Battle Spirits	5	BS|ソード	E					
green_07_01_EX04_00	733	仮面ライダーW サイクロンジョーカーエクストリーム	https://www.aicarddass.com/zenonzard/images/cardlist/cards/green_07_01_EX04_00.png?v=20201113	field_minion	フィールド・ミニオン	green	緑	7	EX:04 KAMEN RIDER	4	仮面	L					
green_07_01_EX04c_00	734	仮面忍 四天ノ型	https://www.aicarddass.com/zenonzard/images/cardlist/cards/green_07_01_EX04c_00.png?v=20201113	field_minion	フィールド・ミニオン	green	緑	7	EX:04 HEROIC_MASQUERADE	3	仮面	L					
green_08_02_01_00	735	メイプルツォーク	https://www.aicarddass.com/zenonzard/images/cardlist/cards/green_08_02_01_00.png?v=20201113	field_minion	フィールド・ミニオン	green	緑	8	PC:01 AWAKEN	14	ツリーフォーク	R					
green_08_02_02_00	736	アジャクツォーク	https://www.aicarddass.com/zenonzard/images/cardlist/cards/green_08_02_02_00.png?v=20201113	field_minion	フィールド・ミニオン	green	緑	8	PC:02 CONTRACT	11	ツリーフォーク	C					
green_08_02_02r_00	737	花鳥竜プラクーリ	https://www.aicarddass.com/zenonzard/images/cardlist/cards/green_08_02_02r_00.png?v=20201113	field_minion	フィールド・ミニオン	green	緑	8	PC:02R DIVINE	10	ドラゴン	R					
green_08_02_02c_00	738	「上級修剣士」ユージオ	https://www.aicarddass.com/zenonzard/images/cardlist/cards/green_08_02_02c_00.png?v=20201113	field_minion	フィールド・ミニオン	green	緑	8	EXCODE:02C SAO	9	ソード|氷剣	L					
green_08_02_02c_01	739	「整合騎士」ユージオ	https://www.aicarddass.com/zenonzard/images/cardlist/cards/green_08_02_02c_01.png?v=20201113	field_minion	フィールド・ミニオン	green	緑	8	EXCODE:02C SAO	9	ソード|氷剣	L					
green_08_02_EX02_00	740	「氷の剣聖」カイオ	https://www.aicarddass.com/zenonzard/images/cardlist/cards/green_08_02_EX02_00.png?v=20201113	field_minion	フィールド・ミニオン	green	緑	8	EX:02 幻影の剣士	7	ソード|氷剣	L					
green_08_02_EX02_01	741	「絶対零度」カイオ	https://www.aicarddass.com/zenonzard/images/cardlist/cards/green_08_02_EX02_01.png?v=20201113	field_minion	フィールド・ミニオン	green	緑	8	EX:02 幻影の剣士	7	ソード|氷剣	L					
green_08_01_04_00	742	白羊樹神セフィロ・アリエス	https://www.aicarddass.com/zenonzard/images/cardlist/cards/green_08_01_04_00.png?v=20201113	field_minion	フィールド・ミニオン	green	緑	8	PC:04 FORBIDDEN	6	BS|光導	E					
green_08_03_02_00	743	テンタクル・エンタングル	https://www.aicarddass.com/zenonzard/images/cardlist/cards/green_08_03_02_00.png?v=20201113	magic	マジック	green	緑	8	PC:02 CONTRACT	11		E					
green_09_02_01_00	744	「千年杉」ヤクーツォーク	https://www.aicarddass.com/zenonzard/images/cardlist/cards/green_09_02_01_00.png?v=20201113	field_minion	フィールド・ミニオン	green	緑	9+	PC:01 AWAKEN	14	ツリーフォーク	L					
green_09_02_02_00	745	「太陽公」ハトト=ラキア	https://www.aicarddass.com/zenonzard/images/cardlist/cards/green_09_02_02_00.png?v=20201113	field_minion	フィールド・ミニオン	green	緑	9+	PC:02 CONTRACT	11	ドラゴン	L					
green_09_01_05_00	746	「治癒の緑龍」フォレスト	https://www.aicarddass.com/zenonzard/images/cardlist/cards/green_09_01_05_00.png?v=20201113	field_minion	フィールド・ミニオン	green	緑	9+	PC:05 GLORY	2	ドラゴン	L					
green_10_01_03_00	747	「双角樹」ツインホーンツォーク	https://www.aicarddass.com/zenonzard/images/cardlist/cards/green_10_01_03_00.png?v=20201113	field_minion	フィールド・ミニオン	green	緑	9+	PC:03 EVOLVE	8	ツリーフォーク	L					
green_10_01_EX03_00	748	天帝ホウオウガ	https://www.aicarddass.com/zenonzard/images/cardlist/cards/green_10_01_EX03_00.png?v=20201113	field_minion	フィールド・ミニオン	green	緑	9+	EX:03 Battle Spirits	5	BS|ウイング	L					
green_09_01_EX04_00	749	仮面ライダーW サイクロンジョーカーゴールドエクストリーム	https://www.aicarddass.com/zenonzard/images/cardlist/cards/green_09_01_EX04_00.png?v=20201113	field_minion	フィールド・ミニオン	green	緑	9+	EX:04 KAMEN RIDER	4	仮面	L					
green_09_01_EX04c_00	750	仮面忍 六連星ノ型	https://www.aicarddass.com/zenonzard/images/cardlist/cards/green_09_01_EX04c_00.png?v=20201113	field_minion	フィールド・ミニオン	green	緑	9+	EX:04 HEROIC_MASQUERADE	3	仮面	L					
green_02_00_06_00	751	獣人ゼブラ	https://www.aicarddass.com/zenonzard/images/cardlist/cards/green_02_00_06_00.png?v=20201113	base_minion	ベース・ミニオン	green	緑	9+	PC:06 HELIX	1	トライブ	C					
blue_00_01_EX03_00	752	戦士グスタフ	https://www.aicarddass.com/zenonzard/images/cardlist/cards/blue_00_01_EX03_00.png?v=20201113	field_minion	フィールド・ミニオン	blue	青	0	EX:03 Battle Spirits	5	BS|ゴレイム	E					
blue_00_03_02_00	753	マーフォークス・マーチ	https://www.aicarddass.com/zenonzard/images/cardlist/cards/blue_00_03_02_00.png?v=20201113	magic	マジック	blue	青	0	PC:02 CONTRACT	11		C					
blue_00_01_01_00	754	ポセイドの守護者	https://www.aicarddass.com/zenonzard/images/cardlist/cards/blue_00_01_01_00.png?v=20201113	base_minion	ベース・ミニオン	blue	青		PC:01 AWAKEN	14	マーフォーク	R					
blue_00_01_00_00	755	ポセイドの歌い手	https://www.aicarddass.com/zenonzard/images/cardlist/cards/blue_00_01_00_00.png?v=20201113	base_minion	ベース・ミニオン	blue	青		ベーシック	15	マーフォーク	Basic					
blue_00_01_01r_00	756	マーメイドの戦士	https://www.aicarddass.com/zenonzard/images/cardlist/cards/blue_00_01_01r_00.png?v=20201113	base_minion	ベース・ミニオン	blue	青		PC:01R BEYOND	12	マーフォーク	E					
blue_00_01_02_00	757	「泡精」バルボラ	https://www.aicarddass.com/zenonzard/images/cardlist/cards/blue_00_01_02_00.png?v=20201113	base_minion	ベース・ミニオン	blue	青		PC:02 CONTRACT	11	ニンフ	C					
blue_00_01_02_01	758	「波精」ヴルーヴェ	https://www.aicarddass.com/zenonzard/images/cardlist/cards/blue_00_01_02_01.png?v=20201113	base_minion	ベース・ミニオン	blue	青		PC:02 CONTRACT	11	ニンフ	E					
blue_00_01_02r_00	759	「雨精」レインディ	https://www.aicarddass.com/zenonzard/images/cardlist/cards/blue_00_01_02r_00.png?v=20201113	base_minion	ベース・ミニオン	blue	青		PC:02R DIVINE	10	ニンフ	R					
blue_00_01_02r_01	760	「珊瑚精」コラリーノ	https://www.aicarddass.com/zenonzard/images/cardlist/cards/blue_00_01_02r_01.png?v=20201113	base_minion	ベース・ミニオン	blue	青		PC:02R DIVINE	10	ニンフ	E					
blue_00_00_03_00	761	「海竜の召喚士」アクア Lv1	https://www.aicarddass.com/zenonzard/images/cardlist/cards/blue_00_00_03_00.png?v=20201113	base_minion	ベース・ミニオン	blue	青		PC:03 EVOLVE	8	エヴォーカー	R					
blue_00_00_03_01	762	「海竜の召喚士」アクア Lv2	https://www.aicarddass.com/zenonzard/images/cardlist/cards/blue_00_00_03_01.png?v=20201113	base_minion	ベース・ミニオン	blue	青		PC:03 EVOLVE	8	エヴォーカー	R					
blue_00_00_03_02	763	「海竜の召喚士」アクア Lv3	https://www.aicarddass.com/zenonzard/images/cardlist/cards/blue_00_00_03_02.png?v=20201113	base_minion	ベース・ミニオン	blue	青		PC:03 EVOLVE	8	エヴォーカー	R					
blue_00_00_03_03	764	「魔人の召喚士」ブルーナ Lv1	https://www.aicarddass.com/zenonzard/images/cardlist/cards/blue_00_00_03_03.png?v=20201113	base_minion	ベース・ミニオン	blue	青		PC:03 EVOLVE	8	エヴォーカー	L					
blue_00_00_03_04	765	「魔人の召喚士」ブルーナ Lv2	https://www.aicarddass.com/zenonzard/images/cardlist/cards/blue_00_00_03_04.png?v=20201113	base_minion	ベース・ミニオン	blue	青		PC:03 EVOLVE	8	エヴォーカー	L					
blue_00_00_03_05	766	「魔人の召喚士」ブルーナ Lv3	https://www.aicarddass.com/zenonzard/images/cardlist/cards/blue_00_00_03_05.png?v=20201113	base_minion	ベース・ミニオン	blue	青		PC:03 EVOLVE	8	エヴォーカー	L					
blue_00_00_04_00	767	「蒼の魔術師」クー	https://www.aicarddass.com/zenonzard/images/cardlist/cards/blue_00_00_04_00.png?v=20201113	base_minion	ベース・ミニオン	blue	青		PC:04 FORBIDDEN	6	エヴォーカー	R					
blue_00_00_04_01	768	「荒波の魔術師」マリン	https://www.aicarddass.com/zenonzard/images/cardlist/cards/blue_00_00_04_01.png?v=20201113	base_minion	ベース・ミニオン	blue	青		PC:04 FORBIDDEN	6	エヴォーカー	E					
blue_00_00_EX03_00	769	硯 秀斗 Lv1	https://www.aicarddass.com/zenonzard/images/cardlist/cards/blue_00_00_EX03_00.png?v=20201113	base_minion	ベース・ミニオン	blue	青	0	EX:03 Battle Spirits	5	カードバトラー	E					
blue_00_00_EX03_01	770	硯 秀斗 Lv2	https://www.aicarddass.com/zenonzard/images/cardlist/cards/blue_00_00_EX03_01.png?v=20201113	base_minion	ベース・ミニオン	blue	青	0	EX:03 Battle Spirits	5	カードバトラー	E					
blue_00_00_EX03_02	771	硯 秀斗 Lv3	https://www.aicarddass.com/zenonzard/images/cardlist/cards/blue_00_00_EX03_02.png?v=20201113	base_minion	ベース・ミニオン	blue	青	0	EX:03 Battle Spirits	5	カードバトラー	E					
blue_00_00_EX03_03	772	ギャラクシー渡辺	https://www.aicarddass.com/zenonzard/images/cardlist/cards/blue_00_00_EX03_03.png?v=20201113	base_minion	ベース・ミニオン	blue	青	0	EX:03 Battle Spirits	5	カードバトラー	R					
blue_00_00_EX03_04	773	牙皇ケルベロード	https://www.aicarddass.com/zenonzard/images/cardlist/cards/blue_00_00_EX03_04.png?v=20201113	base_minion	ベース・ミニオン	blue	青	0	EX:03 Battle Spirits	5		E					
blue_00_00_EX04_00	774	オーズドライバー	https://www.aicarddass.com/zenonzard/images/cardlist/cards/blue_00_00_EX04_00.png?v=20201113	base_minion	ベース・ミニオン	blue	青		EX:04 KAMEN RIDER	4	アイテム|仮面	E					
blue_00_00_EX04_01	775	アンク	https://www.aicarddass.com/zenonzard/images/cardlist/cards/blue_00_00_EX04_01.png?v=20201113	base_minion	ベース・ミニオン	blue	青		EX:04 KAMEN RIDER	4	仮面	R					
blue_00_00_EX04_02	776	ライドベンダー	https://www.aicarddass.com/zenonzard/images/cardlist/cards/blue_00_00_EX04_02.png?v=20201113	base_minion	ベース・ミニオン	blue	青		EX:04 KAMEN RIDER	4	アイテム|仮面	C					
blue_00_00_EX04c_00	777	トレジャーカットラス	https://www.aicarddass.com/zenonzard/images/cardlist/cards/blue_00_00_EX04c_00.png?v=20201113	base_minion	ベース・ミニオン	blue	青		EX:04 HEROIC_MASQUERADE	3	アイテム|仮面	E					
blue_00_00_EX04c_01	778	海龍のガントレット	https://www.aicarddass.com/zenonzard/images/cardlist/cards/blue_00_00_EX04c_01.png?v=20201113	base_minion	ベース・ミニオン	blue	青		EX:04 HEROIC_MASQUERADE	3	仮面	R					
blue_00_00_EX04c_02	779	ジェットファントム	https://www.aicarddass.com/zenonzard/images/cardlist/cards/blue_00_00_EX04c_02.png?v=20201113	base_minion	ベース・ミニオン	blue	青		EX:04 HEROIC_MASQUERADE	3	アイテム|仮面	C					
blue_00_00_05_00	780	裏方のタコハチ	https://www.aicarddass.com/zenonzard/images/cardlist/cards/blue_00_00_05_00.png?v=20201113	base_minion	ベース・ミニオン	blue	青		PC:05 GLORY	2	アーティスト	C					
blue_0_00_06_00	781	海賊バレル	https://www.aicarddass.com/zenonzard/images/cardlist/cards/blue_0_00_06_00.png?v=20201113	base_minion	ベース・ミニオン	blue|purple	青|紫		PC:06 HELIX	1	スプライト|モンスター	C					
blue_02_00_06_00	782	海賊ゲストフロッグ	https://www.aicarddass.com/zenonzard/images/cardlist/cards/blue_02_00_06_00.png?v=20201113	base_minion	ベース・ミニオン	blue|purple	青|紫		PC:06 HELIX	1	スプライト|モンスター	R					
blue_01_02_01_00	783	ウンディーネ	https://www.aicarddass.com/zenonzard/images/cardlist/cards/blue_01_02_01_00.png?v=20201113	field_minion	フィールド・ミニオン	blue	青	1	PC:01 AWAKEN	14	スプライト	C					
blue_01_02_02_00	784	ペンタゴナ音楽隊「見習組」	https://www.aicarddass.com/zenonzard/images/cardlist/cards/blue_01_02_02_00.png?v=20201113	field_minion	フィールド・ミニオン	blue	青	1	PC:02 CONTRACT	11	アーティスト	R					
blue_01_01_03_00	785	クラゲガール	https://www.aicarddass.com/zenonzard/images/cardlist/cards/blue_01_01_03_00.png?v=20201113	field_minion	フィールド・ミニオン	blue	青	1	PC:03 EVOLVE	8	スプライト	R					
blue_01_01_EX03_00	786	戦竜エルギニアス	https://www.aicarddass.com/zenonzard/images/cardlist/cards/blue_01_01_EX03_00.png?v=20201113	field_minion	フィールド・ミニオン	blue	青	1	EX:03 Battle Spirits	5	BS|ダイナソー	C					
blue_01_01_05_00	787	魔法サーカス団シャボン	https://www.aicarddass.com/zenonzard/images/cardlist/cards/blue_01_01_05_00.png?v=20201113	field_minion	フィールド・ミニオン	blue	青	1	PC:05 GLORY	2	アーティスト	C					
blue_03_01_06_00	788	海賊ギョジー	https://www.aicarddass.com/zenonzard/images/cardlist/cards/blue_03_01_06_00.png?v=20201113	field_minion	フィールド・ミニオン	blue|purple	青|紫	1	PC:06 HELIX	1	スプライト|モンスター	C					
blue_01_03_01r_00	789	碧の秘術書	https://www.aicarddass.com/zenonzard/images/cardlist/cards/blue_01_03_01r_00.png?v=20201113	magic	マジック	blue	青	1	PC:01R BEYOND	12		C					
blue_01_03_02r_00	790	コギト・エルゴ・スム	https://www.aicarddass.com/zenonzard/images/cardlist/cards/blue_01_03_02r_00.png?v=20201113	magic	マジック	blue	青	1	PC:02R DIVINE	10		R					
blue_01_02_04_00	791	エヴォーカー覚醒	https://www.aicarddass.com/zenonzard/images/cardlist/cards/blue_01_02_04_00.png?v=20201113	magic	マジック	blue	青	1	PC:04 FORBIDDEN	6		C					
blue_01_02_04_01	792	クーの第1魔法：フォーサイト	https://www.aicarddass.com/zenonzard/images/cardlist/cards/blue_01_02_04_01.png?v=20201113	magic	マジック	blue	青	1	PC:04 FORBIDDEN	6		R					
blue_01_02_04_02	793	マリンの第1魔法：チョイス	https://www.aicarddass.com/zenonzard/images/cardlist/cards/blue_01_02_04_02.png?v=20201113	magic	マジック	blue	青	1	PC:04 FORBIDDEN	6		E					
blue_01_02_05_00	794	マジカルパレード Lv1	https://www.aicarddass.com/zenonzard/images/cardlist/cards/blue_01_02_05_00.png?v=20201113	magic	マジック	blue	青	1	PC:05 GLORY	2		L					
blue_02_02_01_00	795	トータスマウス	https://www.aicarddass.com/zenonzard/images/cardlist/cards/blue_02_02_01_00.png?v=20201113	field_minion	フィールド・ミニオン	blue	青	2	PC:01 AWAKEN	14	ラット	C					
blue_02_02_00_00	796	ペンタゴナ音楽隊「チューバ」	https://www.aicarddass.com/zenonzard/images/cardlist/cards/blue_02_02_00_00.png?v=20201113	field_minion	フィールド・ミニオン	blue	青	2	ベーシック	15	アーティスト	Basic					
blue_02_02_00_01	797	トライホーンウォールラス	https://www.aicarddass.com/zenonzard/images/cardlist/cards/blue_02_02_00_01.png?v=20201113	field_minion	フィールド・ミニオン	blue	青	2	ベーシック	15	ビースト	Basic					
blue_02_02_01r_00	798	ウォードバイパー	https://www.aicarddass.com/zenonzard/images/cardlist/cards/blue_02_02_01r_00.png?v=20201113	field_minion	フィールド・ミニオン	blue	青	2	PC:01R BEYOND	12	シーワーム	C					
blue_02_02_01r_01	799	ペンタゴナ音楽隊「フルート」	https://www.aicarddass.com/zenonzard/images/cardlist/cards/blue_02_02_01r_01.png?v=20201113	field_minion	フィールド・ミニオン	blue	青	2	PC:01R BEYOND	12	アーティスト	R					
blue_02_02_02_00	800	ポイズンガブ	https://www.aicarddass.com/zenonzard/images/cardlist/cards/blue_02_02_02_00.png?v=20201113	field_minion	フィールド・ミニオン	blue	青	2	PC:02 CONTRACT	11	シーワーム	C					
blue_02_02_02r_00	801	マーフォーク探検隊員	https://www.aicarddass.com/zenonzard/images/cardlist/cards/blue_02_02_02r_00.png?v=20201113	field_minion	フィールド・ミニオン	blue	青	2	PC:02R DIVINE	10	マーフォーク	C					
blue_02_01_03_00	802	ポセイドのエイ乗り	https://www.aicarddass.com/zenonzard/images/cardlist/cards/blue_02_01_03_00.png?v=20201113	field_minion	フィールド・ミニオン	blue	青	2	PC:03 EVOLVE	8	マーフォーク	C					
blue_02_01_03_01	803	「アクアの召喚獣」シードラ Lv1	https://www.aicarddass.com/zenonzard/images/cardlist/cards/blue_02_01_03_01.png?v=20201113	field_minion	フィールド・ミニオン	blue	青	2	PC:03 EVOLVE	8	アルカナ	R					
blue_02_01_03_02	804	「アクアの召喚獣」シードラ Lv2	https://www.aicarddass.com/zenonzard/images/cardlist/cards/blue_02_01_03_02.png?v=20201113	field_minion	フィールド・ミニオン	blue	青	2	PC:03 EVOLVE	8	アルカナ	R					
blue_02_01_03_03	805	「アクアの召喚獣」シードラ Lv3	https://www.aicarddass.com/zenonzard/images/cardlist/cards/blue_02_01_03_03.png?v=20201113	field_minion	フィールド・ミニオン	blue	青	2	PC:03 EVOLVE	8	アルカナ	R					
blue_02_01_EX03_00	806	大地の狩人コンドラッド	https://www.aicarddass.com/zenonzard/images/cardlist/cards/blue_02_01_EX03_00.png?v=20201113	field_minion	フィールド・ミニオン	blue	青	2	EX:03 Battle Spirits	5	BS	C					
blue_02_01_EX04_00	807	仮面ライダーオーズ タトバ コンボ	https://www.aicarddass.com/zenonzard/images/cardlist/cards/blue_02_01_EX04_00.png?v=20201113	field_minion	フィールド・ミニオン	blue	青	2	EX:04 KAMEN RIDER	4	仮面	R					
blue_02_01_EX04c_00	808	「獣王」オルレアン	https://www.aicarddass.com/zenonzard/images/cardlist/cards/blue_02_01_EX04c_00.png?v=20201113	field_minion	フィールド・ミニオン	blue	青	2	EX:04 HEROIC_MASQUERADE	3	仮面	R					
blue_07_01_06_01	809	魔法サーカス団エアリアル	https://www.aicarddass.com/zenonzard/images/cardlist/cards/blue_07_01_06_01.png?v=20201113	field_minion	フィールド・ミニオン	blue	青	2	PC:06 HELIX	1	アーティスト	C					
blue_07_01_06_00	810	アイスカク	https://www.aicarddass.com/zenonzard/images/cardlist/cards/blue_07_01_06_00.png?v=20201113	field_minion	フィールド・ミニオン	blue	青	2	PC:06 HELIX	1	ビースト	C					
blue_01_01_06_00	811	海賊スカーク	https://www.aicarddass.com/zenonzard/images/cardlist/cards/blue_01_01_06_00.png?v=20201113	field_minion	フィールド・ミニオン	blue|purple	青|紫	2	PC:06 HELIX	1	スプライト|モンスター	R					
blue_02_03_01_00	812	サプライズドマジック	https://www.aicarddass.com/zenonzard/images/cardlist/cards/blue_02_03_01_00.png?v=20201113	magic	マジック	blue	青	2	PC:01 AWAKEN	14		C					
blue_02_03_01_01	813	ヴァイオレントストリーム	https://www.aicarddass.com/zenonzard/images/cardlist/cards/blue_02_03_01_01.png?v=20201113	magic	マジック	blue	青	2	PC:01 AWAKEN	14		C					
blue_02_03_00_00	814	コントロールカレント	https://www.aicarddass.com/zenonzard/images/cardlist/cards/blue_02_03_00_00.png?v=20201113	magic	マジック	blue	青	2	ベーシック	15		Basic					
blue_02_02_04_00	815	クーの第2魔法：ラウンチ	https://www.aicarddass.com/zenonzard/images/cardlist/cards/blue_02_02_04_00.png?v=20201113	magic	マジック	blue	青	2	PC:04 FORBIDDEN	6		R					
blue_07_02_06_00	816	インベイド	https://www.aicarddass.com/zenonzard/images/cardlist/cards/blue_07_02_06_00.png?v=20201113	magic	マジック	blue|purple	青|紫	2	PC:06 HELIX	1		C					
blue_02_04_00_00	817	マーフォーク・トークン	https://www.aicarddass.com/zenonzard/images/cardlist/cards/blue_02_04_00_00.png?v=20201113	token_minion	ミニオン・トークン	blue	青	2	ベーシック	15	マーフォーク	Basic					
blue_03_02_01_00	818	ウォードバイソン	https://www.aicarddass.com/zenonzard/images/cardlist/cards/blue_03_02_01_00.png?v=20201113	field_minion	フィールド・ミニオン	blue	青	3	PC:01 AWAKEN	14	シーワーム	C					
blue_03_02_01_01	819	「導きの乙姫」マリーサ	https://www.aicarddass.com/zenonzard/images/cardlist/cards/blue_03_02_01_01.png?v=20201113	field_minion	フィールド・ミニオン	blue	青	3	PC:01 AWAKEN	14	マーフォーク	E					
blue_03_02_00_00	820	ホワイトフィンドルフィン	https://www.aicarddass.com/zenonzard/images/cardlist/cards/blue_03_02_00_00.png?v=20201113	field_minion	フィールド・ミニオン	blue	青	3	ベーシック	15	ビースト	Basic					
blue_03_02_02_00	821	「顎砕の竜巫女」ソフィア	https://www.aicarddass.com/zenonzard/images/cardlist/cards/blue_03_02_02_00.png?v=20201113	field_minion	フィールド・ミニオン	blue	青	3	PC:02 CONTRACT	11	ヒューマノイド	R					
blue_03_02_02r_00	822	マーフォーク・ウェイトレス	https://www.aicarddass.com/zenonzard/images/cardlist/cards/blue_03_02_02r_00.png?v=20201113	field_minion	フィールド・ミニオン	blue	青	3	PC:02R DIVINE	10	マーフォーク	C					
blue_03_01_03_00	823	「ポセイドのウェイター」メタル	https://www.aicarddass.com/zenonzard/images/cardlist/cards/blue_03_01_03_00.png?v=20201113	field_minion	フィールド・ミニオン	blue	青	3	PC:03 EVOLVE	8	ソード|マーフォーク	E					
blue_03_01_03_01	824	「解放のギタリスト」メタル	https://www.aicarddass.com/zenonzard/images/cardlist/cards/blue_03_01_03_01.png?v=20201113	field_minion	フィールド・ミニオン	blue	青	3	PC:03 EVOLVE	8	ソード|マーフォーク	E					
blue_03_01_03_02	825	ブック・ワーム	https://www.aicarddass.com/zenonzard/images/cardlist/cards/blue_03_01_03_02.png?v=20201113	field_minion	フィールド・ミニオン	blue	青	3	PC:03 EVOLVE	8	シーワーム	E					
blue_03_01_03_03	826	虹色の妖精	https://www.aicarddass.com/zenonzard/images/cardlist/cards/blue_03_01_03_03.png?v=20201113	field_minion	フィールド・ミニオン	blue	青	3	PC:03 EVOLVE	8	スプライト	C					
blue_03_01_04_00	827	サイエンスワーム	https://www.aicarddass.com/zenonzard/images/cardlist/cards/blue_03_01_04_00.png?v=20201113	field_minion	フィールド・ミニオン	blue	青	3	PC:04 FORBIDDEN	6	シーワーム	C					
blue_03_01_04_01	828	ポセイドの魔法使い	https://www.aicarddass.com/zenonzard/images/cardlist/cards/blue_03_01_04_01.png?v=20201113	field_minion	フィールド・ミニオン	blue	青	3	PC:04 FORBIDDEN	6	マーフォーク	R					
blue_03_01_04_02	829	マジシャンズラット	https://www.aicarddass.com/zenonzard/images/cardlist/cards/blue_03_01_04_02.png?v=20201113	field_minion	フィールド・ミニオン	blue	青	3	PC:04 FORBIDDEN	6	ラット	C					
blue_03_01_EX03_00	830	MCギンガー	https://www.aicarddass.com/zenonzard/images/cardlist/cards/blue_03_01_EX03_00.png?v=20201113	field_minion	フィールド・ミニオン	blue	青	3	EX:03 Battle Spirits	5	BS	R					
blue_03_01_EX04_00	831	仮面ライダーオーズ ラトラーター コンボ	https://www.aicarddass.com/zenonzard/images/cardlist/cards/blue_03_01_EX04_00.png?v=20201113	field_minion	フィールド・ミニオン	blue	青	3	EX:04 KAMEN RIDER	4	仮面	C					
blue_03_01_EX04c_00	832	「捕食者」オルレアン	https://www.aicarddass.com/zenonzard/images/cardlist/cards/blue_03_01_EX04c_00.png?v=20201113	field_minion	フィールド・ミニオン	blue	青	3	EX:04 HEROIC_MASQUERADE	3	仮面	C					
blue_03_01_05_00	833	魔法サーカス団支配人	https://www.aicarddass.com/zenonzard/images/cardlist/cards/blue_03_01_05_00.png?v=20201113	field_minion	フィールド・ミニオン	blue	青	3	PC:05 GLORY	2	アーティスト	C					
blue_03_01_05_01	834	ペンタゴナ音楽隊「シンバル」	https://www.aicarddass.com/zenonzard/images/cardlist/cards/blue_03_01_05_01.png?v=20201113	field_minion	フィールド・ミニオン	blue	青	3	PC:05 GLORY	2	アーティスト	E					
blue_03_01_05_02	835	ブレイド・ワーム	https://www.aicarddass.com/zenonzard/images/cardlist/cards/blue_03_01_05_02.png?v=20201113	field_minion	フィールド・ミニオン	blue	青	3	PC:05 GLORY	2	シーワーム|レギオン	R					
blue_04_01_06_01	836	魔法サーカス団マンドリン	https://www.aicarddass.com/zenonzard/images/cardlist/cards/blue_04_01_06_01.png?v=20201113	field_minion	フィールド・ミニオン	blue	青	3	PC:06 HELIX	1	アーティスト|マーフォーク	C					
blue_04_01_06_02	837	海賊ウミボー	https://www.aicarddass.com/zenonzard/images/cardlist/cards/blue_04_01_06_02.png?v=20201113	field_minion	フィールド・ミニオン	blue|purple	青|紫	3	PC:06 HELIX	1	スプライト|モンスター	C					
blue_03_03_00_01	838	タイダルウェイブ	https://www.aicarddass.com/zenonzard/images/cardlist/cards/blue_03_03_00_01.png?v=20201113	magic	マジック	blue	青	3	ベーシック	15		Basic					
blue_03_03_00_00	839	ユリーカのワルツ	https://www.aicarddass.com/zenonzard/images/cardlist/cards/blue_03_03_00_00.png?v=20201113	magic	マジック	blue	青	3	ベーシック	15		Basic					
blue_03_03_01r_00	840	サプライズドポータル	https://www.aicarddass.com/zenonzard/images/cardlist/cards/blue_03_03_01r_00.png?v=20201113	magic	マジック	blue	青	3	PC:01R BEYOND	12		C					
blue_03_03_02_00	841	ソニックウェイブ	https://www.aicarddass.com/zenonzard/images/cardlist/cards/blue_03_03_02_00.png?v=20201113	magic	マジック	blue	青	3	PC:02 CONTRACT	11		R					
blue_03_02_03_00	842	食らいつき	https://www.aicarddass.com/zenonzard/images/cardlist/cards/blue_03_02_03_00.png?v=20201113	magic	マジック	blue	青	3	PC:03 EVOLVE	8		R					
blue_03_02_04_00	843	クーの第3魔法：バブルシールド	https://www.aicarddass.com/zenonzard/images/cardlist/cards/blue_03_02_04_00.png?v=20201113	magic	マジック	blue	青	3	PC:04 FORBIDDEN	6		R					
blue_03_02_04_01	844	マリンの第2魔法：ウォーターシュート	https://www.aicarddass.com/zenonzard/images/cardlist/cards/blue_03_02_04_01.png?v=20201113	magic	マジック	blue	青	3	PC:04 FORBIDDEN	6		E					
blue_03_02_EX03_00	845	マーキュリーゴブレット	https://www.aicarddass.com/zenonzard/images/cardlist/cards/blue_03_02_EX03_00.png?v=20201113	magic	マジック	blue	青	3	EX:03 Battle Spirits	5		R					
blue_03_02_EX03_01	846	ストロングドロー	https://www.aicarddass.com/zenonzard/images/cardlist/cards/blue_03_02_EX03_01.png?v=20201113	magic	マジック	blue	青	3	EX:03 Battle Spirits	5		C					
blue_03_02_EX04_00	847	タトバキック	https://www.aicarddass.com/zenonzard/images/cardlist/cards/blue_03_02_EX04_00.png?v=20201113	magic	マジック	blue	青	3	EX:04 KAMEN RIDER	4		C					
blue_03_02_EX04c_00	848	マリンアサルト	https://www.aicarddass.com/zenonzard/images/cardlist/cards/blue_03_02_EX04c_00.png?v=20201113	magic	マジック	blue	青	3	EX:04 HEROIC_MASQUERADE	3		C					
blue_03_02_05_00	849	ビックリショー	https://www.aicarddass.com/zenonzard/images/cardlist/cards/blue_03_02_05_00.png?v=20201113	magic	マジック	blue	青	3	PC:05 GLORY	2		C					
blue_04_02_01_00	850	ペンタゴナ音楽隊「ティンパニー」	https://www.aicarddass.com/zenonzard/images/cardlist/cards/blue_04_02_01_00.png?v=20201113	field_minion	フィールド・ミニオン	blue	青	4	PC:01 AWAKEN	14	アーティスト	R					
blue_04_02_02_00	851	バンド・オブ・ブラックスケイル	https://www.aicarddass.com/zenonzard/images/cardlist/cards/blue_04_02_02_00.png?v=20201113	field_minion	フィールド・ミニオン	blue	青	4	PC:02 CONTRACT	11	シーワーム	C					
blue_05_02_02_00	852	「神餐の担い手」ジューリオ	https://www.aicarddass.com/zenonzard/images/cardlist/cards/blue_05_02_02_00.png?v=20201113	field_minion	フィールド・ミニオン	blue	青	4	PC:02 CONTRACT	11	マーフォーク	L					
blue_04_02_02r_00	853	ゴールドマンボウ	https://www.aicarddass.com/zenonzard/images/cardlist/cards/blue_04_02_02r_00.png?v=20201113	field_minion	フィールド・ミニオン	blue	青	4	PC:02R DIVINE	10	モンスター	C					
blue_04_02_02r_01	854	深海竜ブライトヘッド	https://www.aicarddass.com/zenonzard/images/cardlist/cards/blue_04_02_02r_01.png?v=20201113	field_minion	フィールド・ミニオン	blue	青	4	PC:02R DIVINE	10	ドラゴン	E					
blue_04_02_02r_02	855	アンジュ・オーシャン	https://www.aicarddass.com/zenonzard/images/cardlist/cards/blue_04_02_02r_02.png?v=20201113	field_minion	フィールド・ミニオン	blue	青	4	PC:02R DIVINE	10	デミゴッド	L					
blue_04_01_03_00	856	ポセイドの仙人	https://www.aicarddass.com/zenonzard/images/cardlist/cards/blue_04_01_03_00.png?v=20201113	field_minion	フィールド・ミニオン	blue	青	4	PC:03 EVOLVE	8	マーフォーク	R					
blue_04_01_04_02	857	シーライオ	https://www.aicarddass.com/zenonzard/images/cardlist/cards/blue_04_01_04_02.png?v=20201113	field_minion	フィールド・ミニオン	blue	青	4	PC:04 FORBIDDEN	6	ビースト	C					
blue_04_01_04_00	858	「秘法の乙姫」マリーサ	https://www.aicarddass.com/zenonzard/images/cardlist/cards/blue_04_01_04_00.png?v=20201113	field_minion	フィールド・ミニオン	blue	青	4	PC:04 FORBIDDEN	6	マーフォーク	L					
blue_04_01_EX03_00	859	星海獣シー・サーペンダー	https://www.aicarddass.com/zenonzard/images/cardlist/cards/blue_04_01_EX03_00.png?v=20201113	field_minion	フィールド・ミニオン	blue	青	4	EX:03 Battle Spirits	5	BS|シーワーム	E					
blue_04_01_EX04_00	860	仮面ライダーオーズ サゴーゾ コンボ	https://www.aicarddass.com/zenonzard/images/cardlist/cards/blue_04_01_EX04_00.png?v=20201113	field_minion	フィールド・ミニオン	blue	青	4	EX:04 KAMEN RIDER	4	仮面	C					
blue_04_01_EX04c_00	861	「剛獣」オルレアン	https://www.aicarddass.com/zenonzard/images/cardlist/cards/blue_04_01_EX04c_00.png?v=20201113	field_minion	フィールド・ミニオン	blue	青	4	EX:04 HEROIC_MASQUERADE	3	仮面	C					
blue_04_01_05_00	862	「水の精霊」アクアスプライト	https://www.aicarddass.com/zenonzard/images/cardlist/cards/blue_04_01_05_00.png?v=20201113	field_minion	フィールド・ミニオン	blue	青	4	PC:05 GLORY	2	スプライト	E					
blue_02_01_06_01	863	魔法サーカス団「イリュージョニスト」シルク	https://www.aicarddass.com/zenonzard/images/cardlist/cards/blue_02_01_06_01.png?v=20201113	field_minion	フィールド・ミニオン	blue	青	4	PC:06 HELIX	1	アーティスト	L					
blue_04_01_06_03	864	海賊ガイスト	https://www.aicarddass.com/zenonzard/images/cardlist/cards/blue_04_01_06_03.png?v=20201113	field_minion	フィールド・ミニオン	blue|purple	青|紫	4	PC:06 HELIX	1	スプライト|モンスター	R					
blue_08_01_06_00	865	「海賊団のペット」クラーケ	https://www.aicarddass.com/zenonzard/images/cardlist/cards/blue_08_01_06_00.png?v=20201113	field_minion	フィールド・ミニオン	blue|purple	青|紫	4	PC:06 HELIX	1	スプライト|モンスター	E					
blue_05_01_06_00	866	海賊船「死鮫」デスシャーク号	https://www.aicarddass.com/zenonzard/images/cardlist/cards/blue_05_01_06_00.png?v=20201113	field_minion	フィールド・ミニオン	blue|purple	青|紫	4	PC:06 HELIX	1	スプライト|モンスター	E					
blue_04_03_01_00	867	革命のシンフォニー	https://www.aicarddass.com/zenonzard/images/cardlist/cards/blue_04_03_01_00.png?v=20201113	magic	マジック	blue	青	4	PC:01 AWAKEN	14		R					
blue_04_03_02r_00	868	マジックウェポン	https://www.aicarddass.com/zenonzard/images/cardlist/cards/blue_04_03_02r_00.png?v=20201113	magic	マジック	blue	青	4	PC:02R DIVINE	10		R					
blue_04_02_04_00	869	バーチェの鎖	https://www.aicarddass.com/zenonzard/images/cardlist/cards/blue_04_02_04_00.png?v=20201113	magic	マジック	blue	青	4	PC:04 FORBIDDEN	6		C					
blue_04_02_05_00	870	航行不能	https://www.aicarddass.com/zenonzard/images/cardlist/cards/blue_04_02_05_00.png?v=20201113	magic	マジック	blue	青	4	PC:05 GLORY	2		R					
blue_05_02_01_01	871	ペンタゴナ音楽隊「チェロ」	https://www.aicarddass.com/zenonzard/images/cardlist/cards/blue_05_02_01_01.png?v=20201113	field_minion	フィールド・ミニオン	blue	青	5	PC:01 AWAKEN	14	アーティスト	C					
blue_05_02_01_02	872	「マエストロ」ジェイドカラヤン	https://www.aicarddass.com/zenonzard/images/cardlist/cards/blue_05_02_01_02.png?v=20201113	field_minion	フィールド・ミニオン	blue	青	5	PC:01 AWAKEN	14	マーフォーク	L					
blue_05_02_01_00	873	「快楽の奇術師」アズール	https://www.aicarddass.com/zenonzard/images/cardlist/cards/blue_05_02_01_00.png?v=20201113	field_minion	フィールド・ミニオン	blue	青	5	PC:01 AWAKEN	14	シーワーム	E					
blue_05_02_00_00	874	「ベルカント」ピンクスカラ	https://www.aicarddass.com/zenonzard/images/cardlist/cards/blue_05_02_00_00.png?v=20201113	field_minion	フィールド・ミニオン	blue	青	5	ベーシック	15	マーフォーク	Basic					
blue_05_02_01r_00	875	アクアコブラ	https://www.aicarddass.com/zenonzard/images/cardlist/cards/blue_05_02_01r_00.png?v=20201113	field_minion	フィールド・ミニオン	blue	青	5	PC:01R BEYOND	12	シーワーム	R					
blue_05_02_02_01	876	レインボージェリー	https://www.aicarddass.com/zenonzard/images/cardlist/cards/blue_05_02_02_01.png?v=20201113	field_minion	フィールド・ミニオン	blue	青	5	PC:02 CONTRACT	11	ビースト	R					
blue_05_02_02r_00	877	「顎砕の竜騎士」セリーヌ	https://www.aicarddass.com/zenonzard/images/cardlist/cards/blue_05_02_02r_00.png?v=20201113	field_minion	フィールド・ミニオン	blue	青	5	PC:02R DIVINE	10	ヒューマノイド	L					
blue_05_01_03_00	878	「ブルーナの召喚獣」ジャイ Lv1	https://www.aicarddass.com/zenonzard/images/cardlist/cards/blue_05_01_03_00.png?v=20201113	field_minion	フィールド・ミニオン	blue	青	5	PC:03 EVOLVE	8	アルカナ	L					
blue_05_01_03_01	879	「ブルーナの召喚獣」ジャイ Lv2	https://www.aicarddass.com/zenonzard/images/cardlist/cards/blue_05_01_03_01.png?v=20201113	field_minion	フィールド・ミニオン	blue	青	5	PC:03 EVOLVE	8	アルカナ	L					
blue_05_01_03_02	880	「ブルーナの召喚獣」ジャイ Lv3	https://www.aicarddass.com/zenonzard/images/cardlist/cards/blue_05_01_03_02.png?v=20201113	field_minion	フィールド・ミニオン	blue	青	5	PC:03 EVOLVE	8	アルカナ	L					
blue_05_01_04_00	881	「波乗り」ジェニファー	https://www.aicarddass.com/zenonzard/images/cardlist/cards/blue_05_01_04_00.png?v=20201113	field_minion	フィールド・ミニオン	blue	青	5	PC:04 FORBIDDEN	6	ヒューマノイド	E					
blue_05_01_04_01	882	天蠍神騎スコル・スピア	https://www.aicarddass.com/zenonzard/images/cardlist/cards/blue_05_01_04_01.png?v=20201113	field_minion	フィールド・ミニオン	blue	青	5	PC:04 FORBIDDEN	6	BS|光導	E					
blue_05_01_EX04_00	883	仮面ライダーオーズ ガタキリバ コンボ	https://www.aicarddass.com/zenonzard/images/cardlist/cards/blue_05_01_EX04_00.png?v=20201113	field_minion	フィールド・ミニオン	blue	青	5	EX:04 KAMEN RIDER	4	仮面	C					
blue_05_01_EX04_01	884	仮面ライダーオーズ シャウタ コンボ	https://www.aicarddass.com/zenonzard/images/cardlist/cards/blue_05_01_EX04_01.png?v=20201113	field_minion	フィールド・ミニオン	blue	青	5	EX:04 KAMEN RIDER	4	仮面	C					
blue_05_01_EX04c_00	885	「千鋏」オルレアン	https://www.aicarddass.com/zenonzard/images/cardlist/cards/blue_05_01_EX04c_00.png?v=20201113	field_minion	フィールド・ミニオン	blue	青	5	EX:04 HEROIC_MASQUERADE	3	仮面	C					
blue_05_01_EX04c_01	886	「触手」オルレアン	https://www.aicarddass.com/zenonzard/images/cardlist/cards/blue_05_01_EX04c_01.png?v=20201113	field_minion	フィールド・ミニオン	blue	青	5	EX:04 HEROIC_MASQUERADE	3	仮面	C					
blue_05_01_05_00	887	魔法サーカス団テイマー	https://www.aicarddass.com/zenonzard/images/cardlist/cards/blue_05_01_05_00.png?v=20201113	field_minion	フィールド・ミニオン	blue	青	5	PC:05 GLORY	2	アーティスト	R					
blue_05_01_05_01	888	「渦の隊長」レオンハルト	https://www.aicarddass.com/zenonzard/images/cardlist/cards/blue_05_01_05_01.png?v=20201113	field_minion	フィールド・ミニオン	blue	青	5	PC:05 GLORY	2	レギオン	E					
blue_06_01_06_00	889	「海賊団副船長」シェルハザード	https://www.aicarddass.com/zenonzard/images/cardlist/cards/blue_06_01_06_00.png?v=20201113	field_minion	フィールド・ミニオン	blue|purple	青|紫	5	PC:06 HELIX	1	スプライト|モンスター	L					
blue_05_03_01r_00	890	ハウリングボイス	https://www.aicarddass.com/zenonzard/images/cardlist/cards/blue_05_03_01r_00.png?v=20201113	magic	マジック	blue	青	5	PC:01R BEYOND	12		R					
blue_05_02_03_00	891	楽しい音色	https://www.aicarddass.com/zenonzard/images/cardlist/cards/blue_05_02_03_00.png?v=20201113	magic	マジック	blue	青	5	PC:03 EVOLVE	8		E					
blue_05_02_04_00	892	マリンの第3魔法：キャンセル	https://www.aicarddass.com/zenonzard/images/cardlist/cards/blue_05_02_04_00.png?v=20201113	magic	マジック	blue	青	5	PC:04 FORBIDDEN	6		E					
blue_05_02_EX04_00	893	ロストブレイズ	https://www.aicarddass.com/zenonzard/images/cardlist/cards/blue_05_02_EX04_00.png?v=20201113	magic	マジック	blue	青	5	EX:04 KAMEN RIDER	4		E					
blue_05_02_EX04c_00	894	ディープブレス	https://www.aicarddass.com/zenonzard/images/cardlist/cards/blue_05_02_EX04c_00.png?v=20201113	magic	マジック	blue	青	5	EX:04 HEROIC_MASQUERADE	3		E					
blue_03_00_06_00	895	魔法サーカス団モギリ	https://www.aicarddass.com/zenonzard/images/cardlist/cards/blue_03_00_06_00.png?v=20201113	base_minion	ベース・ミニオン	blue	青	5	PC:06 HELIX	1	アーティスト	R					
blue_06_02_01_00	896	アクアサーペント	https://www.aicarddass.com/zenonzard/images/cardlist/cards/blue_06_02_01_00.png?v=20201113	field_minion	フィールド・ミニオン	blue	青	6	PC:01 AWAKEN	14	シーワーム	R					
blue_06_02_01r_00	897	「慈しみを降らす者」ゴールドウェザー	https://www.aicarddass.com/zenonzard/images/cardlist/cards/blue_06_02_01r_00.png?v=20201113	field_minion	フィールド・ミニオン	blue	青	6	PC:01R BEYOND	12	デミゴッド	L					
blue_06_02_02_00	898	「知の探究者」ダビド	https://www.aicarddass.com/zenonzard/images/cardlist/cards/blue_06_02_02_00.png?v=20201113	field_minion	フィールド・ミニオン	blue	青	6	PC:02 CONTRACT	11	シーワーム	E					
blue_06_02_02r_00	899	タイガーシャーク	https://www.aicarddass.com/zenonzard/images/cardlist/cards/blue_06_02_02r_00.png?v=20201113	field_minion	フィールド・ミニオン	blue	青	6	PC:02R DIVINE	10	ビースト	C					
blue_06_02_02r_01	900	大海竜シーサンダー	https://www.aicarddass.com/zenonzard/images/cardlist/cards/blue_06_02_02r_01.png?v=20201113	field_minion	フィールド・ミニオン	blue	青	6	PC:02R DIVINE	10	ドラゴン	R					
blue_06_01_03_00	901	深海の亡霊	https://www.aicarddass.com/zenonzard/images/cardlist/cards/blue_06_01_03_00.png?v=20201113	field_minion	フィールド・ミニオン	blue	青	6	PC:03 EVOLVE	8	モンスター	C					
blue_06_01_03_01	902	「ポセイドの騎士」マリア	https://www.aicarddass.com/zenonzard/images/cardlist/cards/blue_06_01_03_01.png?v=20201113	field_minion	フィールド・ミニオン	blue	青	6	PC:03 EVOLVE	8	ソード|マーフォーク	L					
blue_06_01_03_02	903	「三重槍」エスピラル	https://www.aicarddass.com/zenonzard/images/cardlist/cards/blue_06_01_03_02.png?v=20201113	field_minion	フィールド・ミニオン	blue	青	6	PC:03 EVOLVE	8	シーワーム	L					
blue_06_01_04_00	904	ペンタゴナ音楽隊「タンバリン」	https://www.aicarddass.com/zenonzard/images/cardlist/cards/blue_06_01_04_00.png?v=20201113	field_minion	フィールド・ミニオン	blue	青	6	PC:04 FORBIDDEN	6	アーティスト	R					
blue_06_01_EX03_00	905	神造巨兵オリハルコン・ゴレム	https://www.aicarddass.com/zenonzard/images/cardlist/cards/blue_06_01_EX03_00.png?v=20201113	field_minion	フィールド・ミニオン	blue	青	6	EX:03 Battle Spirits	5	BS|ゴレイム	E					
blue_06_01_EX04_00	906	仮面ライダーオーズ タジャドル コンボ	https://www.aicarddass.com/zenonzard/images/cardlist/cards/blue_06_01_EX04_00.png?v=20201113	field_minion	フィールド・ミニオン	blue	青	6	EX:04 KAMEN RIDER	4	仮面	E					
blue_06_01_EX04c_00	907	「怪鳥」オルレアン	https://www.aicarddass.com/zenonzard/images/cardlist/cards/blue_06_01_EX04c_00.png?v=20201113	field_minion	フィールド・ミニオン	blue	青	6	EX:04 HEROIC_MASQUERADE	3	仮面	E					
blue_06_01_05_00	908	魔法サーカス団「道化師」スタン	https://www.aicarddass.com/zenonzard/images/cardlist/cards/blue_06_01_05_00.png?v=20201113	field_minion	フィールド・ミニオン	blue	青	6	PC:05 GLORY	2	アーティスト	E					
blue_06_01_05_01	909	ポセイドの老戦士	https://www.aicarddass.com/zenonzard/images/cardlist/cards/blue_06_01_05_01.png?v=20201113	field_minion	フィールド・ミニオン	blue	青	6	PC:05 GLORY	2	マーフォーク|レギオン	R					
blue_0_01_06_00	910	「ポセイドの番人」グラン	https://www.aicarddass.com/zenonzard/images/cardlist/cards/blue_0_01_06_00.png?v=20201113	field_minion	フィールド・ミニオン	blue	青	6	PC:06 HELIX	1	マーフォーク	L					
blue_06_02_03_00	911	サプライズゴースト	https://www.aicarddass.com/zenonzard/images/cardlist/cards/blue_06_02_03_00.png?v=20201113	magic	マジック	blue	青	6	PC:03 EVOLVE	8		C					
blue_06_02_05_00	912	マジカルパレード Lv2	https://www.aicarddass.com/zenonzard/images/cardlist/cards/blue_06_02_05_00.png?v=20201113	magic	マジック	blue	青	6	PC:05 GLORY	2		L					
blue_05_02_06_00	913	イリュージョン	https://www.aicarddass.com/zenonzard/images/cardlist/cards/blue_05_02_06_00.png?v=20201113	magic	マジック	blue	青	6	PC:06 HELIX	1		R					
blue_07_02_01_00	914	「水の女王」ナイアス	https://www.aicarddass.com/zenonzard/images/cardlist/cards/blue_07_02_01_00.png?v=20201113	field_minion	フィールド・ミニオン	blue	青	7	PC:01 AWAKEN	14	スプライト	E					
blue_07_02_00_00	915	ウォードスネーク	https://www.aicarddass.com/zenonzard/images/cardlist/cards/blue_07_02_00_00.png?v=20201113	field_minion	フィールド・ミニオン	blue	青	7	ベーシック	15	シーワーム	Basic					
blue_07_02_02r_00	916	「波鯱」オルカ	https://www.aicarddass.com/zenonzard/images/cardlist/cards/blue_07_02_02r_00.png?v=20201113	field_minion	フィールド・ミニオン	blue	青	7	PC:02R DIVINE	10	ビースト	L					
blue_07_02_02r_01	917	「荒波鯱王」オルカ	https://www.aicarddass.com/zenonzard/images/cardlist/cards/blue_07_02_02r_01.png?v=20201113	field_minion	フィールド・ミニオン	blue	青	7	PC:02R DIVINE	10	ドラゴン|ビースト	L					
blue_07_01_EX03_00	918	巨人猟兵オライオン	https://www.aicarddass.com/zenonzard/images/cardlist/cards/blue_07_01_EX03_00.png?v=20201113	field_minion	フィールド・ミニオン	blue	青	7	EX:03 Battle Spirits	5	BS|ジャイアント	R					
blue_07_01_EX03_01	919	巨人大帝アレクサンダー	https://www.aicarddass.com/zenonzard/images/cardlist/cards/blue_07_01_EX03_01.png?v=20201113	field_minion	フィールド・ミニオン	blue	青	7	EX:03 Battle Spirits	5	BS|ジャイアント	L					
blue_07_01_EX04_00	920	仮面ライダーオーズ プトティラ コンボ	https://www.aicarddass.com/zenonzard/images/cardlist/cards/blue_07_01_EX04_00.png?v=20201113	field_minion	フィールド・ミニオン	blue	青	7	EX:04 KAMEN RIDER	4	仮面	L					
blue_07_01_EX04c_00	921	「海龍王」オルレアン	https://www.aicarddass.com/zenonzard/images/cardlist/cards/blue_07_01_EX04c_00.png?v=20201113	field_minion	フィールド・ミニオン	blue	青	7	EX:04 HEROIC_MASQUERADE	3	仮面	L					
blue_07_01_05_00	922	魔法サーカス団「トップスター」エリー	https://www.aicarddass.com/zenonzard/images/cardlist/cards/blue_07_01_05_00.png?v=20201113	field_minion	フィールド・ミニオン	blue	青	7	PC:05 GLORY	2	アーティスト	L					
blue_02_01_06_00	923	魔法サーカス団「ジャグラー」フィッシュマン	https://www.aicarddass.com/zenonzard/images/cardlist/cards/blue_02_01_06_00.png?v=20201113	field_minion	フィールド・ミニオン	blue	青	7	PC:06 HELIX	1	アーティスト	E					
blue_06_01_06_01	924	ペンタゴナ音楽隊「ゴールド・ベル」	https://www.aicarddass.com/zenonzard/images/cardlist/cards/blue_06_01_06_01.png?v=20201113	field_minion	フィールド・ミニオン	blue	青	7	PC:06 HELIX	1	アーティスト	E					
blue_7_02_06_00	925	ブラインドスポット	https://www.aicarddass.com/zenonzard/images/cardlist/cards/blue_7_02_06_00.png?v=20201113	magic	マジック	blue|purple	青|紫	7	PC:06 HELIX	1		E					
blue_08_02_01_00	926	「深海の主」アレシャンド	https://www.aicarddass.com/zenonzard/images/cardlist/cards/blue_08_02_01_00.png?v=20201113	field_minion	フィールド・ミニオン	blue	青	8	PC:01 AWAKEN	14	シーワーム	L					
blue_08_02_01_01	927	ゴールデンシール	https://www.aicarddass.com/zenonzard/images/cardlist/cards/blue_08_02_01_01.png?v=20201113	field_minion	フィールド・ミニオン	blue	青	8	PC:01 AWAKEN	14	ビースト	R					
blue_08_02_01r_00	928	「ソリスト」ローズパガニーニ	https://www.aicarddass.com/zenonzard/images/cardlist/cards/blue_08_02_01r_00.png?v=20201113	field_minion	フィールド・ミニオン	blue	青	8	PC:01R BEYOND	12	マーフォーク	E					
blue_08_01_04_00	929	「鎖姫」バーチェ	https://www.aicarddass.com/zenonzard/images/cardlist/cards/blue_08_01_04_00.png?v=20201113	field_minion	フィールド・ミニオン	blue	青	8	PC:04 FORBIDDEN	6	スプライト	L					
blue_08_01_04_01	930	天秤造神リブラ・ゴレム	https://www.aicarddass.com/zenonzard/images/cardlist/cards/blue_08_01_04_01.png?v=20201113	field_minion	フィールド・ミニオン	blue	青	8	PC:04 FORBIDDEN	6	BS|光導	E					
blue_08_01_EX03_00	931	混沌魔皇アザートゥース	https://www.aicarddass.com/zenonzard/images/cardlist/cards/blue_08_01_EX03_00.png?v=20201113	field_minion	フィールド・ミニオン	blue	青	8	EX:03 Battle Spirits	5	BS|シーワーム	L					
blue_08_01_EX03_01	932	英雄巨人タイタス	https://www.aicarddass.com/zenonzard/images/cardlist/cards/blue_08_01_EX03_01.png?v=20201113	field_minion	フィールド・ミニオン	blue	青	8	EX:03 Battle Spirits	5	BS|ジャイアント	E					
blue_08_01_EX04_00	933	仮面ライダーオーズ スーパータトバ コンボ	https://www.aicarddass.com/zenonzard/images/cardlist/cards/blue_08_01_EX04_00.png?v=20201113	field_minion	フィールド・ミニオン	blue	青	8	EX:04 KAMEN RIDER	4	仮面	L					
blue_08_01_EX04c_00	934	「波濤の覇者」オルレアン	https://www.aicarddass.com/zenonzard/images/cardlist/cards/blue_08_01_EX04c_00.png?v=20201113	field_minion	フィールド・ミニオン	blue	青	8	EX:04 HEROIC_MASQUERADE	3	仮面	L					
blue_04_01_06_00	935	「ゴースト海賊団・船長」ラミレス	https://www.aicarddass.com/zenonzard/images/cardlist/cards/blue_04_01_06_00.png?v=20201113	field_minion	フィールド・ミニオン	blue|purple	青|紫	8	PC:06 HELIX	1	スプライト|モンスター	L					
blue_09_02_02_00	936	「顎砕公」ゲレロフォン	https://www.aicarddass.com/zenonzard/images/cardlist/cards/blue_09_02_02_00.png?v=20201113	field_minion	フィールド・ミニオン	blue	青	9+	PC:02 CONTRACT	11	ドラゴン	L					
blue_09_01_05_00	937	「嵐の巨人」オーシャンストーム	https://www.aicarddass.com/zenonzard/images/cardlist/cards/blue_09_01_05_00.png?v=20201113	field_minion	フィールド・ミニオン	blue	青	9+	PC:05 GLORY	2	ジャイアント	L					
blue_010_03_02_00	938	メイルシュトローム	https://www.aicarddass.com/zenonzard/images/cardlist/cards/blue_010_03_02_00.png?v=20201113	magic	マジック	blue	青	9+	PC:02 CONTRACT	11		E					
white_00_01_04_00	939	ノーザンベアード	https://www.aicarddass.com/zenonzard/images/cardlist/cards/white_00_01_04_00.png?v=20201113	field_minion	フィールド・ミニオン	white	白	0	PC:04 FORBIDDEN	6	BS|ビースト	E					
white_00_01_01_00	940	マキナスの守護者	https://www.aicarddass.com/zenonzard/images/cardlist/cards/white_00_01_01_00.png?v=20201113	base_minion	ベース・ミニオン	white	白		PC:01 AWAKEN	14	アンドロイド	R					
white_00_01_00_00	941	マキナスの住人	https://www.aicarddass.com/zenonzard/images/cardlist/cards/white_00_01_00_00.png?v=20201113	base_minion	ベース・ミニオン	white	白		ベーシック	15	アンドロイド	Basic					
white_00_01_01r_00	942	アンドロイドの銃士	https://www.aicarddass.com/zenonzard/images/cardlist/cards/white_00_01_01r_00.png?v=20201113	base_minion	ベース・ミニオン	white	白		PC:01R BEYOND	12	アンドロイド	E					
white_00_01_02_00	943	「雪精」ホワイトスノウ	https://www.aicarddass.com/zenonzard/images/cardlist/cards/white_00_01_02_00.png?v=20201113	base_minion	ベース・ミニオン	white	白		PC:02 CONTRACT	11	ニンフ	C					
white_00_01_02_01	944	「時精」クロノラ	https://www.aicarddass.com/zenonzard/images/cardlist/cards/white_00_01_02_01.png?v=20201113	base_minion	ベース・ミニオン	white	白		PC:02 CONTRACT	11	ニンフ	E					
white_00_01_02r_00	945	「人鳥精」ペン	https://www.aicarddass.com/zenonzard/images/cardlist/cards/white_00_01_02r_00.png?v=20201113	base_minion	ベース・ミニオン	white	白		PC:02R DIVINE	10	ニンフ	R					
white_00_01_02r_01	946	「凍精」フロンネル	https://www.aicarddass.com/zenonzard/images/cardlist/cards/white_00_01_02r_01.png?v=20201113	base_minion	ベース・ミニオン	white	白		PC:02R DIVINE	10	ニンフ	E					
white_00_00_03_00	947	「氷晶の召喚士」アイシー Lv1	https://www.aicarddass.com/zenonzard/images/cardlist/cards/white_00_00_03_00.png?v=20201113	base_minion	ベース・ミニオン	white	白		PC:03 EVOLVE	8	エヴォーカー	R					
white_00_00_03_01	948	「氷晶の召喚士」アイシー Lv2	https://www.aicarddass.com/zenonzard/images/cardlist/cards/white_00_00_03_01.png?v=20201113	base_minion	ベース・ミニオン	white	白		PC:03 EVOLVE	8	エヴォーカー	R					
white_00_00_03_02	949	「氷晶の召喚士」アイシー Lv3	https://www.aicarddass.com/zenonzard/images/cardlist/cards/white_00_00_03_02.png?v=20201113	base_minion	ベース・ミニオン	white	白		PC:03 EVOLVE	8	エヴォーカー	R					
white_00_00_03_03	950	「機馬の召喚士」サラ Lv1	https://www.aicarddass.com/zenonzard/images/cardlist/cards/white_00_00_03_03.png?v=20201113	base_minion	ベース・ミニオン	white	白		PC:03 EVOLVE	8	エヴォーカー	L					
white_00_00_03_04	951	「機馬の召喚士」サラ Lv2	https://www.aicarddass.com/zenonzard/images/cardlist/cards/white_00_00_03_04.png?v=20201113	base_minion	ベース・ミニオン	white	白		PC:03 EVOLVE	8	エヴォーカー	L					
white_00_00_03_05	952	「機馬の召喚士」サラ Lv3	https://www.aicarddass.com/zenonzard/images/cardlist/cards/white_00_00_03_05.png?v=20201113	base_minion	ベース・ミニオン	white	白		PC:03 EVOLVE	8	エヴォーカー	L					
white_00_00_04_00	953	「白銀の魔術師」シル	https://www.aicarddass.com/zenonzard/images/cardlist/cards/white_00_00_04_00.png?v=20201113	base_minion	ベース・ミニオン	white	白		PC:04 FORBIDDEN	6	エヴォーカー	R					
white_00_00_04_01	954	「球体の魔術師」ロイド	https://www.aicarddass.com/zenonzard/images/cardlist/cards/white_00_00_04_01.png?v=20201113	base_minion	ベース・ミニオン	white	白		PC:04 FORBIDDEN	6	エヴォーカー	E					
white_00_00_04_02	955	月光のバローネ Lv1	https://www.aicarddass.com/zenonzard/images/cardlist/cards/white_00_00_04_02.png?v=20201113	base_minion	ベース・ミニオン	white	白		PC:04 FORBIDDEN	6	カードバトラー	E					
white_00_00_04_03	956	月光のバローネ Lv2	https://www.aicarddass.com/zenonzard/images/cardlist/cards/white_00_00_04_03.png?v=20201113	base_minion	ベース・ミニオン	white	白		PC:04 FORBIDDEN	6	カードバトラー	E					
white_00_00_04_04	957	月光のバローネ Lv3	https://www.aicarddass.com/zenonzard/images/cardlist/cards/white_00_00_04_04.png?v=20201113	base_minion	ベース・ミニオン	white	白		PC:04 FORBIDDEN	6	カードバトラー	E					
white_00_00_04_05	958	百瀬 勇貴	https://www.aicarddass.com/zenonzard/images/cardlist/cards/white_00_00_04_05.png?v=20201113	base_minion	ベース・ミニオン	white	白		PC:04 FORBIDDEN	6	カードバトラー	R					
white_00_00_04_06	959	ホーク・ブレイカー	https://www.aicarddass.com/zenonzard/images/cardlist/cards/white_00_00_04_06.png?v=20201113	base_minion	ベース・ミニオン	white	白		PC:04 FORBIDDEN	6		R					
white_00_00_04_07	960	獣装甲メガバイソン	https://www.aicarddass.com/zenonzard/images/cardlist/cards/white_00_00_04_07.png?v=20201113	base_minion	ベース・ミニオン	white	白		PC:04 FORBIDDEN	6		C					
white_00_00_EX04_00	961	アタッシュカリバー	https://www.aicarddass.com/zenonzard/images/cardlist/cards/white_00_00_EX04_00.png?v=20201113	base_minion	ベース・ミニオン	white	白		EX:04 KAMEN RIDER	4	アイテム|仮面	R					
white_00_00_EX04_01	962	飛電ゼロワンドライバー	https://www.aicarddass.com/zenonzard/images/cardlist/cards/white_00_00_EX04_01.png?v=20201113	base_minion	ベース・ミニオン	white	白		EX:04 KAMEN RIDER	4	アイテム|仮面	E					
white_00_00_EX04_02	963	ライズホッパー	https://www.aicarddass.com/zenonzard/images/cardlist/cards/white_00_00_EX04_02.png?v=20201113	base_minion	ベース・ミニオン	white	白		EX:04 KAMEN RIDER	4	アイテム|仮面	C					
white_00_00_EX04c_00	964	メカニカルアタッシュ	https://www.aicarddass.com/zenonzard/images/cardlist/cards/white_00_00_EX04c_00.png?v=20201113	base_minion	ベース・ミニオン	white	白		EX:04 HEROIC_MASQUERADE	3	アイテム|仮面	R					
white_00_00_EX04c_01	965	シールドウェポン	https://www.aicarddass.com/zenonzard/images/cardlist/cards/white_00_00_EX04c_01.png?v=20201113	base_minion	ベース・ミニオン	white	白		EX:04 HEROIC_MASQUERADE	3	アイテム|仮面	E					
white_00_00_EX04c_02	966	ロードブレイカー	https://www.aicarddass.com/zenonzard/images/cardlist/cards/white_00_00_EX04c_02.png?v=20201113	base_minion	ベース・ミニオン	white	白		EX:04 HEROIC_MASQUERADE	3	アイテム|仮面	C					
white_00_00_05_00	967	ライノブレイド	https://www.aicarddass.com/zenonzard/images/cardlist/cards/white_00_00_05_00.png?v=20201113	base_minion	ベース・ミニオン	white	白		PC:05 GLORY	2	アームズ	C					
white_00_00_05_01	968	キャノンバード	https://www.aicarddass.com/zenonzard/images/cardlist/cards/white_00_00_05_01.png?v=20201113	base_minion	ベース・ミニオン	white	白		PC:05 GLORY	2	アームズ	C					
white_0_00_06_00	969	傭兵団オペレーター	https://www.aicarddass.com/zenonzard/images/cardlist/cards/white_0_00_06_00.png?v=20201113	base_minion	ベース・ミニオン	white|green	白|緑		PC:06 HELIX	1	エルフ|ソルジャー	C					
white_02_00_06_00	970	傭兵団バンディ	https://www.aicarddass.com/zenonzard/images/cardlist/cards/white_02_00_06_00.png?v=20201113	base_minion	ベース・ミニオン	white|green	白|緑		PC:06 HELIX	1	エルフ|ソルジャー	R					
white_01_02_01_00	971	スノーラット	https://www.aicarddass.com/zenonzard/images/cardlist/cards/white_01_02_01_00.png?v=20201113	field_minion	フィールド・ミニオン	white	白	1	PC:01 AWAKEN	14	ラット	C					
white_01_02_02_00	972	アイゼンクロコ	https://www.aicarddass.com/zenonzard/images/cardlist/cards/white_01_02_02_00.png?v=20201113	field_minion	フィールド・ミニオン	white	白	1	PC:02 CONTRACT	11	ハンター	R					
white_01_01_03_00	973	エレクトロニードル	https://www.aicarddass.com/zenonzard/images/cardlist/cards/white_01_01_03_00.png?v=20201113	field_minion	フィールド・ミニオン	white	白	1	PC:03 EVOLVE	8	ハンター	R					
white_01_01_04_00	974	ザニーガン	https://www.aicarddass.com/zenonzard/images/cardlist/cards/white_01_01_04_00.png?v=20201113	field_minion	フィールド・ミニオン	white	白	1	PC:04 FORBIDDEN	6	BS	C					
white_01_01_04_01	975	イグア・バギー	https://www.aicarddass.com/zenonzard/images/cardlist/cards/white_01_01_04_01.png?v=20201113	field_minion	フィールド・ミニオン	white	白	1	PC:04 FORBIDDEN	6	BS|ハンター	C					
white_01_01_05_00	976	キャリースワン	https://www.aicarddass.com/zenonzard/images/cardlist/cards/white_01_01_05_00.png?v=20201113	field_minion	フィールド・ミニオン	white	白	1	PC:05 GLORY	2	ウイング	R					
white_03_01_06_00	977	傭兵団ショット	https://www.aicarddass.com/zenonzard/images/cardlist/cards/white_03_01_06_00.png?v=20201113	field_minion	フィールド・ミニオン	white|green	白|緑	1	PC:06 HELIX	1	エルフ|ソルジャー	C					
white_01_03_01_00	978	ロックオン	https://www.aicarddass.com/zenonzard/images/cardlist/cards/white_01_03_01_00.png?v=20201113	magic	マジック	white	白	1	PC:01 AWAKEN	14		C					
white_01_02_04_02	979	シルの第1魔法：ディフロスト	https://www.aicarddass.com/zenonzard/images/cardlist/cards/white_01_02_04_02.png?v=20201113	magic	マジック	white	白	1	PC:04 FORBIDDEN	6		R					
white_01_02_04_00	980	ロイドの第1魔法：プライヤー	https://www.aicarddass.com/zenonzard/images/cardlist/cards/white_01_02_04_00.png?v=20201113	magic	マジック	white	白	1	PC:04 FORBIDDEN	6		E					
white_01_02_05_00	981	フルアーマー Lv1	https://www.aicarddass.com/zenonzard/images/cardlist/cards/white_01_02_05_00.png?v=20201113	magic	マジック	white	白	1	PC:05 GLORY	2		L					
white_02_02_01_00	982	トレーサードーベル	https://www.aicarddass.com/zenonzard/images/cardlist/cards/white_02_02_01_00.png?v=20201113	field_minion	フィールド・ミニオン	white	白	2	PC:01 AWAKEN	14	ハンター	C					
white_02_02_00_00	983	リングラプター	https://www.aicarddass.com/zenonzard/images/cardlist/cards/white_02_02_00_00.png?v=20201113	field_minion	フィールド・ミニオン	white	白	2	ベーシック	15	ウイング	Basic					
white_02_02_00_01	984	マオルブルフ	https://www.aicarddass.com/zenonzard/images/cardlist/cards/white_02_02_00_01.png?v=20201113	field_minion	フィールド・ミニオン	white	白	2	ベーシック	15	ハンター	Basic					
white_02_02_01r_00	985	ホーリーフライ	https://www.aicarddass.com/zenonzard/images/cardlist/cards/white_02_02_01r_00.png?v=20201113	field_minion	フィールド・ミニオン	white	白	2	PC:01R BEYOND	12	ウイング	C					
white_02_02_02r_00	986	スカイ・スクイード	https://www.aicarddass.com/zenonzard/images/cardlist/cards/white_02_02_02r_00.png?v=20201113	field_minion	フィールド・ミニオン	white	白	2	PC:02R DIVINE	10	ウイング	C					
white_02_01_03_00	987	マキナスの警備員	https://www.aicarddass.com/zenonzard/images/cardlist/cards/white_02_01_03_00.png?v=20201113	field_minion	フィールド・ミニオン	white	白	2	PC:03 EVOLVE	8	アンドロイド	C					
white_02_01_04_00	988	マキナスの魔道士	https://www.aicarddass.com/zenonzard/images/cardlist/cards/white_02_01_04_00.png?v=20201113	field_minion	フィールド・ミニオン	white	白	2	PC:04 FORBIDDEN	6	アンドロイド	C					
white_02_01_04_01	989	キグナ・スワンMk-II	https://www.aicarddass.com/zenonzard/images/cardlist/cards/white_02_01_04_01.png?v=20201113	field_minion	フィールド・ミニオン	white	白	2	PC:04 FORBIDDEN	6	BS	C					
white_02_01_04_02	990	ガドファント	https://www.aicarddass.com/zenonzard/images/cardlist/cards/white_02_01_04_02.png?v=20201113	field_minion	フィールド・ミニオン	white	白	2	PC:04 FORBIDDEN	6	BS	R					
white_02_01_EX04_00	991	仮面ライダーゼロワン ライジングホッパー	https://www.aicarddass.com/zenonzard/images/cardlist/cards/white_02_01_EX04_00.png?v=20201113	field_minion	フィールド・ミニオン	white	白	2	EX:04 KAMEN RIDER	4	仮面	R					
white_02_01_EX04c_00	992	NEMS ライジング	https://www.aicarddass.com/zenonzard/images/cardlist/cards/white_02_01_EX04c_00.png?v=20201113	field_minion	フィールド・ミニオン	white	白	2	EX:04 HEROIC_MASQUERADE	3	仮面	R					
white_02_01_05_00	993	D-17 バリアード	https://www.aicarddass.com/zenonzard/images/cardlist/cards/white_02_01_05_00.png?v=20201113	field_minion	フィールド・ミニオン	white	白	2	PC:05 GLORY	2	ソルジャー	E					
white_02_01_05_01	994	マキナスの両剣	https://www.aicarddass.com/zenonzard/images/cardlist/cards/white_02_01_05_01.png?v=20201113	field_minion	フィールド・ミニオン	white	白	2	PC:05 GLORY	2	アンドロイド|レギオン	R					
white_01_01_06_00	995	傭兵団グレネ	https://www.aicarddass.com/zenonzard/images/cardlist/cards/white_01_01_06_00.png?v=20201113	field_minion	フィールド・ミニオン	white|green	白|緑	2	PC:06 HELIX	1	エルフ|ソルジャー	R					
white_02_03_00_00	996	リアクティブシールド	https://www.aicarddass.com/zenonzard/images/cardlist/cards/white_02_03_00_00.png?v=20201113	magic	マジック	white	白	2	ベーシック	15		Basic					
white_02_03_00_01	997	リプレイス	https://www.aicarddass.com/zenonzard/images/cardlist/cards/white_02_03_00_01.png?v=20201113	magic	マジック	white	白	2	ベーシック	15		Basic					
white_02_03_01r_00	998	ゾーンディフェンス	https://www.aicarddass.com/zenonzard/images/cardlist/cards/white_02_03_01r_00.png?v=20201113	magic	マジック	white	白	2	PC:01R BEYOND	12		C					
white_02_03_01r_01	999	キルコマンド	https://www.aicarddass.com/zenonzard/images/cardlist/cards/white_02_03_01r_01.png?v=20201113	magic	マジック	white	白	2	PC:01R BEYOND	12		R					
white_02_03_02r_00	1000	メタルガード	https://www.aicarddass.com/zenonzard/images/cardlist/cards/white_02_03_02r_00.png?v=20201113	magic	マジック	white	白	2	PC:02R DIVINE	10		C					
white_02_02_EX04_00	1001	ライジングインパクト	https://www.aicarddass.com/zenonzard/images/cardlist/cards/white_02_02_EX04_00.png?v=20201113	magic	マジック	white	白	2	EX:04 KAMEN RIDER	4		E					
white_02_02_EX04c_00	1002	シールドインパクト	https://www.aicarddass.com/zenonzard/images/cardlist/cards/white_02_02_EX04c_00.png?v=20201113	magic	マジック	white	白	2	EX:04 HEROIC_MASQUERADE	3		E					
white_05_02_06_00	1003	カウンター・アタック	https://www.aicarddass.com/zenonzard/images/cardlist/cards/white_05_02_06_00.png?v=20201113	magic	マジック	white	白	2	PC:06 HELIX	1		R					
white_04_02_01_01	1004	三ヵ国連合参謀長ダイスラー	https://www.aicarddass.com/zenonzard/images/cardlist/cards/white_04_02_01_01.png?v=20201113	field_minion	フィールド・ミニオン	white	白	3	PC:01 AWAKEN	14	アンドロイド	L					
white_03_02_01_00	1005	「導きの機婦人」オードリー	https://www.aicarddass.com/zenonzard/images/cardlist/cards/white_03_02_01_00.png?v=20201113	field_minion	フィールド・ミニオン	white	白	3	PC:01 AWAKEN	14	アンドロイド	E					
white_03_02_00_00	1006	R-B7 クラビオン	https://www.aicarddass.com/zenonzard/images/cardlist/cards/white_03_02_00_00.png?v=20201113	field_minion	フィールド・ミニオン	white	白	3	ベーシック	15	ソルジャー	Basic					
white_03_02_01r_00	1007	リカオニードル	https://www.aicarddass.com/zenonzard/images/cardlist/cards/white_03_02_01r_00.png?v=20201113	field_minion	フィールド・ミニオン	white	白	3	PC:01R BEYOND	12	ハンター	R					
white_03_02_02_00	1008	R-A7 ラハルコフ	https://www.aicarddass.com/zenonzard/images/cardlist/cards/white_03_02_02_00.png?v=20201113	field_minion	フィールド・ミニオン	white	白	3	PC:02 CONTRACT	11	ソルジャー	C					
white_03_02_02_01	1009	「氷原の竜巫女」マチルダ	https://www.aicarddass.com/zenonzard/images/cardlist/cards/white_03_02_02_01.png?v=20201113	field_minion	フィールド・ミニオン	white	白	3	PC:02 CONTRACT	11	ヒューマノイド	R					
white_03_02_02r_00	1010	工兵型ロイド・パーヴェル	https://www.aicarddass.com/zenonzard/images/cardlist/cards/white_03_02_02r_00.png?v=20201113	field_minion	フィールド・ミニオン	white	白	3	PC:02R DIVINE	10	アンドロイド	C					
white_03_01_03_00	1011	「アイシーの召喚獣」フリズリー Lv1	https://www.aicarddass.com/zenonzard/images/cardlist/cards/white_03_01_03_00.png?v=20201113	field_minion	フィールド・ミニオン	white	白	3	PC:03 EVOLVE	8	アルカナ	R					
white_03_01_03_01	1012	「アイシーの召喚獣」フリズリー Lv2	https://www.aicarddass.com/zenonzard/images/cardlist/cards/white_03_01_03_01.png?v=20201113	field_minion	フィールド・ミニオン	white	白	3	PC:03 EVOLVE	8	アルカナ	R					
white_03_01_03_02	1013	「アイシーの召喚獣」フリズリー Lv3	https://www.aicarddass.com/zenonzard/images/cardlist/cards/white_03_01_03_02.png?v=20201113	field_minion	フィールド・ミニオン	white	白	3	PC:03 EVOLVE	8	アルカナ	R					
white_03_01_04_00	1014	パトロール・ドローン	https://www.aicarddass.com/zenonzard/images/cardlist/cards/white_03_01_04_00.png?v=20201113	field_minion	フィールド・ミニオン	white	白	3	PC:04 FORBIDDEN	6	ウイング	C					
white_03_01_04_01	1015	ジェット・カバン	https://www.aicarddass.com/zenonzard/images/cardlist/cards/white_03_01_04_01.png?v=20201113	field_minion	フィールド・ミニオン	white	白	3	PC:04 FORBIDDEN	6	ハンター	R					
white_03_01_04_02	1016	ドルフィング	https://www.aicarddass.com/zenonzard/images/cardlist/cards/white_03_01_04_02.png?v=20201113	field_minion	フィールド・ミニオン	white	白	3	PC:04 FORBIDDEN	6	BS	R					
white_03_01_EX04_00	1017	仮面ライダーゼロワン フライングファルコン	https://www.aicarddass.com/zenonzard/images/cardlist/cards/white_03_01_EX04_00.png?v=20201113	field_minion	フィールド・ミニオン	white	白	3	EX:04 KAMEN RIDER	4	仮面	C					
white_03_01_EX04_01	1018	仮面ライダーゼロワン バイティングシャーク	https://www.aicarddass.com/zenonzard/images/cardlist/cards/white_03_01_EX04_01.png?v=20201113	field_minion	フィールド・ミニオン	white	白	3	EX:04 KAMEN RIDER	4	仮面	C					
white_03_01_EX04c_00	1019	NEMS フライング	https://www.aicarddass.com/zenonzard/images/cardlist/cards/white_03_01_EX04c_00.png?v=20201113	field_minion	フィールド・ミニオン	white	白	3	EX:04 HEROIC_MASQUERADE	3	仮面	C					
white_03_01_EX04c_01	1020	NEMS マリーン	https://www.aicarddass.com/zenonzard/images/cardlist/cards/white_03_01_EX04c_01.png?v=20201113	field_minion	フィールド・ミニオン	white	白	3	EX:04 HEROIC_MASQUERADE	3	仮面	C					
white_03_01_05_00	1021	D-06 ランチャーボット	https://www.aicarddass.com/zenonzard/images/cardlist/cards/white_03_01_05_00.png?v=20201113	field_minion	フィールド・ミニオン	white	白	3	PC:05 GLORY	2	ソルジャー	C					
white_03_01_05_01	1022	「銀の隊長」リーナ	https://www.aicarddass.com/zenonzard/images/cardlist/cards/white_03_01_05_01.png?v=20201113	field_minion	フィールド・ミニオン	white	白	3	PC:05 GLORY	2	レギオン	E					
white_04_01_06_02	1023	傭兵団アルガ	https://www.aicarddass.com/zenonzard/images/cardlist/cards/white_04_01_06_02.png?v=20201113	field_minion	フィールド・ミニオン	white|green	白|緑	3	PC:06 HELIX	1	エルフ|ソルジャー	R					
white_03_03_01_00	1024	リファイン	https://www.aicarddass.com/zenonzard/images/cardlist/cards/white_03_03_01_00.png?v=20201113	magic	マジック	white	白	3	PC:01 AWAKEN	14		C					
white_03_03_00_00	1025	ビームスマッシャー	https://www.aicarddass.com/zenonzard/images/cardlist/cards/white_03_03_00_00.png?v=20201113	magic	マジック	white	白	3	ベーシック	15		Basic					
white_03_03_02_00	1026	ムービングシールド	https://www.aicarddass.com/zenonzard/images/cardlist/cards/white_03_03_02_00.png?v=20201113	magic	マジック	white	白	3	PC:02 CONTRACT	11		R					
white_03_02_03_00	1027	メンテナンス	https://www.aicarddass.com/zenonzard/images/cardlist/cards/white_03_02_03_00.png?v=20201113	magic	マジック	white	白	3	PC:03 EVOLVE	8		C					
white_03_02_03_01	1028	挟み撃ち	https://www.aicarddass.com/zenonzard/images/cardlist/cards/white_03_02_03_01.png?v=20201113	magic	マジック	white	白	3	PC:03 EVOLVE	8		R					
white_03_02_04_03	1029	シルの第2魔法：アイスアーマー	https://www.aicarddass.com/zenonzard/images/cardlist/cards/white_03_02_04_03.png?v=20201113	magic	マジック	white	白	3	PC:04 FORBIDDEN	6		R					
white_03_02_04_04	1030	シルの第3魔法：フリーズ	https://www.aicarddass.com/zenonzard/images/cardlist/cards/white_03_02_04_04.png?v=20201113	magic	マジック	white	白	3	PC:04 FORBIDDEN	6		R					
white_03_02_04_05	1031	ロイドの第2魔法：リフレッシュライト	https://www.aicarddass.com/zenonzard/images/cardlist/cards/white_03_02_04_05.png?v=20201113	magic	マジック	white	白	3	PC:04 FORBIDDEN	6		E					
white_03_02_04_00	1032	インビジブルクローク	https://www.aicarddass.com/zenonzard/images/cardlist/cards/white_03_02_04_00.png?v=20201113	magic	マジック	white	白	3	PC:04 FORBIDDEN	6		C					
white_03_02_05_00	1033	エネルギー供給	https://www.aicarddass.com/zenonzard/images/cardlist/cards/white_03_02_05_00.png?v=20201113	magic	マジック	white	白	3	PC:05 GLORY	2		E					
white_04_02_06_00	1034	バリア装置	https://www.aicarddass.com/zenonzard/images/cardlist/cards/white_04_02_06_00.png?v=20201113	magic	マジック	white|green	白|緑	3	PC:06 HELIX	1		C					
white_04_02_01_00	1035	D-13 ホーリークエイド	https://www.aicarddass.com/zenonzard/images/cardlist/cards/white_04_02_01_00.png?v=20201113	field_minion	フィールド・ミニオン	white	白	4	PC:01 AWAKEN	14	ソルジャー	R					
white_04_02_01r_00	1036	R-A6 フォーゲルバイン	https://www.aicarddass.com/zenonzard/images/cardlist/cards/white_04_02_01r_00.png?v=20201113	field_minion	フィールド・ミニオン	white	白	4	PC:01R BEYOND	12	ソルジャー	R					
white_04_02_02_00	1037	殲滅試験型ロイド・アポステル	https://www.aicarddass.com/zenonzard/images/cardlist/cards/white_04_02_02_00.png?v=20201113	field_minion	フィールド・ミニオン	white	白	4	PC:02 CONTRACT	11	アンドロイド	L					
white_04_02_02_01	1038	R-A4 ヴォーギン	https://www.aicarddass.com/zenonzard/images/cardlist/cards/white_04_02_02_01.png?v=20201113	field_minion	フィールド・ミニオン	white	白	4	PC:02 CONTRACT	11	ソルジャー	C					
white_04_02_02r_00	1039	アンジュ・アームズ	https://www.aicarddass.com/zenonzard/images/cardlist/cards/white_04_02_02r_00.png?v=20201113	field_minion	フィールド・ミニオン	white	白	4	PC:02R DIVINE	10	デミゴッド	L					
white_04_02_02r_01	1040	シュツルム・ファルケ	https://www.aicarddass.com/zenonzard/images/cardlist/cards/white_04_02_02r_01.png?v=20201113	field_minion	フィールド・ミニオン	white	白	4	PC:02R DIVINE	10	ウイング	C					
white_04_02_02r_02	1041	白機竜リングヘッド	https://www.aicarddass.com/zenonzard/images/cardlist/cards/white_04_02_02r_02.png?v=20201113	field_minion	フィールド・ミニオン	white	白	4	PC:02R DIVINE	10	ドラゴン	R					
white_04_01_03_02	1042	「マキナスの市民」フェイス	https://www.aicarddass.com/zenonzard/images/cardlist/cards/white_04_01_03_02.png?v=20201113	field_minion	フィールド・ミニオン	white	白	4	PC:03 EVOLVE	8	アンドロイド|ソード	E					
white_04_01_03_03	1043	「市民の警衛」フェイス	https://www.aicarddass.com/zenonzard/images/cardlist/cards/white_04_01_03_03.png?v=20201113	field_minion	フィールド・ミニオン	white	白	4	PC:03 EVOLVE	8	アンドロイド|ソード	E					
white_04_01_03_00	1044	キャタピレーラー	https://www.aicarddass.com/zenonzard/images/cardlist/cards/white_04_01_03_00.png?v=20201113	field_minion	フィールド・ミニオン	white	白	4	PC:03 EVOLVE	8	ハンター	E					
white_04_01_04_00	1045	剣馬グラニム	https://www.aicarddass.com/zenonzard/images/cardlist/cards/white_04_01_04_00.png?v=20201113	field_minion	フィールド・ミニオン	white	白	4	PC:04 FORBIDDEN	6	BS	R					
white_04_01_EX04_00	1046	仮面ライダーゼロワン フレイミングタイガー	https://www.aicarddass.com/zenonzard/images/cardlist/cards/white_04_01_EX04_00.png?v=20201113	field_minion	フィールド・ミニオン	white	白	4	EX:04 KAMEN RIDER	4	仮面	C					
white_04_01_EX04c_00	1047	NEMS クロウ	https://www.aicarddass.com/zenonzard/images/cardlist/cards/white_04_01_EX04c_00.png?v=20201113	field_minion	フィールド・ミニオン	white	白	4	EX:04 HEROIC_MASQUERADE	3	仮面	C					
white_04_01_05_00	1048	D-15 チェンソール	https://www.aicarddass.com/zenonzard/images/cardlist/cards/white_04_01_05_00.png?v=20201113	field_minion	フィールド・ミニオン	white	白	4	PC:05 GLORY	2	ソルジャー	C					
white_04_01_05_01	1049	ブラック・レオパルド	https://www.aicarddass.com/zenonzard/images/cardlist/cards/white_04_01_05_01.png?v=20201113	field_minion	フィールド・ミニオン	white	白	4	PC:05 GLORY	2	ハンター|レギオン	R					
white_05_01_06_00	1050	D-16 シールドウォール	https://www.aicarddass.com/zenonzard/images/cardlist/cards/white_05_01_06_00.png?v=20201113	field_minion	フィールド・ミニオン	white	白	4	PC:06 HELIX	1	ソルジャー	C					
white_05_01_06_01	1051	D-12 ライフルグレイ	https://www.aicarddass.com/zenonzard/images/cardlist/cards/white_05_01_06_01.png?v=20201113	field_minion	フィールド・ミニオン	white	白	4	PC:06 HELIX	1	ソルジャー	E					
white_04_01_06_03	1052	傭兵団ヘヴィ	https://www.aicarddass.com/zenonzard/images/cardlist/cards/white_04_01_06_03.png?v=20201113	field_minion	フィールド・ミニオン	white|green	白|緑	4	PC:06 HELIX	1	エルフ|ソルジャー	C					
white_07_01_06_00	1053	傭兵団「防衛隊長」フェン	https://www.aicarddass.com/zenonzard/images/cardlist/cards/white_07_01_06_00.png?v=20201113	field_minion	フィールド・ミニオン	white|green	白|緑	4	PC:06 HELIX	1	エルフ|ソルジャー	E					
white_05_01_06_02	1054	傭兵団「暴れ馬」ジョッキー	https://www.aicarddass.com/zenonzard/images/cardlist/cards/white_05_01_06_02.png?v=20201113	field_minion	フィールド・ミニオン	white|green	白|緑	4	PC:06 HELIX	1	エルフ|ソルジャー	E					
white_04_03_01r_00	1055	ディメンジョナルクラック	https://www.aicarddass.com/zenonzard/images/cardlist/cards/white_04_03_01r_00.png?v=20201113	magic	マジック	white	白	4	PC:01R BEYOND	12		C					
white_04_03_02_00	1056	オプションパーツ	https://www.aicarddass.com/zenonzard/images/cardlist/cards/white_04_03_02_00.png?v=20201113	magic	マジック	white	白	4	PC:02 CONTRACT	11		C					
white_04_02_04_00	1057	チームアーマー	https://www.aicarddass.com/zenonzard/images/cardlist/cards/white_04_02_04_00.png?v=20201113	magic	マジック	white	白	4	PC:04 FORBIDDEN	6		C					
white_04_02_04_01	1058	ロイドの第3魔法：バニッシュ	https://www.aicarddass.com/zenonzard/images/cardlist/cards/white_04_02_04_01.png?v=20201113	magic	マジック	white	白	4	PC:04 FORBIDDEN	6		E					
white_04_02_04_02	1059	サイレントウォール	https://www.aicarddass.com/zenonzard/images/cardlist/cards/white_04_02_04_02.png?v=20201113	magic	マジック	white	白	4	PC:04 FORBIDDEN	6		C					
white_04_02_EX04_00	1060	ブレイキングインパクト	https://www.aicarddass.com/zenonzard/images/cardlist/cards/white_04_02_EX04_00.png?v=20201113	magic	マジック	white	白	4	EX:04 KAMEN RIDER	4		C					
white_04_02_EX04c_00	1061	フルブレイカー	https://www.aicarddass.com/zenonzard/images/cardlist/cards/white_04_02_EX04c_00.png?v=20201113	magic	マジック	white	白	4	EX:04 HEROIC_MASQUERADE	3		C					
white_04_02_05_00	1062	インターセプト	https://www.aicarddass.com/zenonzard/images/cardlist/cards/white_04_02_05_00.png?v=20201113	magic	マジック	white	白	4	PC:05 GLORY	2		R					
white_04_02_05_01	1063	フルアーマー Lv2	https://www.aicarddass.com/zenonzard/images/cardlist/cards/white_04_02_05_01.png?v=20201113	magic	マジック	white	白	4	PC:05 GLORY	2		L					
white_02_02_06_00	1064	リバーサルフレア	https://www.aicarddass.com/zenonzard/images/cardlist/cards/white_02_02_06_00.png?v=20201113	magic	マジック	white|green	白|緑	4	PC:06 HELIX	1		E					
white_05_00_06_00	1065	ロートヴァイス	https://www.aicarddass.com/zenonzard/images/cardlist/cards/white_05_00_06_00.png?v=20201113	base_minion	ベース・ミニオン	white	白	4	PC:06 HELIX	1	アームズ	R					
white_05_02_01_00	1066	キルジャガード	https://www.aicarddass.com/zenonzard/images/cardlist/cards/white_05_02_01_00.png?v=20201113	field_minion	フィールド・ミニオン	white	白	5	PC:01 AWAKEN	14	ハンター	C					
white_05_02_00_00	1067	指揮型ロイド・ゲルト（ドームシールド装備Ver.）	https://www.aicarddass.com/zenonzard/images/cardlist/cards/white_05_02_00_00.png?v=20201113	field_minion	フィールド・ミニオン	white	白	5	ベーシック	15	アンドロイド	Basic					
white_05_02_02_00	1068	狙撃型ロイド・イワン	https://www.aicarddass.com/zenonzard/images/cardlist/cards/white_05_02_02_00.png?v=20201113	field_minion	フィールド・ミニオン	white	白	5	PC:02 CONTRACT	11	アンドロイド	R					
white_05_02_02r_00	1069	「氷原の竜騎士」ジョリー	https://www.aicarddass.com/zenonzard/images/cardlist/cards/white_05_02_02r_00.png?v=20201113	field_minion	フィールド・ミニオン	white	白	5	PC:02R DIVINE	10	ヒューマノイド	L					
white_05_01_03_00	1070	ホワイトファルコン	https://www.aicarddass.com/zenonzard/images/cardlist/cards/white_05_01_03_00.png?v=20201113	field_minion	フィールド・ミニオン	white	白	5	PC:03 EVOLVE	8	ウイング	C					
white_05_01_03_01	1071	「マキナスの機人侍」シュナイデン	https://www.aicarddass.com/zenonzard/images/cardlist/cards/white_05_01_03_01.png?v=20201113	field_minion	フィールド・ミニオン	white	白	5	PC:03 EVOLVE	8	アンドロイド|ソード	L					
white_05_01_04_03	1072	マキナスの傭兵	https://www.aicarddass.com/zenonzard/images/cardlist/cards/white_05_01_04_03.png?v=20201113	field_minion	フィールド・ミニオン	white	白	5	PC:04 FORBIDDEN	6	アンドロイド	R					
white_05_01_04_04	1073	ワルキューレ・ミスト	https://www.aicarddass.com/zenonzard/images/cardlist/cards/white_05_01_04_04.png?v=20201113	field_minion	フィールド・ミニオン	white	白	5	PC:04 FORBIDDEN	6	BS	E					
white_05_01_04_00	1074	天王神獣スレイ・ウラノス	https://www.aicarddass.com/zenonzard/images/cardlist/cards/white_05_01_04_00.png?v=20201113	field_minion	フィールド・ミニオン	white	白	5	PC:04 FORBIDDEN	6	BS	E					
white_05_01_EX04_00	1075	仮面ライダーゼロワン シャイニングホッパー	https://www.aicarddass.com/zenonzard/images/cardlist/cards/white_05_01_EX04_00.png?v=20201113	field_minion	フィールド・ミニオン	white	白	5	EX:04 KAMEN RIDER	4	仮面	C					
white_05_01_EX04_01	1076	仮面ライダーゼロワン フリージングベアー	https://www.aicarddass.com/zenonzard/images/cardlist/cards/white_05_01_EX04_01.png?v=20201113	field_minion	フィールド・ミニオン	white	白	5	EX:04 KAMEN RIDER	4	仮面	C					
white_05_01_EX04c_00	1077	NEMS シールド	https://www.aicarddass.com/zenonzard/images/cardlist/cards/white_05_01_EX04c_00.png?v=20201113	field_minion	フィールド・ミニオン	white	白	5	EX:04 HEROIC_MASQUERADE	3	仮面	C					
white_05_01_EX04c_01	1078	NEMS キャノン	https://www.aicarddass.com/zenonzard/images/cardlist/cards/white_05_01_EX04c_01.png?v=20201113	field_minion	フィールド・ミニオン	white	白	5	EX:04 HEROIC_MASQUERADE	3	仮面	C					
white_05_01_05_00	1079	D-11 ダークガンナー	https://www.aicarddass.com/zenonzard/images/cardlist/cards/white_05_01_05_00.png?v=20201113	field_minion	フィールド・ミニオン	white	白	5	PC:05 GLORY	2	ソルジャー	E					
white_04_01_06_00	1080	D-10 ガンウェイブ	https://www.aicarddass.com/zenonzard/images/cardlist/cards/white_04_01_06_00.png?v=20201113	field_minion	フィールド・ミニオン	white	白	5	PC:06 HELIX	1	ソルジャー	C					
white_04_01_06_01	1081	「赤の災厄」D-04 レッドアイ	https://www.aicarddass.com/zenonzard/images/cardlist/cards/white_04_01_06_01.png?v=20201113	field_minion	フィールド・ミニオン	white	白	5	PC:06 HELIX	1	ソルジャー	L					
white_06_01_06_00	1082	アイヒヘルーネ	https://www.aicarddass.com/zenonzard/images/cardlist/cards/white_06_01_06_00.png?v=20201113	field_minion	フィールド・ミニオン	white	白	5	PC:06 HELIX	1	ハンター	C					
white_04_01_06_04	1083	傭兵団「壊し屋」マルチ	https://www.aicarddass.com/zenonzard/images/cardlist/cards/white_04_01_06_04.png?v=20201113	field_minion	フィールド・ミニオン	white|green	白|緑	5	PC:06 HELIX	1	エルフ|ソルジャー	L					
white_05_03_01_00	1084	サテライトビーム	https://www.aicarddass.com/zenonzard/images/cardlist/cards/white_05_03_01_00.png?v=20201113	magic	マジック	white	白	5	PC:01 AWAKEN	14		R					
white_05_03_02r_00	1085	オートメイカー	https://www.aicarddass.com/zenonzard/images/cardlist/cards/white_05_03_02r_00.png?v=20201113	magic	マジック	white	白	5	PC:02R DIVINE	10		R					
white_06_02_01_02	1086	D-08 アックスバイター	https://www.aicarddass.com/zenonzard/images/cardlist/cards/white_06_02_01_02.png?v=20201113	field_minion	フィールド・ミニオン	white	白	6	PC:01 AWAKEN	14	ソルジャー	C					
white_06_02_01_00	1087	ブラックジャガード	https://www.aicarddass.com/zenonzard/images/cardlist/cards/white_06_02_01_00.png?v=20201113	field_minion	フィールド・ミニオン	white	白	6	PC:01 AWAKEN	14	ハンター	R					
white_06_02_01_01	1088	戦闘型ロイド・ベルダ Mk4（双剣装備Ver.）	https://www.aicarddass.com/zenonzard/images/cardlist/cards/white_06_02_01_01.png?v=20201113	field_minion	フィールド・ミニオン	white	白	6	PC:01 AWAKEN	14	アンドロイド	E					
white_06_02_00_00	1089	R-A3 ランドザイム	https://www.aicarddass.com/zenonzard/images/cardlist/cards/white_06_02_00_00.png?v=20201113	field_minion	フィールド・ミニオン	white	白	6	ベーシック	15	ソルジャー	Basic					
white_06_02_01r_00	1090	「那由多に届く者」ヘルデューク	https://www.aicarddass.com/zenonzard/images/cardlist/cards/white_06_02_01r_00.png?v=20201113	field_minion	フィールド・ミニオン	white	白	6	PC:01R BEYOND	12	デミゴッド	L					
white_06_02_02_00	1091	カノーネン・ティーゲル	https://www.aicarddass.com/zenonzard/images/cardlist/cards/white_06_02_02_00.png?v=20201113	field_minion	フィールド・ミニオン	white	白	6	PC:02 CONTRACT	11	ハンター	E					
white_06_02_02r_00	1092	氷柱竜アイザルフ	https://www.aicarddass.com/zenonzard/images/cardlist/cards/white_06_02_02r_00.png?v=20201113	field_minion	フィールド・ミニオン	white	白	6	PC:02R DIVINE	10	ドラゴン	E					
white_06_02_02r_01	1093	シュネル・アードラー	https://www.aicarddass.com/zenonzard/images/cardlist/cards/white_06_02_02r_01.png?v=20201113	field_minion	フィールド・ミニオン	white	白	6	PC:02R DIVINE	10	ウイング	R					
white_06_01_03_02	1094	マキナスの修行僧	https://www.aicarddass.com/zenonzard/images/cardlist/cards/white_06_01_03_02.png?v=20201113	field_minion	フィールド・ミニオン	white	白	6	PC:03 EVOLVE	8	アンドロイド	R					
white_06_01_03_00	1095	R-C3	https://www.aicarddass.com/zenonzard/images/cardlist/cards/white_06_01_03_00.png?v=20201113	field_minion	フィールド・ミニオン	white	白	6	PC:03 EVOLVE	8	ソルジャー	C					
white_06_01_04_00	1096	「秘法の機婦人」オードリー	https://www.aicarddass.com/zenonzard/images/cardlist/cards/white_06_01_04_00.png?v=20201113	field_minion	フィールド・ミニオン	white	白	6	PC:04 FORBIDDEN	6	アンドロイド	L					
white_06_01_04_01	1097	鉄騎皇イグドラシル	https://www.aicarddass.com/zenonzard/images/cardlist/cards/white_06_01_04_01.png?v=20201113	field_minion	フィールド・ミニオン	white	白	6	PC:04 FORBIDDEN	6	BS|ソルジャー	L					
white_06_01_04_02	1098	月光龍ストライク・ジークヴルム	https://www.aicarddass.com/zenonzard/images/cardlist/cards/white_06_01_04_02.png?v=20201113	field_minion	フィールド・ミニオン	white	白	6	PC:04 FORBIDDEN	6	BS|ドラゴン	E					
white_06_01_EX04_00	1099	仮面ライダーゼロワン シャイニングアサルトホッパー	https://www.aicarddass.com/zenonzard/images/cardlist/cards/white_06_01_EX04_00.png?v=20201113	field_minion	フィールド・ミニオン	white	白	6	EX:04 KAMEN RIDER	4	仮面	E					
white_06_01_EX04c_00	1100	NEMS フルバースト	https://www.aicarddass.com/zenonzard/images/cardlist/cards/white_06_01_EX04c_00.png?v=20201113	field_minion	フィールド・ミニオン	white	白	6	EX:04 HEROIC_MASQUERADE	3	仮面	E					
white_06_01_05_00	1101	「青き流星」D-02 ブルーシル	https://www.aicarddass.com/zenonzard/images/cardlist/cards/white_06_01_05_00.png?v=20201113	field_minion	フィールド・ミニオン	white	白	6	PC:05 GLORY	2	ソルジャー	L					
white_08_01_06_00	1102	「雲海の白エイ」フルークロッヘン	https://www.aicarddass.com/zenonzard/images/cardlist/cards/white_08_01_06_00.png?v=20201113	field_minion	フィールド・ミニオン	white	白	6	PC:06 HELIX	1	ウイング	E					
white_06_03_02_00	1103	エクス=キャノン	https://www.aicarddass.com/zenonzard/images/cardlist/cards/white_06_03_02_00.png?v=20201113	magic	マジック	white	白	6	PC:02 CONTRACT	11		E					
white_07_02_01r_00	1104	戦闘型ロイド・シュバイン	https://www.aicarddass.com/zenonzard/images/cardlist/cards/white_07_02_01r_00.png?v=20201113	field_minion	フィールド・ミニオン	white	白	7	PC:01R BEYOND	12	アンドロイド	E					
white_07_02_02r_00	1105	「凍械獣」グリフォン	https://www.aicarddass.com/zenonzard/images/cardlist/cards/white_07_02_02r_00.png?v=20201113	field_minion	フィールド・ミニオン	white	白	7	PC:02R DIVINE	10	ウイング	L					
white_07_02_02r_01	1106	「氷雪械竜」グリフォン	https://www.aicarddass.com/zenonzard/images/cardlist/cards/white_07_02_02r_01.png?v=20201113	field_minion	フィールド・ミニオン	white	白	7	PC:02R DIVINE	10	ウイング|ドラゴン	L					
white_07_01_03_00	1107	「サラの召喚獣」メタリック・スティード Lv1	https://www.aicarddass.com/zenonzard/images/cardlist/cards/white_07_01_03_00.png?v=20201113	field_minion	フィールド・ミニオン	white	白	7	PC:03 EVOLVE	8	アルカナ	L					
white_07_01_03_01	1108	「サラの召喚獣」メタリック・スティード Lv2	https://www.aicarddass.com/zenonzard/images/cardlist/cards/white_07_01_03_01.png?v=20201113	field_minion	フィールド・ミニオン	white	白	7	PC:03 EVOLVE	8	アルカナ	L					
white_07_01_03_02	1109	「サラの召喚獣」メタリック・スティード Lv3	https://www.aicarddass.com/zenonzard/images/cardlist/cards/white_07_01_03_02.png?v=20201113	field_minion	フィールド・ミニオン	white	白	7	PC:03 EVOLVE	8	アルカナ	L					
white_07_01_04_03	1110	D-05 ファイアアクス	https://www.aicarddass.com/zenonzard/images/cardlist/cards/white_07_01_04_03.png?v=20201113	field_minion	フィールド・ミニオン	white	白	7	PC:04 FORBIDDEN	6	ソルジャー	E					
white_07_01_04_00	1111	宝瓶神機アクア・エリシオン	https://www.aicarddass.com/zenonzard/images/cardlist/cards/white_07_01_04_00.png?v=20201113	field_minion	フィールド・ミニオン	white	白	7	PC:04 FORBIDDEN	6	BS|光導	E					
white_07_01_EX04_00	1112	仮面ライダーゼロワン メタルクラスタホッパー	https://www.aicarddass.com/zenonzard/images/cardlist/cards/white_07_01_EX04_00.png?v=20201113	field_minion	フィールド・ミニオン	white	白	7	EX:04 KAMEN RIDER	4	仮面	L					
white_07_01_EX04c_00	1113	NEMESIS-00	https://www.aicarddass.com/zenonzard/images/cardlist/cards/white_07_01_EX04c_00.png?v=20201113	field_minion	フィールド・ミニオン	white	白	7	EX:04 HEROIC_MASQUERADE	3	仮面	L					
white_0_01_06_00	1114	「ハーモニー傭兵団・団長」ピアストル	https://www.aicarddass.com/zenonzard/images/cardlist/cards/white_0_01_06_00.png?v=20201113	field_minion	フィールド・ミニオン	white|green	白|緑	7	PC:06 HELIX	1	エルフ|ソルジャー	L					
white_07_02_03_00	1115	データ解析	https://www.aicarddass.com/zenonzard/images/cardlist/cards/white_07_02_03_00.png?v=20201113	magic	マジック	white	白	7	PC:03 EVOLVE	8		E					
white_08_02_01_00	1116	「百獣」ヴァイスレーベ	https://www.aicarddass.com/zenonzard/images/cardlist/cards/white_08_02_01_00.png?v=20201113	field_minion	フィールド・ミニオン	white	白	8	PC:01 AWAKEN	14	ハンター	L					
white_08_02_01_01	1117	アイスベアード	https://www.aicarddass.com/zenonzard/images/cardlist/cards/white_08_02_01_01.png?v=20201113	field_minion	フィールド・ミニオン	white	白	8	PC:01 AWAKEN	14	ハンター	R					
white_08_01_04_00	1118	獅機龍神ストライクヴルム・レオ	https://www.aicarddass.com/zenonzard/images/cardlist/cards/white_08_01_04_00.png?v=20201113	field_minion	フィールド・ミニオン	white	白	8	PC:04 FORBIDDEN	6	BS|光導	L					
white_08_01_EX03_00	1119	機獣要塞ナウマンガルド	https://www.aicarddass.com/zenonzard/images/cardlist/cards/white_08_01_EX03_00.png?v=20201113	field_minion	フィールド・ミニオン	white	白	8	EX:03 Battle Spirits	5	BS|ハンター	E					
white_010_01_06_00	1120	「マキナスの戦闘メイド」ロゼッタ	https://www.aicarddass.com/zenonzard/images/cardlist/cards/white_010_01_06_00.png?v=20201113	field_minion	フィールド・ミニオン	white	白	8	PC:06 HELIX	1	アンドロイド	L					
white_09_02_01_00	1121	「祈祷者」ゼクスシュバンツ	https://www.aicarddass.com/zenonzard/images/cardlist/cards/white_09_02_01_00.png?v=20201113	field_minion	フィールド・ミニオン	white	白	9+	PC:01 AWAKEN	14	ハンター	E					
white_09_02_02_00	1122	「氷原公」フリーレン	https://www.aicarddass.com/zenonzard/images/cardlist/cards/white_09_02_02_00.png?v=20201113	field_minion	フィールド・ミニオン	white	白	9+	PC:02 CONTRACT	11	ドラゴン	L					
white_09_01_03_00	1123	「粉砕」シュヴァルツティーガー	https://www.aicarddass.com/zenonzard/images/cardlist/cards/white_09_01_03_00.png?v=20201113	field_minion	フィールド・ミニオン	white	白	9+	PC:03 EVOLVE	8	ハンター	L					
white_09_01_04_00	1124	翼神機グラン・ウォーデン	https://www.aicarddass.com/zenonzard/images/cardlist/cards/white_09_01_04_00.png?v=20201113	field_minion	フィールド・ミニオン	white	白	9+	PC:04 FORBIDDEN	6	BS|ウイング	L					
white_09_01_04_01	1125	月光神龍ルナテック・ストライクヴルム	https://www.aicarddass.com/zenonzard/images/cardlist/cards/white_09_01_04_01.png?v=20201113	field_minion	フィールド・ミニオン	white	白	9+	PC:04 FORBIDDEN	6	BS|ドラゴン	E					
white_09_01_EX03_00	1126	終焉の騎神ラグナ・ロック	https://www.aicarddass.com/zenonzard/images/cardlist/cards/white_09_01_EX03_00.png?v=20201113	field_minion	フィールド・ミニオン	white	白	9+	EX:03 Battle Spirits	5	BS|ソルジャー	L					
white_09_01_EX04_00	1127	仮面ライダーゼロツー	https://www.aicarddass.com/zenonzard/images/cardlist/cards/white_09_01_EX04_00.png?v=20201113	field_minion	フィールド・ミニオン	white	白	9+	EX:04 KAMEN RIDER	4	仮面	L					
white_09_01_EX04c_00	1128	NEMESIS-99	https://www.aicarddass.com/zenonzard/images/cardlist/cards/white_09_01_EX04c_00.png?v=20201113	field_minion	フィールド・ミニオン	white	白	9+	EX:04 HEROIC_MASQUERADE	3	仮面	L					
white_09_01_05_00	1129	「機械天使」ヘブンス	https://www.aicarddass.com/zenonzard/images/cardlist/cards/white_09_01_05_00.png?v=20201113	field_minion	フィールド・ミニオン	white	白	9+	PC:05 GLORY	2	エンジェル	L					
colorless_00_02_02r_00	1130	「樹の守護天使」メタトロン	https://www.aicarddass.com/zenonzard/images/cardlist/cards/colorless_00_02_02r_00.png?v=20201113	field_minion	フィールド・ミニオン	colorless	無色	0	PC:02R DIVINE	10	エンジェル	L					
colorless_00_01_01_01	1131	ハンマーヘッドビー	https://www.aicarddass.com/zenonzard/images/cardlist/cards/colorless_00_01_01_01.png?v=20201113	base_minion	ベース・ミニオン	colorless	無色		PC:01 AWAKEN	14	モンスター	C					
colorless_00_01_01_00	1132	1カラットラット	https://www.aicarddass.com/zenonzard/images/cardlist/cards/colorless_00_01_01_00.png?v=20201113	base_minion	ベース・ミニオン	colorless	無色		PC:01 AWAKEN	14	ラット	R					
colorless_00_01_01r_00	1133	魔術都市の住人	https://www.aicarddass.com/zenonzard/images/cardlist/cards/colorless_00_01_01r_00.png?v=20201113	base_minion	ベース・ミニオン	colorless	無色		PC:01R BEYOND	12	ラット	C					
colorless_00_01_01r_01	1134	セントールの狩人	https://www.aicarddass.com/zenonzard/images/cardlist/cards/colorless_00_01_01r_01.png?v=20201113	base_minion	ベース・ミニオン	colorless	無色		PC:01R BEYOND	12	セントール	R					
colorless_00_01_02_00	1135	「弓精」アキュレー	https://www.aicarddass.com/zenonzard/images/cardlist/cards/colorless_00_01_02_00.png?v=20201113	base_minion	ベース・ミニオン	colorless	無色		PC:02 CONTRACT	11	ニンフ	C					
colorless_00_01_02_01	1136	「砂精」サンディー	https://www.aicarddass.com/zenonzard/images/cardlist/cards/colorless_00_01_02_01.png?v=20201113	base_minion	ベース・ミニオン	colorless	無色		PC:02 CONTRACT	11	ニンフ	R					
colorless_00_01_02_02	1137	「空精」クリスカ	https://www.aicarddass.com/zenonzard/images/cardlist/cards/colorless_00_01_02_02.png?v=20201113	base_minion	ベース・ミニオン	colorless	無色		PC:02 CONTRACT	11	ニンフ	E					
colorless_00_01_02r_00	1138	「花精」フィオレ	https://www.aicarddass.com/zenonzard/images/cardlist/cards/colorless_00_01_02r_00.png?v=20201113	base_minion	ベース・ミニオン	colorless	無色		PC:02R DIVINE	10	ニンフ	E					
colorless_00_01_02c_00	1139	無銘の剣	https://www.aicarddass.com/zenonzard/images/cardlist/cards/colorless_00_01_02c_00.png?v=20201113	base_minion	ベース・ミニオン	colorless	無色		EXCODE:02C SAO	9	アイテム|ソード	E					
colorless_00_00_03_00	1140	「大召喚士」ラス Lv1	https://www.aicarddass.com/zenonzard/images/cardlist/cards/colorless_00_00_03_00.png?v=20201113	base_minion	ベース・ミニオン	colorless	無色		PC:03 EVOLVE	8	エヴォーカー	L					
colorless_00_00_03_01	1141	「大召喚士」ラス Lv2	https://www.aicarddass.com/zenonzard/images/cardlist/cards/colorless_00_00_03_01.png?v=20201113	base_minion	ベース・ミニオン	colorless	無色		PC:03 EVOLVE	8	エヴォーカー	L					
colorless_00_00_03_02	1142	「大召喚士」ラス Lv3	https://www.aicarddass.com/zenonzard/images/cardlist/cards/colorless_00_00_03_02.png?v=20201113	base_minion	ベース・ミニオン	colorless	無色		PC:03 EVOLVE	8	エヴォーカー	L					
colorless_00_01_EX02_00	1143	魔剣ダークアイ	https://www.aicarddass.com/zenonzard/images/cardlist/cards/colorless_00_01_EX02_00.png?v=20201113	base_minion	ベース・ミニオン	colorless	無色		EX:02 幻影の剣士	7	アイテム|ソード	E					
colorless_00_00_04_00	1144	「天才魔術師」エマ Lv1	https://www.aicarddass.com/zenonzard/images/cardlist/cards/colorless_00_00_04_00.png?v=20201113	base_minion	ベース・ミニオン	colorless	無色		PC:04 FORBIDDEN	6	エヴォーカー	L					
colorless_00_00_04_01	1145	「天才魔術師」エマ Lv2	https://www.aicarddass.com/zenonzard/images/cardlist/cards/colorless_00_00_04_01.png?v=20201113	base_minion	ベース・ミニオン	colorless	無色		PC:04 FORBIDDEN	6	エヴォーカー	L					
colorless_00_00_04_02	1146	「天才魔術師」エマ Lv3	https://www.aicarddass.com/zenonzard/images/cardlist/cards/colorless_00_00_04_02.png?v=20201113	base_minion	ベース・ミニオン	colorless	無色		PC:04 FORBIDDEN	6	エヴォーカー	L					
colorless_00_00_04_03	1147	コア	https://www.aicarddass.com/zenonzard/images/cardlist/cards/colorless_00_00_04_03.png?v=20201113	base_minion	ベース・ミニオン	colorless	無色		PC:04 FORBIDDEN	6	コア	C					
colorless_00_00_EX03_00	1148	「サーガブレイヴ」ダン	https://www.aicarddass.com/zenonzard/images/cardlist/cards/colorless_00_00_EX03_00.png?v=20201113	base_minion	ベース・ミニオン	colorless	無色	0	EX:03 Battle Spirits	5	カードバトラー	R					
colorless_00_00_05_00	1149	「流浪の鼠騎士」ワンダ	https://www.aicarddass.com/zenonzard/images/cardlist/cards/colorless_00_00_05_00.png?v=20201113	base_minion	ベース・ミニオン	colorless	無色		PC:05 GLORY	2	ラット	E					
colorless_00_00_05_01	1150	獣人ポメラ	https://www.aicarddass.com/zenonzard/images/cardlist/cards/colorless_00_00_05_01.png?v=20201113	base_minion	ベース・ミニオン	colorless	無色		PC:05 GLORY	2	トライブ	C					
colorless_01_02_01_00	1151	臆病じゃない金鶏	https://www.aicarddass.com/zenonzard/images/cardlist/cards/colorless_01_02_01_00.png?v=20201113	field_minion	フィールド・ミニオン	colorless	無色	1	PC:01 AWAKEN	14	ビースト	C					
colorless_01_02_01_01	1152	荒野の旅人	https://www.aicarddass.com/zenonzard/images/cardlist/cards/colorless_01_02_01_01.png?v=20201113	field_minion	フィールド・ミニオン	colorless	無色	1	PC:01 AWAKEN	14	セントール	R					
colorless_01_02_00_00	1153	盾持ちゴブリン	https://www.aicarddass.com/zenonzard/images/cardlist/cards/colorless_01_02_00_00.png?v=20201113	field_minion	フィールド・ミニオン	colorless	無色	1	ベーシック	15	ゴブリン	Basic					
colorless_01_02_01r_00	1154	ポリン	https://www.aicarddass.com/zenonzard/images/cardlist/cards/colorless_01_02_01r_00.png?v=20201113	field_minion	フィールド・ミニオン	colorless	無色	1	PC:01R BEYOND	12	モンスター	C					
colorless_01_02_02r_00	1155	マッピーラット	https://www.aicarddass.com/zenonzard/images/cardlist/cards/colorless_01_02_02r_00.png?v=20201113	field_minion	フィールド・ミニオン	colorless	無色	1	PC:02R DIVINE	10	ラット	C					
colorless_01_02_02c_00	1156	「テイマー」シリカ	https://www.aicarddass.com/zenonzard/images/cardlist/cards/colorless_01_02_02c_00.png?v=20201113	field_minion	フィールド・ミニオン	colorless	無色	1	EXCODE:02C SAO	9	ソード	C					
colorless_01_02_02c_01	1157	「風の妖精」リーファ	https://www.aicarddass.com/zenonzard/images/cardlist/cards/colorless_01_02_02c_01.png?v=20201113	field_minion	フィールド・ミニオン	colorless	無色	1	EXCODE:02C SAO	9	ソード	C					
colorless_01_02_02c_02	1158	「悪魔の樹」ギガスシダー	https://www.aicarddass.com/zenonzard/images/cardlist/cards/colorless_01_02_02c_02.png?v=20201113	field_minion	フィールド・ミニオン	colorless	無色	1	EXCODE:02C SAO	9	ソード	C					
colorless_01_02_02c_03	1159	「電子の妖精」ユイ	https://www.aicarddass.com/zenonzard/images/cardlist/cards/colorless_01_02_02c_03.png?v=20201113	field_minion	フィールド・ミニオン	colorless	無色	1	EXCODE:02C SAO	9	ソード	E					
colorless_01_02_EX02_00	1160	「ブリーダー」エリカ	https://www.aicarddass.com/zenonzard/images/cardlist/cards/colorless_01_02_EX02_00.png?v=20201113	field_minion	フィールド・ミニオン	colorless	無色	1	EX:02 幻影の剣士	7	ソード	C					
colorless_01_02_EX02_01	1161	「幸運の導き手」リリ	https://www.aicarddass.com/zenonzard/images/cardlist/cards/colorless_01_02_EX02_01.png?v=20201113	field_minion	フィールド・ミニオン	colorless	無色	1	EX:02 幻影の剣士	7	ソード	C					
colorless_01_02_EX02_02	1162	ウェポンスケアクロウ	https://www.aicarddass.com/zenonzard/images/cardlist/cards/colorless_01_02_EX02_02.png?v=20201113	field_minion	フィールド・ミニオン	colorless	無色	1	EX:02 幻影の剣士	7	ソード	C					
colorless_01_02_EX02_03	1163	「エレメンタル」ナビ	https://www.aicarddass.com/zenonzard/images/cardlist/cards/colorless_01_02_EX02_03.png?v=20201113	field_minion	フィールド・ミニオン	colorless	無色	1	EX:02 幻影の剣士	7	ソード	E					
colorless_01_01_04_00	1164	鋭爪フラミンゴ	https://www.aicarddass.com/zenonzard/images/cardlist/cards/colorless_01_01_04_00.png?v=20201113	field_minion	フィールド・ミニオン	colorless	無色	1	PC:04 FORBIDDEN	6	ウイング	C					
colorless_01_01_EX04_00	1165	仮面ライダーアクセル	https://www.aicarddass.com/zenonzard/images/cardlist/cards/colorless_01_01_EX04_00.png?v=20201113	field_minion	フィールド・ミニオン	colorless	無色	1	EX:04 KAMEN RIDER	4	仮面	C					
colorless_01_01_EX04_01	1166	仮面ライダーバース	https://www.aicarddass.com/zenonzard/images/cardlist/cards/colorless_01_01_EX04_01.png?v=20201113	field_minion	フィールド・ミニオン	colorless	無色	1	EX:04 KAMEN RIDER	4	仮面	C					
colorless_01_01_EX04_02	1167	仮面ライダーアクア	https://www.aicarddass.com/zenonzard/images/cardlist/cards/colorless_01_01_EX04_02.png?v=20201113	field_minion	フィールド・ミニオン	colorless	無色	1	EX:04 KAMEN RIDER	4	仮面	R					
colorless_01_01_EX04_03	1168	仮面ライダーバルキリー ラッシングチーター	https://www.aicarddass.com/zenonzard/images/cardlist/cards/colorless_01_01_EX04_03.png?v=20201113	field_minion	フィールド・ミニオン	colorless	無色	1	EX:04 KAMEN RIDER	4	仮面	C					
colorless_01_01_EX04c_00	1169	赤熱の仮面 アクセラ	https://www.aicarddass.com/zenonzard/images/cardlist/cards/colorless_01_01_EX04c_00.png?v=20201113	field_minion	フィールド・ミニオン	colorless	無色	1	EX:04 HEROIC_MASQUERADE	3	仮面	C					
colorless_01_01_EX04c_01	1170	「隻眼」バートル	https://www.aicarddass.com/zenonzard/images/cardlist/cards/colorless_01_01_EX04c_01.png?v=20201113	field_minion	フィールド・ミニオン	colorless	無色	1	EX:04 HEROIC_MASQUERADE	3	仮面	C					
colorless_01_01_EX04c_02	1171	「潜水士」アクアン	https://www.aicarddass.com/zenonzard/images/cardlist/cards/colorless_01_01_EX04c_02.png?v=20201113	field_minion	フィールド・ミニオン	colorless	無色	1	EX:04 HEROIC_MASQUERADE	3	仮面	R					
colorless_01_01_EX04c_03	1172	Valk エオリアRC	https://www.aicarddass.com/zenonzard/images/cardlist/cards/colorless_01_01_EX04c_03.png?v=20201113	field_minion	フィールド・ミニオン	colorless	無色	1	EX:04 HEROIC_MASQUERADE	3	仮面	C					
colorless_01_01_05_00	1173	メット・ブレイカー	https://www.aicarddass.com/zenonzard/images/cardlist/cards/colorless_01_01_05_00.png?v=20201113	field_minion	フィールド・ミニオン	colorless	無色	1	PC:05 GLORY	2	ウイング|レギオン	C					
colorless_02_01_06_00	1174	ダックラットナイト	https://www.aicarddass.com/zenonzard/images/cardlist/cards/colorless_02_01_06_00.png?v=20201113	field_minion	フィールド・ミニオン	colorless	無色	1	PC:06 HELIX	1	ラット	R					
colorless_01_02_04_00	1175	エマの第1魔法：グリード	https://www.aicarddass.com/zenonzard/images/cardlist/cards/colorless_01_02_04_00.png?v=20201113	magic	マジック	colorless	無色	1	PC:04 FORBIDDEN	6		L					
colorless_01_04_00_00	1176	スライム・ブロック・トークン	https://www.aicarddass.com/zenonzard/images/cardlist/cards/colorless_01_04_00_00.png?v=20201113	token_minion	ミニオン・トークン	colorless	無色	1	ベーシック	15	モンスター	C					
colorless_01_04_00_01	1177	ドラゴン『火』・トークン	https://www.aicarddass.com/zenonzard/images/cardlist/cards/colorless_01_04_00_01.png?v=20201113	token_minion	ミニオン・トークン	colorless	無色	1	ベーシック	15	ドラゴン	Basic					
colorless_02_02_01_00	1178	ダンシング・カトラス	https://www.aicarddass.com/zenonzard/images/cardlist/cards/colorless_02_02_01_00.png?v=20201113	field_minion	フィールド・ミニオン	colorless	無色	2	PC:01 AWAKEN	14	モンスター	C					
colorless_02_02_01_03	1179	斥候パルパンサー	https://www.aicarddass.com/zenonzard/images/cardlist/cards/colorless_02_02_01_03.png?v=20201113	field_minion	フィールド・ミニオン	colorless	無色	2	PC:01 AWAKEN	14	ビースト	C					
colorless_02_02_01_01	1180	ボム・ウィスプ	https://www.aicarddass.com/zenonzard/images/cardlist/cards/colorless_02_02_01_01.png?v=20201113	field_minion	フィールド・ミニオン	colorless	無色	2	PC:01 AWAKEN	14	モンスター	R					
colorless_02_02_01_02	1181	ゴライアス・ボアイーター	https://www.aicarddass.com/zenonzard/images/cardlist/cards/colorless_02_02_01_02.png?v=20201113	field_minion	フィールド・ミニオン	colorless	無色	2	PC:01 AWAKEN	14	モンスター	R					
colorless_02_02_00_00	1182	ゴブリンソルジャー	https://www.aicarddass.com/zenonzard/images/cardlist/cards/colorless_02_02_00_00.png?v=20201113	field_minion	フィールド・ミニオン	colorless	無色	2	ベーシック	15	ゴブリン	Basic					
colorless_02_02_00_01	1183	ハナルマジロ	https://www.aicarddass.com/zenonzard/images/cardlist/cards/colorless_02_02_00_01.png?v=20201113	field_minion	フィールド・ミニオン	colorless	無色	2	ベーシック	15	ビースト	Basic					
colorless_02_02_00_02	1184	メイジコブラ	https://www.aicarddass.com/zenonzard/images/cardlist/cards/colorless_02_02_00_02.png?v=20201113	field_minion	フィールド・ミニオン	colorless	無色	2	ベーシック	15	ビースト	Basic					
colorless_02_02_00_03	1185	マッドジャガード	https://www.aicarddass.com/zenonzard/images/cardlist/cards/colorless_02_02_00_03.png?v=20201113	field_minion	フィールド・ミニオン	colorless	無色	2	ベーシック	15	ハンター	Basic					
colorless_02_02_ex01_00	1186	「翔の鼠騎士」フライト	https://www.aicarddass.com/zenonzard/images/cardlist/cards/colorless_02_02_ex01_00.png?v=20201113	field_minion	フィールド・ミニオン	colorless	無色	2	EX:01 魔術都市の9戦士	13	ラット	R
colorless_02_02_01r_00	1187	スパイクトード	https://www.aicarddass.com/zenonzard/images/cardlist/cards/colorless_02_02_01r_00.png?v=20201113	field_minion	フィールド・ミニオン	colorless	無色	2	PC:01R BEYOND	12	キマイラ	C					
colorless_02_02_02_00	1188	「紅の鼠騎士」スカーレット	https://www.aicarddass.com/zenonzard/images/cardlist/cards/colorless_02_02_02_00.png?v=20201113	field_minion	フィールド・ミニオン	colorless	無色	2	PC:02 CONTRACT	11	ラット	C					
colorless_02_02_02_01	1189	グリーンミミック	https://www.aicarddass.com/zenonzard/images/cardlist/cards/colorless_02_02_02_01.png?v=20201113	field_minion	フィールド・ミニオン	colorless	無色	2	PC:02 CONTRACT	11	モンスター	R					
colorless_02_02_02r_00	1190	はぐれメカ	https://www.aicarddass.com/zenonzard/images/cardlist/cards/colorless_02_02_02r_00.png?v=20201113	field_minion	フィールド・ミニオン	colorless	無色	2	PC:02R DIVINE	10	モンスター	C					
colorless_02_02_02r_01	1191	災いのゴブリン	https://www.aicarddass.com/zenonzard/images/cardlist/cards/colorless_02_02_02r_01.png?v=20201113	field_minion	フィールド・ミニオン	colorless	無色	2	PC:02R DIVINE	10	ゴブリン	C					
colorless_02_02_02c_04	1192	「鍛冶屋」リズベット	https://www.aicarddass.com/zenonzard/images/cardlist/cards/colorless_02_02_02c_04.png?v=20201113	field_minion	フィールド・ミニオン	colorless	無色	2	EXCODE:02C SAO	9	ソード	E					
colorless_02_02_02c_05	1193	イルファング・ザ・コボルドロード	https://www.aicarddass.com/zenonzard/images/cardlist/cards/colorless_02_02_02c_05.png?v=20201113	field_minion	フィールド・ミニオン	colorless	無色	2	EXCODE:02C SAO	9	ソード	C					
colorless_02_02_02c_00	1194	「ARアイドル」ユナ	https://www.aicarddass.com/zenonzard/images/cardlist/cards/colorless_02_02_02c_00.png?v=20201113	field_minion	フィールド・ミニオン	colorless	無色	2	EXCODE:02C SAO	9	ソード	R					
colorless_02_01_03_00	1195	ガーゴイル	https://www.aicarddass.com/zenonzard/images/cardlist/cards/colorless_02_01_03_00.png?v=20201113	field_minion	フィールド・ミニオン	colorless	無色	2	PC:03 EVOLVE	8	モンスター	C					
colorless_03_01_03_03	1196	気高き騎士	https://www.aicarddass.com/zenonzard/images/cardlist/cards/colorless_03_01_03_03.png?v=20201113	field_minion	フィールド・ミニオン	colorless	無色	2	PC:03 EVOLVE	8	セントール	R					
colorless_02_01_03_01	1197	斧のミノタウロス	https://www.aicarddass.com/zenonzard/images/cardlist/cards/colorless_02_01_03_01.png?v=20201113	field_minion	フィールド・ミニオン	colorless	無色	2	PC:03 EVOLVE	8	ソード|モンスター	E					
colorless_02_02_EX02_04	1198	「剣匠」ピンキー	https://www.aicarddass.com/zenonzard/images/cardlist/cards/colorless_02_02_EX02_04.png?v=20201113	field_minion	フィールド・ミニオン	colorless	無色	2	EX:02 幻影の剣士	7	ソード	E					
colorless_02_02_EX02_05	1199	ガラクタ・カンガルー	https://www.aicarddass.com/zenonzard/images/cardlist/cards/colorless_02_02_EX02_05.png?v=20201113	field_minion	フィールド・ミニオン	colorless	無色	2	EX:02 幻影の剣士	7	ソード	C					
colorless_02_02_EX02_00	1200	「エンチャンター」ジル	https://www.aicarddass.com/zenonzard/images/cardlist/cards/colorless_02_02_EX02_00.png?v=20201113	field_minion	フィールド・ミニオン	colorless	無色	2	EX:02 幻影の剣士	7	ソード	R					
colorless_02_01_04_00	1201	モンスタースラグ	https://www.aicarddass.com/zenonzard/images/cardlist/cards/colorless_02_01_04_00.png?v=20201113	field_minion	フィールド・ミニオン	colorless	無色	2	PC:04 FORBIDDEN	6	モンスター	C					
colorless_02_01_04_01	1202	放浪者ロロ	https://www.aicarddass.com/zenonzard/images/cardlist/cards/colorless_02_01_04_01.png?v=20201113	field_minion	フィールド・ミニオン	colorless	無色	2	PC:04 FORBIDDEN	6	BS	L					
colorless_02_01_EX04_00	1203	仮面ライダースカル	https://www.aicarddass.com/zenonzard/images/cardlist/cards/colorless_02_01_EX04_00.png?v=20201113	field_minion	フィールド・ミニオン	colorless	無色	2	EX:04 KAMEN RIDER	4	仮面|スケルトン	L					
colorless_02_01_EX04_01	1204	仮面ライダーバルカン シューティングウルフ	https://www.aicarddass.com/zenonzard/images/cardlist/cards/colorless_02_01_EX04_01.png?v=20201113	field_minion	フィールド・ミニオン	colorless	無色	2	EX:04 KAMEN RIDER	4	仮面|ソルジャー	R					
colorless_02_01_EX04c_00	1205	骨仮面 ムクロ	https://www.aicarddass.com/zenonzard/images/cardlist/cards/colorless_02_01_EX04c_00.png?v=20201113	field_minion	フィールド・ミニオン	colorless	無色	2	EX:04 HEROIC_MASQUERADE	3	仮面|スケルトン	L					
colorless_02_01_EX04c_01	1206	Vulc01 シューティングモード	https://www.aicarddass.com/zenonzard/images/cardlist/cards/colorless_02_01_EX04c_01.png?v=20201113	field_minion	フィールド・ミニオン	colorless	無色	2	EX:04 HEROIC_MASQUERADE	3	仮面|ソルジャー	R					
colorless_02_01_05_00	1207	D-19 スカウトレンズ	https://www.aicarddass.com/zenonzard/images/cardlist/cards/colorless_02_01_05_00.png?v=20201113	field_minion	フィールド・ミニオン	colorless	無色	2	PC:05 GLORY	2	ソルジャー	C					
colorless_02_01_05_01	1208	魔法サーカス団マーマン	https://www.aicarddass.com/zenonzard/images/cardlist/cards/colorless_02_01_05_01.png?v=20201113	field_minion	フィールド・ミニオン	colorless	無色	2	PC:05 GLORY	2	アーティスト	C					
colorless_02_01_05_02	1209	ストーン・スフィンクス	https://www.aicarddass.com/zenonzard/images/cardlist/cards/colorless_02_01_05_02.png?v=20201113	field_minion	フィールド・ミニオン	colorless	無色	2	PC:05 GLORY	2	モンスター|レギオン	R					
colorless_02_01_05_03	1210	赤毛の探検家アスカ	https://www.aicarddass.com/zenonzard/images/cardlist/cards/colorless_02_01_05_03.png?v=20201113	field_minion	フィールド・ミニオン	colorless	無色	2	PC:05 GLORY	2	ヒューマノイド|レギオン	C					
colorless_02_01_06_01	1211	ストーン・ドラゴニュート	https://www.aicarddass.com/zenonzard/images/cardlist/cards/colorless_02_01_06_01.png?v=20201113	field_minion	フィールド・ミニオン	colorless	無色	2	PC:06 HELIX	1	ドラゴニュート	R					
colorless_06_01_06_02	1212	スパイ・ゴブリン	https://www.aicarddass.com/zenonzard/images/cardlist/cards/colorless_06_01_06_02.png?v=20201113	field_minion	フィールド・ミニオン	colorless	無色	2	PC:06 HELIX	1	ゴブリン|レギオン	E					
colorless_03_02_01_03	1213	祝福を授けるピクシー	https://www.aicarddass.com/zenonzard/images/cardlist/cards/colorless_03_02_01_03.png?v=20201113	field_minion	フィールド・ミニオン	colorless	無色	3	PC:01 AWAKEN	14	スプライト	C					
colorless_03_02_01_06	1214	アガリック・トータス	https://www.aicarddass.com/zenonzard/images/cardlist/cards/colorless_03_02_01_06.png?v=20201113	field_minion	フィールド・ミニオン	colorless	無色	3	PC:01 AWAKEN	14	ビースト	C					
colorless_03_02_01_02	1215	ウォーター・シューター	https://www.aicarddass.com/zenonzard/images/cardlist/cards/colorless_03_02_01_02.png?v=20201113	field_minion	フィールド・ミニオン	colorless	無色	3	PC:01 AWAKEN	14	ビースト	C					
colorless_03_02_01_01	1216	ウィル・オー・ウィスプ	https://www.aicarddass.com/zenonzard/images/cardlist/cards/colorless_03_02_01_01.png?v=20201113	field_minion	フィールド・ミニオン	colorless	無色	3	PC:01 AWAKEN	14	モンスター	C					
colorless_03_02_01_00	1217	ハーミットホルンクラブ	https://www.aicarddass.com/zenonzard/images/cardlist/cards/colorless_03_02_01_00.png?v=20201113	field_minion	フィールド・ミニオン	colorless	無色	3	PC:01 AWAKEN	14	ビースト	R					
colorless_03_02_01_04	1218	ゴブリンズ・クイーン	https://www.aicarddass.com/zenonzard/images/cardlist/cards/colorless_03_02_01_04.png?v=20201113	field_minion	フィールド・ミニオン	colorless	無色	3	PC:01 AWAKEN	14	ゴブリン	E					
colorless_03_02_01_05	1219	練気獣エルサウル	https://www.aicarddass.com/zenonzard/images/cardlist/cards/colorless_03_02_01_05.png?v=20201113	field_minion	フィールド・ミニオン	colorless	無色	3	PC:01 AWAKEN	14	モンスター	E					
colorless_03_02_01_07	1220	「箱を抱く者」パンドリア	https://www.aicarddass.com/zenonzard/images/cardlist/cards/colorless_03_02_01_07.png?v=20201113	field_minion	フィールド・ミニオン	colorless	無色	3	PC:01 AWAKEN	14	デミゴッド	L					
colorless_03_02_00_01	1221	メガロサウルス	https://www.aicarddass.com/zenonzard/images/cardlist/cards/colorless_03_02_00_01.png?v=20201113	field_minion	フィールド・ミニオン	colorless	無色	3	ベーシック	15	ダイナソー	Basic					
colorless_03_02_00_04	1222	リトル・プランク	https://www.aicarddass.com/zenonzard/images/cardlist/cards/colorless_03_02_00_04.png?v=20201113	field_minion	フィールド・ミニオン	colorless	無色	3	ベーシック	15	スプライト	Basic					
colorless_03_02_00_02	1223	ヒーリング・シープ	https://www.aicarddass.com/zenonzard/images/cardlist/cards/colorless_03_02_00_02.png?v=20201113	field_minion	フィールド・ミニオン	colorless	無色	3	ベーシック	15	ビースト	Basic					
colorless_03_02_00_03	1224	ゲイル・マウス	https://www.aicarddass.com/zenonzard/images/cardlist/cards/colorless_03_02_00_03.png?v=20201113	field_minion	フィールド・ミニオン	colorless	無色	3	ベーシック	15	ラット	Basic					
colorless_03_02_00_00	1225	鬼火	https://www.aicarddass.com/zenonzard/images/cardlist/cards/colorless_03_02_00_00.png?v=20201113	field_minion	フィールド・ミニオン	colorless	無色	3	ベーシック	15	モンスター	Basic					
colorless_03_02_ex01_00	1226	「知の鼠騎士」ウィズダム	https://www.aicarddass.com/zenonzard/images/cardlist/cards/colorless_03_02_ex01_00.png?v=20201113	field_minion	フィールド・ミニオン	colorless	無色	3	EX:01 魔術都市の9戦士	13	ラット	R
colorless_04_02_ex01_01	1227	「悪の鼠騎士」イーブ	https://www.aicarddass.com/zenonzard/images/cardlist/cards/colorless_04_02_ex01_01.png?v=20201113	field_minion	フィールド・ミニオン	colorless	無色	3	EX:01 魔術都市の9戦士	13	ラット	R
colorless_03_02_ex01_01	1228	「輪の鼠騎士」リング	https://www.aicarddass.com/zenonzard/images/cardlist/cards/colorless_03_02_ex01_01.png?v=20201113	field_minion	フィールド・ミニオン	colorless	無色	3	EX:01 魔術都市の9戦士	13	ラット	R
colorless_03_02_01r_00	1229	ベテランゴブリン	https://www.aicarddass.com/zenonzard/images/cardlist/cards/colorless_03_02_01r_00.png?v=20201113	field_minion	フィールド・ミニオン	colorless	無色	3	PC:01R BEYOND	12	ゴブリン	C					
colorless_03_02_01r_01	1230	ヤミーカクタス	https://www.aicarddass.com/zenonzard/images/cardlist/cards/colorless_03_02_01r_01.png?v=20201113	field_minion	フィールド・ミニオン	colorless	無色	3	PC:01R BEYOND	12	スプライト	E					
colorless_03_02_01r_02	1231	「天知」プラトーナ	https://www.aicarddass.com/zenonzard/images/cardlist/cards/colorless_03_02_01r_02.png?v=20201113	field_minion	フィールド・ミニオン	colorless	無色	3	PC:01R BEYOND	12	モンスター	L					
colorless_03_02_02_00	1232	ドラゴン・プリースト	https://www.aicarddass.com/zenonzard/images/cardlist/cards/colorless_03_02_02_00.png?v=20201113	field_minion	フィールド・ミニオン	colorless	無色	3	PC:02 CONTRACT	11	ドラゴニュート	C					
colorless_03_02_02_01	1233	グレー・ブロッブ	https://www.aicarddass.com/zenonzard/images/cardlist/cards/colorless_03_02_02_01.png?v=20201113	field_minion	フィールド・ミニオン	colorless	無色	3	PC:02 CONTRACT	11	モンスター	C					
colorless_03_02_02_02	1234	ドランゲール	https://www.aicarddass.com/zenonzard/images/cardlist/cards/colorless_03_02_02_02.png?v=20201113	field_minion	フィールド・ミニオン	colorless	無色	3	PC:02 CONTRACT	11	ドラゴニュート	R					
colorless_03_02_02r_00	1235	ブルーミミック	https://www.aicarddass.com/zenonzard/images/cardlist/cards/colorless_03_02_02r_00.png?v=20201113	field_minion	フィールド・ミニオン	colorless	無色	3	PC:02R DIVINE	10	モンスター	R					
colorless_03_02_02r_01	1236	ミサイルドッグ	https://www.aicarddass.com/zenonzard/images/cardlist/cards/colorless_03_02_02r_01.png?v=20201113	field_minion	フィールド・ミニオン	colorless	無色	3	PC:02R DIVINE	10	ビースト	C					
colorless_03_02_02r_02	1237	「不死鳥」スザク	https://www.aicarddass.com/zenonzard/images/cardlist/cards/colorless_03_02_02r_02.png?v=20201113	field_minion	フィールド・ミニオン	colorless	無色	3	PC:02R DIVINE	10	ファイブスター	L					
colorless_04_02_02r_01	1238	「憧れる者」アンジュ	https://www.aicarddass.com/zenonzard/images/cardlist/cards/colorless_04_02_02r_01.png?v=20201113	field_minion	フィールド・ミニオン	colorless	無色	3	PC:02R DIVINE	10	デミゴッド	L					
colorless_03_02_02r_03	1239	「天知」プラトーナ	https://www.aicarddass.com/zenonzard/images/cardlist/cards/colorless_03_02_02r_03.png?v=20201113	field_minion	フィールド・ミニオン	colorless	無色	3	PC:02R DIVINE	10	モンスター	L					
colorless_03_02_02c_01	1240	「冒険の始まり」キリト	https://www.aicarddass.com/zenonzard/images/cardlist/cards/colorless_03_02_02c_01.png?v=20201113	field_minion	フィールド・ミニオン	colorless	無色	3	EXCODE:02C SAO	9	黒の剣士|ソード	C					
colorless_03_02_02c_02	1241	死銃	https://www.aicarddass.com/zenonzard/images/cardlist/cards/colorless_03_02_02c_02.png?v=20201113	field_minion	フィールド・ミニオン	colorless	無色	3	EXCODE:02C SAO	9	ソード	C					
colorless_03_02_02c_03	1242	「妖精王の妃」ティターニア	https://www.aicarddass.com/zenonzard/images/cardlist/cards/colorless_03_02_02c_03.png?v=20201113	field_minion	フィールド・ミニオン	colorless	無色	3	EXCODE:02C SAO	9	閃光|ソード	E					
colorless_03_02_02c_00	1243	ナメクジ研究員	https://www.aicarddass.com/zenonzard/images/cardlist/cards/colorless_03_02_02c_00.png?v=20201113	field_minion	フィールド・ミニオン	colorless	無色	3	EXCODE:02C SAO	9	ソード	C					
colorless_03_01_03_00	1244	グレイ・ピッグ	https://www.aicarddass.com/zenonzard/images/cardlist/cards/colorless_03_01_03_00.png?v=20201113	field_minion	フィールド・ミニオン	colorless	無色	3	PC:03 EVOLVE	8	ビースト	C					
colorless_03_01_03_01	1245	アドベンチュラット	https://www.aicarddass.com/zenonzard/images/cardlist/cards/colorless_03_01_03_01.png?v=20201113	field_minion	フィールド・ミニオン	colorless	無色	3	PC:03 EVOLVE	8	ラット	C					
colorless_03_01_03_02	1246	ソードペッカー	https://www.aicarddass.com/zenonzard/images/cardlist/cards/colorless_03_01_03_02.png?v=20201113	field_minion	フィールド・ミニオン	colorless	無色	3	PC:03 EVOLVE	8	ウイング	C					
colorless_03_02_EX02_01	1247	「駆け出し」ソロ	https://www.aicarddass.com/zenonzard/images/cardlist/cards/colorless_03_02_EX02_01.png?v=20201113	field_minion	フィールド・ミニオン	colorless	無色	3	EX:02 幻影の剣士	7	黒の剣士|ソード	C					
colorless_03_02_EX02_02	1248	デスアロウ	https://www.aicarddass.com/zenonzard/images/cardlist/cards/colorless_03_02_EX02_02.png?v=20201113	field_minion	フィールド・ミニオン	colorless	無色	3	EX:02 幻影の剣士	7	ソード	C					
colorless_03_02_EX02_03	1249	「封印の騎士」アメリア	https://www.aicarddass.com/zenonzard/images/cardlist/cards/colorless_03_02_EX02_03.png?v=20201113	field_minion	フィールド・ミニオン	colorless	無色	3	EX:02 幻影の剣士	7	閃光|ソード	E					
colorless_03_02_EX02_00	1250	ダンジョンアメーバ	https://www.aicarddass.com/zenonzard/images/cardlist/cards/colorless_03_02_EX02_00.png?v=20201113	field_minion	フィールド・ミニオン	colorless	無色	3	EX:02 幻影の剣士	7	ソード	C					
colorless_03_01_04_02	1251	ジャーニーラット	https://www.aicarddass.com/zenonzard/images/cardlist/cards/colorless_03_01_04_02.png?v=20201113	field_minion	フィールド・ミニオン	colorless	無色	3	PC:04 FORBIDDEN	6	ラット	R					
colorless_03_01_04_00	1252	サンドリーム	https://www.aicarddass.com/zenonzard/images/cardlist/cards/colorless_03_01_04_00.png?v=20201113	field_minion	フィールド・ミニオン	colorless	無色	3	PC:04 FORBIDDEN	6	ビースト	R					
colorless_03_01_EX03_00	1253	交渉人ミクス	https://www.aicarddass.com/zenonzard/images/cardlist/cards/colorless_03_01_EX03_00.png?v=20201113	field_minion	フィールド・ミニオン	colorless	無色	3	EX:03 Battle Spirits	5	BS	R					
colorless_03_01_EX04_01	1254	仮面ライダーバルカン アサルトウルフ	https://www.aicarddass.com/zenonzard/images/cardlist/cards/colorless_03_01_EX04_01.png?v=20201113	field_minion	フィールド・ミニオン	colorless	無色	3	EX:04 KAMEN RIDER	4	仮面|ソルジャー	R					
colorless_03_01_EX04c_00	1255	青炎の仮面 アクセラ	https://www.aicarddass.com/zenonzard/images/cardlist/cards/colorless_03_01_EX04c_00.png?v=20201113	field_minion	フィールド・ミニオン	colorless	無色	3	EX:04 HEROIC_MASQUERADE	3	仮面	L					
colorless_03_01_EX04c_01	1256	Vulc01 アサルトモード	https://www.aicarddass.com/zenonzard/images/cardlist/cards/colorless_03_01_EX04c_01.png?v=20201113	field_minion	フィールド・ミニオン	colorless	無色	3	EX:04 HEROIC_MASQUERADE	3	仮面|ソルジャー	R					
colorless_03_01_05_01	1257	戦天使ハンマー	https://www.aicarddass.com/zenonzard/images/cardlist/cards/colorless_03_01_05_01.png?v=20201113	field_minion	フィールド・ミニオン	colorless	無色	3	PC:05 GLORY	2	エンジェル	C					
colorless_03_01_05_03	1258	宝石人ヘマタイト	https://www.aicarddass.com/zenonzard/images/cardlist/cards/colorless_03_01_05_03.png?v=20201113	field_minion	フィールド・ミニオン	colorless	無色	3	PC:05 GLORY	2	ジュエリスト	C					
colorless_03_01_05_02	1259	忍び寄るヴァンパイア	https://www.aicarddass.com/zenonzard/images/cardlist/cards/colorless_03_01_05_02.png?v=20201113	field_minion	フィールド・ミニオン	colorless	無色	3	PC:05 GLORY	2		C					
colorless_03_01_05_00	1260	ブラック・カプラ	https://www.aicarddass.com/zenonzard/images/cardlist/cards/colorless_03_01_05_00.png?v=20201113	field_minion	フィールド・ミニオン	colorless	無色	3	PC:05 GLORY	2	ビースト|レギオン	C					
colorless_03_01_05_04	1261	ゴブリン・アーチャー	https://www.aicarddass.com/zenonzard/images/cardlist/cards/colorless_03_01_05_04.png?v=20201113	field_minion	フィールド・ミニオン	colorless	無色	3	PC:05 GLORY	2	ゴブリン|レギオン	R					
colorless_03_01_06_01	1262	オアシスタートル	https://www.aicarddass.com/zenonzard/images/cardlist/cards/colorless_03_01_06_01.png?v=20201113	field_minion	フィールド・ミニオン	colorless	無色	3	PC:06 HELIX	1	ビースト|レギオン	C					
colorless_01_01_06_00	1263	タナトスの板前	https://www.aicarddass.com/zenonzard/images/cardlist/cards/colorless_01_01_06_00.png?v=20201113	field_minion	フィールド・ミニオン	colorless	無色	3	PC:06 HELIX	1	スケルトン	C					
colorless_03_04_00_00	1264	ドラゴン『水』・トークン	https://www.aicarddass.com/zenonzard/images/cardlist/cards/colorless_03_04_00_00.png?v=20201113	token_minion	ミニオン・トークン	colorless	無色	3	ベーシック	15	ドラゴン	Basic					
colorless_04_02_01_06	1265	モルド	https://www.aicarddass.com/zenonzard/images/cardlist/cards/colorless_04_02_01_06.png?v=20201113	field_minion	フィールド・ミニオン	colorless	無色	4	PC:01 AWAKEN	14	ビースト	C					
colorless_04_02_01_05	1266	ファンカリアス	https://www.aicarddass.com/zenonzard/images/cardlist/cards/colorless_04_02_01_05.png?v=20201113	field_minion	フィールド・ミニオン	colorless	無色	4	PC:01 AWAKEN	14	ウイング	C					
colorless_04_02_01_00	1267	エレキタマス	https://www.aicarddass.com/zenonzard/images/cardlist/cards/colorless_04_02_01_00.png?v=20201113	field_minion	フィールド・ミニオン	colorless	無色	4	PC:01 AWAKEN	14	ビースト	C					
colorless_04_02_01_01	1268	モンスター・ブック	https://www.aicarddass.com/zenonzard/images/cardlist/cards/colorless_04_02_01_01.png?v=20201113	field_minion	フィールド・ミニオン	colorless	無色	4	PC:01 AWAKEN	14	モンスター	R					
colorless_04_02_01_02	1269	アシッド・ドラゴン	https://www.aicarddass.com/zenonzard/images/cardlist/cards/colorless_04_02_01_02.png?v=20201113	field_minion	フィールド・ミニオン	colorless	無色	4	PC:01 AWAKEN	14	ドラゴン	R					
colorless_04_02_01_03	1270	雷龍ライトニングフォール	https://www.aicarddass.com/zenonzard/images/cardlist/cards/colorless_04_02_01_03.png?v=20201113	field_minion	フィールド・ミニオン	colorless	無色	4	PC:01 AWAKEN	14	ドラゴン	E					
colorless_04_02_01_04	1271	魔力喰い	https://www.aicarddass.com/zenonzard/images/cardlist/cards/colorless_04_02_01_04.png?v=20201113	field_minion	フィールド・ミニオン	colorless	無色	4	PC:01 AWAKEN	14	モンスター	E					
colorless_04_02_00_00	1272	ロックイーター	https://www.aicarddass.com/zenonzard/images/cardlist/cards/colorless_04_02_00_00.png?v=20201113	field_minion	フィールド・ミニオン	colorless	無色	4	ベーシック	15	ダイナソー	Basic					
colorless_04_02_00_02	1273	「鉄塊」トリケラ・ライノス	https://www.aicarddass.com/zenonzard/images/cardlist/cards/colorless_04_02_00_02.png?v=20201113	field_minion	フィールド・ミニオン	colorless	無色	4	ベーシック	15	ビースト	Basic					
colorless_04_02_00_01	1274	チャルチャルシオ	https://www.aicarddass.com/zenonzard/images/cardlist/cards/colorless_04_02_00_01.png?v=20201113	field_minion	フィールド・ミニオン	colorless	無色	4	ベーシック	15	トライブ	Basic					
colorless_04_02_00_04	1275	ハウリング・ダイアー	https://www.aicarddass.com/zenonzard/images/cardlist/cards/colorless_04_02_00_04.png?v=20201113	field_minion	フィールド・ミニオン	colorless	無色	4	ベーシック	15	トライブ	Basic					
colorless_04_02_00_03	1276	ボム・ウォール	https://www.aicarddass.com/zenonzard/images/cardlist/cards/colorless_04_02_00_03.png?v=20201113	field_minion	フィールド・ミニオン	colorless	無色	4	ベーシック	15	モンスター	Basic					
colorless_04_02_ex01_00	1277	「凱の鼠騎士」ヴィクソン	https://www.aicarddass.com/zenonzard/images/cardlist/cards/colorless_04_02_ex01_00.png?v=20201113	field_minion	フィールド・ミニオン	colorless	無色	4	EX:01 魔術都市の9戦士	13	ラット	R
colorless_04_02_ex01_02	1278	「混の鼠騎士」ミクス	https://www.aicarddass.com/zenonzard/images/cardlist/cards/colorless_04_02_ex01_02.png?v=20201113	field_minion	フィールド・ミニオン	colorless	無色	4	EX:01 魔術都市の9戦士	13	ラット	R
colorless_04_02_01r_00	1279	ヒドゥンヴォルフ	https://www.aicarddass.com/zenonzard/images/cardlist/cards/colorless_04_02_01r_00.png?v=20201113	field_minion	フィールド・ミニオン	colorless	無色	4	PC:01R BEYOND	12	ビースト	R					
colorless_04_02_02_00	1280	オブシディアン・ドラゴン	https://www.aicarddass.com/zenonzard/images/cardlist/cards/colorless_04_02_02_00.png?v=20201113	field_minion	フィールド・ミニオン	colorless	無色	4	PC:02 CONTRACT	11	ドラゴン	C					
colorless_04_02_02_01	1281	スレイビートル	https://www.aicarddass.com/zenonzard/images/cardlist/cards/colorless_04_02_02_01.png?v=20201113	field_minion	フィールド・ミニオン	colorless	無色	4	PC:02 CONTRACT	11	モンスター	R					
colorless_04_02_02_02	1282	スティール・センチピード	https://www.aicarddass.com/zenonzard/images/cardlist/cards/colorless_04_02_02_02.png?v=20201113	field_minion	フィールド・ミニオン	colorless	無色	4	PC:02 CONTRACT	11	モンスター	E					
colorless_04_02_02_03	1283	密林王ブラックサーベルジャガー	https://www.aicarddass.com/zenonzard/images/cardlist/cards/colorless_04_02_02_03.png?v=20201113	field_minion	フィールド・ミニオン	colorless	無色	4	PC:02 CONTRACT	11	ビースト	L					
colorless_04_02_02r_00	1284	ドラゴンフライ	https://www.aicarddass.com/zenonzard/images/cardlist/cards/colorless_04_02_02r_00.png?v=20201113	field_minion	フィールド・ミニオン	colorless	無色	4	PC:02R DIVINE	10	ウイング	C					
colorless_04_02_02r_02	1285	ゴブリンナイト	https://www.aicarddass.com/zenonzard/images/cardlist/cards/colorless_04_02_02r_02.png?v=20201113	field_minion	フィールド・ミニオン	colorless	無色	4	PC:02R DIVINE	10	ゴブリン	E					
colorless_04_02_02r_03	1286	雷龍ライトニングフォール	https://www.aicarddass.com/zenonzard/images/cardlist/cards/colorless_04_02_02r_03.png?v=20201113	field_minion	フィールド・ミニオン	colorless	無色	4	PC:02R DIVINE	10	ドラゴン	E					
colorless_04_02_02c_00	1287	スリーピング・ナイツ	https://www.aicarddass.com/zenonzard/images/cardlist/cards/colorless_04_02_02c_00.png?v=20201113	field_minion	フィールド・ミニオン	colorless	無色	4	EXCODE:02C SAO	9	ソード	C					
colorless_04_02_02c_01	1288	「オーディナル・スケール」アスナ	https://www.aicarddass.com/zenonzard/images/cardlist/cards/colorless_04_02_02c_01.png?v=20201113	field_minion	フィールド・ミニオン	colorless	無色	4	EXCODE:02C SAO	9	閃光|ソード	R					
colorless_04_02_02c_02	1289	「隠遁の管理者」カーディナル	https://www.aicarddass.com/zenonzard/images/cardlist/cards/colorless_04_02_02c_02.png?v=20201113	field_minion	フィールド・ミニオン	colorless	無色	4	EXCODE:02C SAO	9	ソード	E					
colorless_04_02_02c_03	1290	「GGOの剣士」キリト	https://www.aicarddass.com/zenonzard/images/cardlist/cards/colorless_04_02_02c_03.png?v=20201113	field_minion	フィールド・ミニオン	colorless	無色	4	EXCODE:02C SAO	9	黒の剣士|ソード	C					
colorless_04_01_03_00	1291	宝山のグリフォン	https://www.aicarddass.com/zenonzard/images/cardlist/cards/colorless_04_01_03_00.png?v=20201113	field_minion	フィールド・ミニオン	colorless	無色	4	PC:03 EVOLVE	8	ウイング	C					
colorless_04_01_03_01	1292	沼地のドラゴン	https://www.aicarddass.com/zenonzard/images/cardlist/cards/colorless_04_01_03_01.png?v=20201113	field_minion	フィールド・ミニオン	colorless	無色	4	PC:03 EVOLVE	8	ドラゴン	C					
colorless_04_01_03_02	1293	「ラスの召喚獣・人」サムライ	https://www.aicarddass.com/zenonzard/images/cardlist/cards/colorless_04_01_03_02.png?v=20201113	field_minion	フィールド・ミニオン	colorless	無色	4	PC:03 EVOLVE	8	アルカナ|ソード	L					
colorless_04_02_EX02_00	1294	フェアリーシスターズ	https://www.aicarddass.com/zenonzard/images/cardlist/cards/colorless_04_02_EX02_00.png?v=20201113	field_minion	フィールド・ミニオン	colorless	無色	4	EX:02 幻影の剣士	7	ソード	C					
colorless_04_02_EX02_01	1295	「士官」アメリア	https://www.aicarddass.com/zenonzard/images/cardlist/cards/colorless_04_02_EX02_01.png?v=20201113	field_minion	フィールド・ミニオン	colorless	無色	4	EX:02 幻影の剣士	7	閃光|ソード	R					
colorless_04_02_EX02_02	1296	「書架の魔導士」カナ	https://www.aicarddass.com/zenonzard/images/cardlist/cards/colorless_04_02_EX02_02.png?v=20201113	field_minion	フィールド・ミニオン	colorless	無色	4	EX:02 幻影の剣士	7	ソード	E					
colorless_04_02_EX02_03	1297	「潜伏者」ソロ	https://www.aicarddass.com/zenonzard/images/cardlist/cards/colorless_04_02_EX02_03.png?v=20201113	field_minion	フィールド・ミニオン	colorless	無色	4	EX:02 幻影の剣士	7	黒の剣士|ソード	C					
colorless_04_02_04_01	1298	選ばれし探索者アレックス	https://www.aicarddass.com/zenonzard/images/cardlist/cards/colorless_04_02_04_01.png?v=20201113	field_minion	フィールド・ミニオン	colorless	無色	4	PC:04 FORBIDDEN	6	BS	L					
colorless_04_01_EX04_01	1299	仮面ライダーバルキリー ライトニングホーネット	https://www.aicarddass.com/zenonzard/images/cardlist/cards/colorless_04_01_EX04_01.png?v=20201113	field_minion	フィールド・ミニオン	colorless	無色	4	EX:04 KAMEN RIDER	4	仮面	E					
colorless_04_01_EX04c_00	1300	「竜砲士」バートル	https://www.aicarddass.com/zenonzard/images/cardlist/cards/colorless_04_01_EX04c_00.png?v=20201113	field_minion	フィールド・ミニオン	colorless	無色	4	EX:04 HEROIC_MASQUERADE	3	仮面	L					
colorless_04_01_EX04c_01	1301	Valk エオリアLH	https://www.aicarddass.com/zenonzard/images/cardlist/cards/colorless_04_01_EX04c_01.png?v=20201113	field_minion	フィールド・ミニオン	colorless	無色	4	EX:04 HEROIC_MASQUERADE	3	仮面	E					
colorless_04_01_05_00	1302	ドラゴニュートの剣士	https://www.aicarddass.com/zenonzard/images/cardlist/cards/colorless_04_01_05_00.png?v=20201113	field_minion	フィールド・ミニオン	colorless	無色	4	PC:05 GLORY	2	ドラゴニュート|レギオン	C					
colorless_03_01_06_00	1303	ハニーファルコン	https://www.aicarddass.com/zenonzard/images/cardlist/cards/colorless_03_01_06_00.png?v=20201113	field_minion	フィールド・ミニオン	colorless	無色	4	PC:06 HELIX	1	ウイング|レギオン	C					
colorless_04_02_04_00	1304	エマの第2魔法：ボーリング	https://www.aicarddass.com/zenonzard/images/cardlist/cards/colorless_04_02_04_00.png?v=20201113	magic	マジック	colorless	無色	4	PC:04 FORBIDDEN	6		L					
colorless_04_04_00_00	1305	ドラゴン・トークン	https://www.aicarddass.com/zenonzard/images/cardlist/cards/colorless_04_04_00_00.png?v=20201113	token_minion	ミニオン・トークン	colorless	無色	4	ベーシック	15	ドラゴン	Basic					
colorless_04_04_00_01	1306	ドラゴン『風』・トークン	https://www.aicarddass.com/zenonzard/images/cardlist/cards/colorless_04_04_00_01.png?v=20201113	token_minion	ミニオン・トークン	colorless	無色	4	ベーシック	15	ドラゴン	Basic					
colorless_05_02_01_01	1307	ホーリードラゴン	https://www.aicarddass.com/zenonzard/images/cardlist/cards/colorless_05_02_01_01.png?v=20201113	field_minion	フィールド・ミニオン	colorless	無色	5	PC:01 AWAKEN	14	ドラゴン	C					
colorless_05_02_01_00	1308	フライング・クロース	https://www.aicarddass.com/zenonzard/images/cardlist/cards/colorless_05_02_01_00.png?v=20201113	field_minion	フィールド・ミニオン	colorless	無色	5	PC:01 AWAKEN	14	モンスター	C					
colorless_05_02_01_02	1309	ブロッブウォール	https://www.aicarddass.com/zenonzard/images/cardlist/cards/colorless_05_02_01_02.png?v=20201113	field_minion	フィールド・ミニオン	colorless	無色	5	PC:01 AWAKEN	14	モンスター	R					
colorless_05_02_01_03	1310	スペルゲイザー・ヴォルフ	https://www.aicarddass.com/zenonzard/images/cardlist/cards/colorless_05_02_01_03.png?v=20201113	field_minion	フィールド・ミニオン	colorless	無色	5	PC:01 AWAKEN	14	ビースト	R					
colorless_05_02_01_04	1311	幸運のドリンキング・バニー	https://www.aicarddass.com/zenonzard/images/cardlist/cards/colorless_05_02_01_04.png?v=20201113	field_minion	フィールド・ミニオン	colorless	無色	5	PC:01 AWAKEN	14	ヒューマノイド	E					
colorless_05_02_01_05	1312	「双星に謳う者」ティルト＆ウェルト	https://www.aicarddass.com/zenonzard/images/cardlist/cards/colorless_05_02_01_05.png?v=20201113	field_minion	フィールド・ミニオン	colorless	無色	5	PC:01 AWAKEN	14	デミゴッド	L					
colorless_05_02_01_07	1313	魔竜騎士ダストライド	https://www.aicarddass.com/zenonzard/images/cardlist/cards/colorless_05_02_01_07.png?v=20201113	field_minion	フィールド・ミニオン	colorless	無色	5	PC:01 AWAKEN	14	ヒューマノイド	L					
colorless_05_02_01_06	1314	ワイズ・ドラマー	https://www.aicarddass.com/zenonzard/images/cardlist/cards/colorless_05_02_01_06.png?v=20201113	field_minion	フィールド・ミニオン	colorless	無色	5	PC:01 AWAKEN	14	トライブ	R					
colorless_05_02_00_00	1315	ラヴァイソン	https://www.aicarddass.com/zenonzard/images/cardlist/cards/colorless_05_02_00_00.png?v=20201113	field_minion	フィールド・ミニオン	colorless	無色	5	ベーシック	15	モンスター	Basic					
colorless_05_02_00_01	1316	スプリング・バイソン	https://www.aicarddass.com/zenonzard/images/cardlist/cards/colorless_05_02_00_01.png?v=20201113	field_minion	フィールド・ミニオン	colorless	無色	5	ベーシック	15	ビースト	Basic					
colorless_05_02_00_02	1317	ツインテール・シザース	https://www.aicarddass.com/zenonzard/images/cardlist/cards/colorless_05_02_00_02.png?v=20201113	field_minion	フィールド・ミニオン	colorless	無色	5	ベーシック	15	モンスター	Basic					
colorless_05_02_ex01_00	1318	「聖の鼠騎士」ホリィ	https://www.aicarddass.com/zenonzard/images/cardlist/cards/colorless_05_02_ex01_00.png?v=20201113	field_minion	フィールド・ミニオン	colorless	無色	5	EX:01 魔術都市の9戦士	13	ラット	R
colorless_05_02_ex01_01	1319	「甦の鼠騎士」リザ	https://www.aicarddass.com/zenonzard/images/cardlist/cards/colorless_05_02_ex01_01.png?v=20201113	field_minion	フィールド・ミニオン	colorless	無色	5	EX:01 魔術都市の9戦士	13	ラット	R
colorless_05_02_ex01_02	1320	「双の鼠騎士」ツイン	https://www.aicarddass.com/zenonzard/images/cardlist/cards/colorless_05_02_ex01_02.png?v=20201113	field_minion	フィールド・ミニオン	colorless	無色	5	EX:01 魔術都市の9戦士	13	ラット	R
colorless_05_02_01r_00	1321	サファイア・ドラゴン	https://www.aicarddass.com/zenonzard/images/cardlist/cards/colorless_05_02_01r_00.png?v=20201113	field_minion	フィールド・ミニオン	colorless	無色	5	PC:01R BEYOND	12	ドラゴン	C					
colorless_05_02_01r_01	1322	キャンセラーピューマ	https://www.aicarddass.com/zenonzard/images/cardlist/cards/colorless_05_02_01r_01.png?v=20201113	field_minion	フィールド・ミニオン	colorless	無色	5	PC:01R BEYOND	12	ビースト	E					
colorless_05_02_02_00	1323	ゴブリン・アサシン	https://www.aicarddass.com/zenonzard/images/cardlist/cards/colorless_05_02_02_00.png?v=20201113	field_minion	フィールド・ミニオン	colorless	無色	5	PC:02 CONTRACT	11	ゴブリン	C					
colorless_05_02_02_01	1324	モノアイドラゴン	https://www.aicarddass.com/zenonzard/images/cardlist/cards/colorless_05_02_02_01.png?v=20201113	field_minion	フィールド・ミニオン	colorless	無色	5	PC:02 CONTRACT	11	ドラゴン	R					
colorless_05_02_02_03	1325	「英雄」エラー・ド・ネジェル	https://www.aicarddass.com/zenonzard/images/cardlist/cards/colorless_05_02_02_03.png?v=20201113	field_minion	フィールド・ミニオン	colorless	無色	5	PC:02 CONTRACT	11	ヒューマノイド	L					
colorless_05_02_02r_00	1326	ロイヤルドッグ	https://www.aicarddass.com/zenonzard/images/cardlist/cards/colorless_05_02_02r_00.png?v=20201113	field_minion	フィールド・ミニオン	colorless	無色	5	PC:02R DIVINE	10	ビースト	E					
colorless_05_02_02r_01	1327	ルビードラゴン	https://www.aicarddass.com/zenonzard/images/cardlist/cards/colorless_05_02_02r_01.png?v=20201113	field_minion	フィールド・ミニオン	colorless	無色	5	PC:02R DIVINE	10	ドラゴン	E					
colorless_05_02_02c_00	1328	「二刀流」キリト	https://www.aicarddass.com/zenonzard/images/cardlist/cards/colorless_05_02_02c_00.png?v=20201113	field_minion	フィールド・ミニオン	colorless	無色	5	EXCODE:02C SAO	9	黒の剣士|ソード	L					
colorless_05_02_02c_01	1329	「パワードスーツ」エイジ	https://www.aicarddass.com/zenonzard/images/cardlist/cards/colorless_05_02_02c_01.png?v=20201113	field_minion	フィールド・ミニオン	colorless	無色	5	EXCODE:02C SAO	9	ソード	R					
colorless_05_02_02c_02	1330	「オーディナル・スケール」キリト	https://www.aicarddass.com/zenonzard/images/cardlist/cards/colorless_05_02_02c_02.png?v=20201113	field_minion	フィールド・ミニオン	colorless	無色	5	EXCODE:02C SAO	9	黒の剣士|ソード	R					
colorless_05_02_cp_00	1331	「SAO」アスナ	https://www.aicarddass.com/zenonzard/images/cardlist/cards/colorless_05_02_cp_00.png?v=20201113	field_minion	フィールド・ミニオン	colorless	無色	5	CAMPAIGN	16		L					
colorless_05_02_02c_03	1332	「創世神」ステイシア	https://www.aicarddass.com/zenonzard/images/cardlist/cards/colorless_05_02_02c_03.png?v=20201113	field_minion	フィールド・ミニオン	colorless	無色	5	EXCODE:02C SAO	9	閃光|ソード	L					
colorless_05_02_EX02_00	1333	「双竜刃」ソロ	https://www.aicarddass.com/zenonzard/images/cardlist/cards/colorless_05_02_EX02_00.png?v=20201113	field_minion	フィールド・ミニオン	colorless	無色	5	EX:02 幻影の剣士	7	黒の剣士|ソード	L					
colorless_05_02_EX02_01	1334	アーマード・ファング	https://www.aicarddass.com/zenonzard/images/cardlist/cards/colorless_05_02_EX02_01.png?v=20201113	field_minion	フィールド・ミニオン	colorless	無色	5	EX:02 幻影の剣士	7	ソード	R					
colorless_05_02_EX02_02	1335	「士官」ソロ	https://www.aicarddass.com/zenonzard/images/cardlist/cards/colorless_05_02_EX02_02.png?v=20201113	field_minion	フィールド・ミニオン	colorless	無色	5	EX:02 幻影の剣士	7	黒の剣士|ソード	R					
colorless_05_02_EX02_03	1336	「純潔の聖女」アメリア	https://www.aicarddass.com/zenonzard/images/cardlist/cards/colorless_05_02_EX02_03.png?v=20201113	field_minion	フィールド・ミニオン	colorless	無色	5	EX:02 幻影の剣士	7	閃光|ソード	L					
colorless_05_02_EX02_04	1337	「閃光の剣士」アメリア	https://www.aicarddass.com/zenonzard/images/cardlist/cards/colorless_05_02_EX02_04.png?v=20201113	field_minion	フィールド・ミニオン	colorless	無色	5	EX:02 幻影の剣士	7	ソード	L					
colorless_05_01_04_00	1338	ウェイブスライム	https://www.aicarddass.com/zenonzard/images/cardlist/cards/colorless_05_01_04_00.png?v=20201113	field_minion	フィールド・ミニオン	colorless	無色	5	PC:04 FORBIDDEN	6	モンスター	C					
colorless_05_01_04_01	1339	星文学者リリア	https://www.aicarddass.com/zenonzard/images/cardlist/cards/colorless_05_01_04_01.png?v=20201113	field_minion	フィールド・ミニオン	colorless	無色	5	PC:04 FORBIDDEN	6	BS	E					
colorless_05_01_EX04_00	1340	仮面ライダーエターナル	https://www.aicarddass.com/zenonzard/images/cardlist/cards/colorless_05_01_EX04_00.png?v=20201113	field_minion	フィールド・ミニオン	colorless	無色	5	EX:04 KAMEN RIDER	4	仮面	L					
colorless_05_01_EX04_01	1341	仮面ライダーバルカン パンチングコング	https://www.aicarddass.com/zenonzard/images/cardlist/cards/colorless_05_01_EX04_01.png?v=20201113	field_minion	フィールド・ミニオン	colorless	無色	5	EX:04 KAMEN RIDER	4	仮面|ソルジャー	C					
colorless_05_01_EX04c_00	1342	仮面の騎士 イーオス	https://www.aicarddass.com/zenonzard/images/cardlist/cards/colorless_05_01_EX04c_00.png?v=20201113	field_minion	フィールド・ミニオン	colorless	無色	5	EX:04 HEROIC_MASQUERADE	3	仮面	L					
colorless_05_01_EX04c_01	1343	Vulc01 ゴリラモード	https://www.aicarddass.com/zenonzard/images/cardlist/cards/colorless_05_01_EX04c_01.png?v=20201113	field_minion	フィールド・ミニオン	colorless	無色	5	EX:04 HEROIC_MASQUERADE	3	仮面|ソルジャー	C					
colorless_05_01_05_00	1344	「戦場を巡る者」アルテガル	https://www.aicarddass.com/zenonzard/images/cardlist/cards/colorless_05_01_05_00.png?v=20201113	field_minion	フィールド・ミニオン	colorless	無色	5	PC:05 GLORY	2	デミゴッド|レギオン	L					
colorless_05_01_05_01	1345	「全てを許される者」パトラ	https://www.aicarddass.com/zenonzard/images/cardlist/cards/colorless_05_01_05_01.png?v=20201113	field_minion	フィールド・ミニオン	colorless	無色	5	PC:05 GLORY	2	デミゴッド	L					
colorless_04_01_06_00	1346	「白帝」ビャッコ	https://www.aicarddass.com/zenonzard/images/cardlist/cards/colorless_04_01_06_00.png?v=20201113	field_minion	フィールド・ミニオン	colorless	無色	5	PC:06 HELIX	1	ファイブスター	L					
colorless_05_04_00_00	1347	ドラゴン『雷』・トークン	https://www.aicarddass.com/zenonzard/images/cardlist/cards/colorless_05_04_00_00.png?v=20201113	token_minion	ミニオン・トークン	colorless	無色	5	ベーシック	15	ドラゴン	Basic					
colorless_06_02_01_01	1348	ブレイブ・ドラマー	https://www.aicarddass.com/zenonzard/images/cardlist/cards/colorless_06_02_01_01.png?v=20201113	field_minion	フィールド・ミニオン	colorless	無色	6	PC:01 AWAKEN	14	トライブ	C					
colorless_06_02_01_00	1349	エメラルド・ドラゴン	https://www.aicarddass.com/zenonzard/images/cardlist/cards/colorless_06_02_01_00.png?v=20201113	field_minion	フィールド・ミニオン	colorless	無色	6	PC:01 AWAKEN	14	ドラゴン	C					
colorless_06_02_01_02	1350	「魔犬」ケルベロス・クリムゾン	https://www.aicarddass.com/zenonzard/images/cardlist/cards/colorless_06_02_01_02.png?v=20201113	field_minion	フィールド・ミニオン	colorless	無色	6	PC:01 AWAKEN	14	モンスター	E					
colorless_06_02_01_03	1351	「針を進める者」クロノリオンヌ	https://www.aicarddass.com/zenonzard/images/cardlist/cards/colorless_06_02_01_03.png?v=20201113	field_minion	フィールド・ミニオン	colorless	無色	6	PC:01 AWAKEN	14	デミゴッド	L					
colorless_06_02_01_04	1352	「勇気奮わす者」ウォレス	https://www.aicarddass.com/zenonzard/images/cardlist/cards/colorless_06_02_01_04.png?v=20201113	field_minion	フィールド・ミニオン	colorless	無色	6	PC:01 AWAKEN	14	デミゴッド	L					
colorless_06_02_00_01	1353	スパイクオクトパス	https://www.aicarddass.com/zenonzard/images/cardlist/cards/colorless_06_02_00_01.png?v=20201113	field_minion	フィールド・ミニオン	colorless	無色	6	ベーシック	15	モンスター	Basic					
colorless_06_02_00_00	1354	リボルバーコンドル	https://www.aicarddass.com/zenonzard/images/cardlist/cards/colorless_06_02_00_00.png?v=20201113	field_minion	フィールド・ミニオン	colorless	無色	6	ベーシック	15	ウイング	Basic					
colorless_06_02_00_02	1355	ボンバルーン・ラット	https://www.aicarddass.com/zenonzard/images/cardlist/cards/colorless_06_02_00_02.png?v=20201113	field_minion	フィールド・ミニオン	colorless	無色	6	ベーシック	15	ラット	Basic					
colorless_06_02_01r_00	1356	ガイオ・センチピード	https://www.aicarddass.com/zenonzard/images/cardlist/cards/colorless_06_02_01r_00.png?v=20201113	field_minion	フィールド・ミニオン	colorless	無色	6	PC:01R BEYOND	12	モンスター	R					
colorless_06_02_01r_01	1357	「扉を開く者」アルカス	https://www.aicarddass.com/zenonzard/images/cardlist/cards/colorless_06_02_01r_01.png?v=20201113	field_minion	フィールド・ミニオン	colorless	無色	6	PC:01R BEYOND	12	デミゴッド	L					
colorless_06_02_02_00	1358	ギリーボア	https://www.aicarddass.com/zenonzard/images/cardlist/cards/colorless_06_02_02_00.png?v=20201113	field_minion	フィールド・ミニオン	colorless	無色	6	PC:02 CONTRACT	11	ビースト	R					
colorless_06_02_02_01	1359	暴風竜ストームギラ	https://www.aicarddass.com/zenonzard/images/cardlist/cards/colorless_06_02_02_01.png?v=20201113	field_minion	フィールド・ミニオン	colorless	無色	6	PC:02 CONTRACT	11	ドラゴン	R					
colorless_06_02_02_02	1360	ブラック・フレイム	https://www.aicarddass.com/zenonzard/images/cardlist/cards/colorless_06_02_02_02.png?v=20201113	field_minion	フィールド・ミニオン	colorless	無色	6	PC:02 CONTRACT	11	ビースト	E					
colorless_06_02_02r_00	1361	ホワイトバット	https://www.aicarddass.com/zenonzard/images/cardlist/cards/colorless_06_02_02r_00.png?v=20201113	field_minion	フィールド・ミニオン	colorless	無色	6	PC:02R DIVINE	10	ウイング	R					
colorless_06_02_02r_01	1362	グレーターイーグル	https://www.aicarddass.com/zenonzard/images/cardlist/cards/colorless_06_02_02r_01.png?v=20201113	field_minion	フィールド・ミニオン	colorless	無色	6	PC:02R DIVINE	10	ウイング	R					
colorless_06_02_cp_00	1363	「SAO」キリト	https://www.aicarddass.com/zenonzard/images/cardlist/cards/colorless_06_02_cp_00.png?v=20201113	field_minion	フィールド・ミニオン	colorless	無色	6	CAMPAIGN	16		L					
colorless_06_02_02c_00	1364	「地神」テラリア	https://www.aicarddass.com/zenonzard/images/cardlist/cards/colorless_06_02_02c_00.png?v=20201113	field_minion	フィールド・ミニオン	colorless	無色	6	EXCODE:02C SAO	9	ソード	L					
colorless_06_01_03_00	1365	隻眼のライオン	https://www.aicarddass.com/zenonzard/images/cardlist/cards/colorless_06_01_03_00.png?v=20201113	field_minion	フィールド・ミニオン	colorless	無色	6	PC:03 EVOLVE	8	モンスター	R					
colorless_06_01_03_01	1366	マンティコア	https://www.aicarddass.com/zenonzard/images/cardlist/cards/colorless_06_01_03_01.png?v=20201113	field_minion	フィールド・ミニオン	colorless	無色	6	PC:03 EVOLVE	8	キマイラ	R					
colorless_06_01_03_02	1367	ハーピー	https://www.aicarddass.com/zenonzard/images/cardlist/cards/colorless_06_01_03_02.png?v=20201113	field_minion	フィールド・ミニオン	colorless	無色	6	PC:03 EVOLVE	8	ウイング	E					
colorless_06_02_EX02_00	1368	「妖精姫」リリ	https://www.aicarddass.com/zenonzard/images/cardlist/cards/colorless_06_02_EX02_00.png?v=20201113	field_minion	フィールド・ミニオン	colorless	無色	6	EX:02 幻影の剣士	7	ソード	L					
colorless_06_02_EX02_01	1369	「幻影の剣士」ソロ	https://www.aicarddass.com/zenonzard/images/cardlist/cards/colorless_06_02_EX02_01.png?v=20201113	field_minion	フィールド・ミニオン	colorless	無色	6	EX:02 幻影の剣士	7	ソード	L					
colorless_06_01_04_00	1370	北斗七星龍ジーク・アポロドラゴン	https://www.aicarddass.com/zenonzard/images/cardlist/cards/colorless_06_01_04_00.png?v=20201113	field_minion	フィールド・ミニオン	colorless	無色	6	PC:04 FORBIDDEN	6	BS|ドラゴン	R					
colorless_07_01_06_00	1371	シュネーシュトゥルム・シメーレ	https://www.aicarddass.com/zenonzard/images/cardlist/cards/colorless_07_01_06_00.png?v=20201113	field_minion	フィールド・ミニオン	colorless	無色	6	PC:06 HELIX	1	キマイラ|ハンター	R					
colorless_05_01_06_00	1372	「美を尊ぶ者」マリー	https://www.aicarddass.com/zenonzard/images/cardlist/cards/colorless_05_01_06_00.png?v=20201113	field_minion	フィールド・ミニオン	colorless	無色	6	PC:06 HELIX	1	デミゴッド	L					
colorless_08_01_06_00	1373	「狭間から救う者」ロビン	https://www.aicarddass.com/zenonzard/images/cardlist/cards/colorless_08_01_06_00.png?v=20201113	field_minion	フィールド・ミニオン	colorless	無色	6	PC:06 HELIX	1	デミゴッド	L					
colorless_07_02_01_00	1374	ガルガンチュア・イーグル	https://www.aicarddass.com/zenonzard/images/cardlist/cards/colorless_07_02_01_00.png?v=20201113	field_minion	フィールド・ミニオン	colorless	無色	7	PC:01 AWAKEN	14	ウイング	C					
colorless_07_02_01_01	1375	「魔術の巨人」マジクル・ベイル	https://www.aicarddass.com/zenonzard/images/cardlist/cards/colorless_07_02_01_01.png?v=20201113	field_minion	フィールド・ミニオン	colorless	無色	7	PC:01 AWAKEN	14	ゴレイム	R					
colorless_07_02_01_02	1376	「時を一巡させる者」エンリコ	https://www.aicarddass.com/zenonzard/images/cardlist/cards/colorless_07_02_01_02.png?v=20201113	field_minion	フィールド・ミニオン	colorless	無色	7	PC:01 AWAKEN	14	デミゴッド	L					
colorless_07_02_00_00	1377	告死獣ヌエ	https://www.aicarddass.com/zenonzard/images/cardlist/cards/colorless_07_02_00_00.png?v=20201113	field_minion	フィールド・ミニオン	colorless	無色	7	ベーシック	15	キマイラ	Basic					
colorless_07_02_ex01_00	1378	「酒場の看板娘」カレン	https://www.aicarddass.com/zenonzard/images/cardlist/cards/colorless_07_02_ex01_00.png?v=20201113	field_minion	フィールド・ミニオン	colorless	無色	7	EX:01 魔術都市の9戦士	13	ヒューマノイド	E
colorless_08_02_ex01_00	1379	「記憶を覗く者」メモリア	https://www.aicarddass.com/zenonzard/images/cardlist/cards/colorless_08_02_ex01_00.png?v=20201113	field_minion	フィールド・ミニオン	colorless	無色	7	EX:01 魔術都市の9戦士	13	デミゴッド	L
colorless_07_02_01r_00	1380	「長雷槍」カルナール	https://www.aicarddass.com/zenonzard/images/cardlist/cards/colorless_07_02_01r_00.png?v=20201113	field_minion	フィールド・ミニオン	colorless	無色	7	PC:01R BEYOND	12	セントール	R					
colorless_07_02_01r_01	1381	ゴルゴンシャーマン	https://www.aicarddass.com/zenonzard/images/cardlist/cards/colorless_07_02_01r_01.png?v=20201113	field_minion	フィールド・ミニオン	colorless	無色	7	PC:01R BEYOND	12	モンスター	E					
colorless_07_02_01r_02	1382	「炎魔」バルドロード	https://www.aicarddass.com/zenonzard/images/cardlist/cards/colorless_07_02_01r_02.png?v=20201113	field_minion	フィールド・ミニオン	colorless	無色	7	PC:01R BEYOND	12	モンスター	L					
colorless_07_02_02_00	1383	咆竜ブラスティオス	https://www.aicarddass.com/zenonzard/images/cardlist/cards/colorless_07_02_02_00.png?v=20201113	field_minion	フィールド・ミニオン	colorless	無色	7	PC:02 CONTRACT	11	ドラゴン	C					
colorless_07_02_02_01	1384	「二艘槍」ハーゲン	https://www.aicarddass.com/zenonzard/images/cardlist/cards/colorless_07_02_02_01.png?v=20201113	field_minion	フィールド・ミニオン	colorless	無色	7	PC:02 CONTRACT	11	セントール	E					
colorless_07_02_02r_00	1385	アントラー・タイガー	https://www.aicarddass.com/zenonzard/images/cardlist/cards/colorless_07_02_02r_00.png?v=20201113	field_minion	フィールド・ミニオン	colorless	無色	7	PC:02R DIVINE	10	キマイラ	C					
colorless_07_02_02r_01	1386	「炎狼」ヴォルト	https://www.aicarddass.com/zenonzard/images/cardlist/cards/colorless_07_02_02r_01.png?v=20201113	field_minion	フィールド・ミニオン	colorless	無色	7	PC:02R DIVINE	10	ビースト	E					
colorless_07_02_02c_00	1387	「氷の狙撃手」シノン	https://www.aicarddass.com/zenonzard/images/cardlist/cards/colorless_07_02_02c_00.png?v=20201113	field_minion	フィールド・ミニオン	colorless	無色	7	EXCODE:02C SAO	9	ソード	L					
colorless_07_02_02c_01	1388	ザ・スカル・リーパー	https://www.aicarddass.com/zenonzard/images/cardlist/cards/colorless_07_02_02c_01.png?v=20201113	field_minion	フィールド・ミニオン	colorless	無色	7	EXCODE:02C SAO	9	ソード	R					
colorless_07_02_02c_02	1389	ザ・フェイタルサイズ	https://www.aicarddass.com/zenonzard/images/cardlist/cards/colorless_07_02_02c_02.png?v=20201113	field_minion	フィールド・ミニオン	colorless	無色	7	EXCODE:02C SAO	9	ソード	R					
colorless_07_01_03_00	1390	フレイム・ドラゴン	https://www.aicarddass.com/zenonzard/images/cardlist/cards/colorless_07_01_03_00.png?v=20201113	field_minion	フィールド・ミニオン	colorless	無色	7	PC:03 EVOLVE	8	ドラゴン	R					
colorless_07_01_03_01	1391	ゴブリンの騎馬隊	https://www.aicarddass.com/zenonzard/images/cardlist/cards/colorless_07_01_03_01.png?v=20201113	field_minion	フィールド・ミニオン	colorless	無色	7	PC:03 EVOLVE	8	ゴブリン	E					
colorless_07_01_03_02	1392	「ラスの召喚獣・地」リュウジン	https://www.aicarddass.com/zenonzard/images/cardlist/cards/colorless_07_01_03_02.png?v=20201113	field_minion	フィールド・ミニオン	colorless	無色	7	PC:03 EVOLVE	8	アルカナ|ドラゴニュート	L					
colorless_07_02_EX02_00	1393	「必中の射手」リタ	https://www.aicarddass.com/zenonzard/images/cardlist/cards/colorless_07_02_EX02_00.png?v=20201113	field_minion	フィールド・ミニオン	colorless	無色	7	EX:02 幻影の剣士	7	ソード	L					
colorless_07_02_EX02_01	1394	リフレクション・リザード	https://www.aicarddass.com/zenonzard/images/cardlist/cards/colorless_07_02_EX02_01.png?v=20201113	field_minion	フィールド・ミニオン	colorless	無色	7	EX:02 幻影の剣士	7	ソード	R					
colorless_07_02_EX02_02	1395	ロア・クリーチャー	https://www.aicarddass.com/zenonzard/images/cardlist/cards/colorless_07_02_EX02_02.png?v=20201113	field_minion	フィールド・ミニオン	colorless	無色	7	EX:02 幻影の剣士	7	ソード	R					
colorless_07_02_04_00	1396	導化姫トリックスター	https://www.aicarddass.com/zenonzard/images/cardlist/cards/colorless_07_02_04_00.png?v=20201113	field_minion	フィールド・ミニオン	colorless	無色	7	PC:04 FORBIDDEN	6	BS	L					
colorless_07_01_EX04c_00	1397	Vulc01 ランペイジモード	https://www.aicarddass.com/zenonzard/images/cardlist/cards/colorless_07_01_EX04c_00.png?v=20201113	field_minion	フィールド・ミニオン	colorless	無色	7	EX:04 HEROIC_MASQUERADE	3		L					
colorless_07_01_05_00	1398	「守護竜」パールドラゴン	https://www.aicarddass.com/zenonzard/images/cardlist/cards/colorless_07_01_05_00.png?v=20201113	field_minion	フィールド・ミニオン	colorless	無色	7	PC:05 GLORY	2	ドラゴン|レギオン	E					
colorless_07_01_05_01	1399	砂竜ザカルダー	https://www.aicarddass.com/zenonzard/images/cardlist/cards/colorless_07_01_05_01.png?v=20201113	field_minion	フィールド・ミニオン	colorless	無色	7	PC:05 GLORY	2	ドラゴン	L					
colorless_06_01_06_00	1400	「ファンタズムニンジャ」オボロ	https://www.aicarddass.com/zenonzard/images/cardlist/cards/colorless_06_01_06_00.png?v=20201113	field_minion	フィールド・ミニオン	colorless	無色	7	PC:06 HELIX	1	ジャイアント	E					
colorless_08_02_01_01	1401	ギガ・サイクロプス	https://www.aicarddass.com/zenonzard/images/cardlist/cards/colorless_08_02_01_01.png?v=20201113	field_minion	フィールド・ミニオン	colorless	無色	8	PC:01 AWAKEN	14	ジャイアント	R					
colorless_08_02_01_00	1402	地の天使ウリエル	https://www.aicarddass.com/zenonzard/images/cardlist/cards/colorless_08_02_01_00.png?v=20201113	field_minion	フィールド・ミニオン	colorless	無色	8	PC:01 AWAKEN	14	エンジェル	R					
colorless_08_02_01_02	1403	災厄竜ダスカース	https://www.aicarddass.com/zenonzard/images/cardlist/cards/colorless_08_02_01_02.png?v=20201113	field_minion	フィールド・ミニオン	colorless	無色	8	PC:01 AWAKEN	14	ドラゴン	E					
colorless_08_02_02_00	1404	「悪夢」ハイドラ	https://www.aicarddass.com/zenonzard/images/cardlist/cards/colorless_08_02_02_00.png?v=20201113	field_minion	フィールド・ミニオン	colorless	無色	8	PC:02 CONTRACT	11	ドラゴン	E					
colorless_08_02_02r_00	1405	「蛇巨人」サーペンティーア	https://www.aicarddass.com/zenonzard/images/cardlist/cards/colorless_08_02_02r_00.png?v=20201113	field_minion	フィールド・ミニオン	colorless	無色	8	PC:02R DIVINE	10	モンスター	E					
colorless_08_02_02c_00	1406	ソードゴーレム	https://www.aicarddass.com/zenonzard/images/cardlist/cards/colorless_08_02_02c_00.png?v=20201113	field_minion	フィールド・ミニオン	colorless	無色	8	EXCODE:02C SAO	9	ソード	R					
colorless_08_02_02c_01	1407	「太陽神」ソルス	https://www.aicarddass.com/zenonzard/images/cardlist/cards/colorless_08_02_02c_01.png?v=20201113	field_minion	フィールド・ミニオン	colorless	無色	8	EXCODE:02C SAO	9	ソード	L					
colorless_08_02_EX02_00	1408	ヒュージ・スタチュー	https://www.aicarddass.com/zenonzard/images/cardlist/cards/colorless_08_02_EX02_00.png?v=20201113	field_minion	フィールド・ミニオン	colorless	無色	8	EX:02 幻影の剣士	7	ソード	R					
colorless_08_02_EX02_01	1409	「黄天の射手」リタ	https://www.aicarddass.com/zenonzard/images/cardlist/cards/colorless_08_02_EX02_01.png?v=20201113	field_minion	フィールド・ミニオン	colorless	無色	8	EX:02 幻影の剣士	7	ソード	L					
colorless_08_01_EX04_00	1410	仮面ライダーアークゼロ	https://www.aicarddass.com/zenonzard/images/cardlist/cards/colorless_08_01_EX04_00.png?v=20201113	field_minion	フィールド・ミニオン	colorless	無色	8	EX:04 KAMEN RIDER	4	仮面	L					
colorless_08_01_EX04c_00	1411	聖具のマスク アーク	https://www.aicarddass.com/zenonzard/images/cardlist/cards/colorless_08_01_EX04c_00.png?v=20201113	field_minion	フィールド・ミニオン	colorless	無色	8	EX:04 HEROIC_MASQUERADE	3	仮面	L					
colorless_010_01_06_00	1412	「氷魔女」シヴァリス	https://www.aicarddass.com/zenonzard/images/cardlist/cards/colorless_010_01_06_00.png?v=20201113	field_minion	フィールド・ミニオン	colorless	無色	8	PC:06 HELIX	1	モンスター|レギオン	L					
colorless_09_02_01_00	1413	「反射の巨人」クリスタル・ベイル	https://www.aicarddass.com/zenonzard/images/cardlist/cards/colorless_09_02_01_00.png?v=20201113	field_minion	フィールド・ミニオン	colorless	無色	9+	PC:01 AWAKEN	14	ゴレイム	E					
colorless_09_02_01_01	1414	炎龍ヘルファイアー	https://www.aicarddass.com/zenonzard/images/cardlist/cards/colorless_09_02_01_01.png?v=20201113	field_minion	フィールド・ミニオン	colorless	無色	9+	PC:01 AWAKEN	14	ドラゴン	E					
colorless_09_02_01_02	1415	「運命の図柄を描く者」ラケシス	https://www.aicarddass.com/zenonzard/images/cardlist/cards/colorless_09_02_01_02.png?v=20201113	field_minion	フィールド・ミニオン	colorless	無色	9+	PC:01 AWAKEN	14	デミゴッド	L					
colorless_09_02_ex01_00	1416	復讐のドラゴン	https://www.aicarddass.com/zenonzard/images/cardlist/cards/colorless_09_02_ex01_00.png?v=20201113	field_minion	フィールド・ミニオン	colorless	無色	9	EX:01 魔術都市の9戦士	13	ドラゴン	E
colorless_09_02_02r_00	1417	復讐のドラゴン	https://www.aicarddass.com/zenonzard/images/cardlist/cards/colorless_09_02_02r_00.png?v=20201113	field_minion	フィールド・ミニオン	colorless	無色	9+	PC:02R DIVINE	10	ドラゴン	E					
colorless_09_02_02c_00	1418	「最高司祭」アドミニストレータ	https://www.aicarddass.com/zenonzard/images/cardlist/cards/colorless_09_02_02c_00.png?v=20201113	field_minion	フィールド・ミニオン	colorless	無色	9+	EXCODE:02C SAO	9	ソード	E					
colorless_09_02_02c_01	1419	「ゲームマスター」茅場晶彦	https://www.aicarddass.com/zenonzard/images/cardlist/cards/colorless_09_02_02c_01.png?v=20201113	field_minion	フィールド・ミニオン	colorless	無色	9+	EXCODE:02C SAO	9	ソード	L					
colorless_09_01_03_00	1420	均衡のドラゴン	https://www.aicarddass.com/zenonzard/images/cardlist/cards/colorless_09_01_03_00.png?v=20201113	field_minion	フィールド・ミニオン	colorless	無色	9+	PC:03 EVOLVE	8	ドラゴン	E					
colorless_09_02_EX02_00	1421	黒衣の魔導士	https://www.aicarddass.com/zenonzard/images/cardlist/cards/colorless_09_02_EX02_00.png?v=20201113	field_minion	フィールド・ミニオン	colorless	無色	9+	EX:02 幻影の剣士	7	ソード	E					
colorless_09_02_EX02_01	1422	無貌の巨神	https://www.aicarddass.com/zenonzard/images/cardlist/cards/colorless_09_02_EX02_01.png?v=20201113	field_minion	フィールド・ミニオン	colorless	無色	9+	EX:02 幻影の剣士	7	ソード	L					
colorless_09_01_04_00	1423	アラクネ	https://www.aicarddass.com/zenonzard/images/cardlist/cards/colorless_09_01_04_00.png?v=20201113	field_minion	フィールド・ミニオン	colorless	無色	9+	PC:04 FORBIDDEN	6	モンスター	E					
colorless_09_01_05_00	1424	「運命の糸を紡ぐ者」クロートー	https://www.aicarddass.com/zenonzard/images/cardlist/cards/colorless_09_01_05_00.png?v=20201113	field_minion	フィールド・ミニオン	colorless	無色	9+	PC:05 GLORY	2	デミゴッド	L					
colorless_010_02_01_00	1425	九神龍「闘」アラバスター	https://www.aicarddass.com/zenonzard/images/cardlist/cards/colorless_010_02_01_00.png?v=20201113	field_minion	フィールド・ミニオン	colorless	無色	9+	PC:01 AWAKEN	14	ドラゴン	L					
colorless_010_02_01r_00	1426	「五幻獣」麒麟	https://www.aicarddass.com/zenonzard/images/cardlist/cards/colorless_010_02_01r_00.png?v=20201113	field_minion	フィールド・ミニオン	colorless	無色	9+	PC:01R BEYOND	12	ファイブスター	L					
colorless_010_02_02_00	1427	九神龍「天」リジェネレイト	https://www.aicarddass.com/zenonzard/images/cardlist/cards/colorless_010_02_02_00.png?v=20201113	field_minion	フィールド・ミニオン	colorless	無色	9+	PC:02 CONTRACT	11	ドラゴン	L					
colorless_010_02_02r_00	1428	九神龍「闘」アラバスター	https://www.aicarddass.com/zenonzard/images/cardlist/cards/colorless_010_02_02r_00.png?v=20201113	field_minion	フィールド・ミニオン	colorless	無色	9+	PC:02R DIVINE	10	ドラゴン	L					
colorless_010_02_02c_00	1429	アン・インカーネイト・オブ・ザ・ラディウス	https://www.aicarddass.com/zenonzard/images/cardlist/cards/colorless_010_02_02c_00.png?v=20201113	field_minion	フィールド・ミニオン	colorless	無色	9+	EXCODE:02C SAO	9	ソード	E					
colorless_10_01_03_00	1430	九神龍「界」アクアマリン	https://www.aicarddass.com/zenonzard/images/cardlist/cards/colorless_10_01_03_00.png?v=20201113	field_minion	フィールド・ミニオン	colorless	無色	9+	PC:03 EVOLVE	8	ドラゴン	L					
colorless_10_01_03_01	1431	「ラスの召喚獣・天」シンリュウ	https://www.aicarddass.com/zenonzard/images/cardlist/cards/colorless_10_01_03_01.png?v=20201113	field_minion	フィールド・ミニオン	colorless	無色	9+	PC:03 EVOLVE	8	アルカナ|ドラゴン	L					
colorless_010_02_EX02_00	1432	六神剣の剣豪	https://www.aicarddass.com/zenonzard/images/cardlist/cards/colorless_010_02_EX02_00.png?v=20201113	field_minion	フィールド・ミニオン	colorless	無色	9+	EX:02 幻影の剣士	7	ソード	E					
colorless_10_01_05_00	1433	九神龍「静」アイロス	https://www.aicarddass.com/zenonzard/images/cardlist/cards/colorless_10_01_05_00.png?v=20201113	field_minion	フィールド・ミニオン	colorless	無色	9+	PC:05 GLORY	2	ドラゴン	L					
colorless_02_01_06_02	1434	「願望の天使」デザイア	https://www.aicarddass.com/zenonzard/images/cardlist/cards/colorless_02_01_06_02.png?v=20201113	field_minion	フィールド・ミニオン	colorless	無色	9+	PC:06 HELIX	1	エンジェル	L					
colorless_10_02_04_00	1435	エマの第3魔法：ワンモア	https://www.aicarddass.com/zenonzard/images/cardlist/cards/colorless_10_02_04_00.png?v=20201113	magic	マジック	colorless	無色	9+	PC:04 FORBIDDEN	6		L					
colorless_11_01_EX03_00	1436	天魔王ゴッド・ゼクス	https://www.aicarddass.com/zenonzard/images/cardlist/cards/colorless_11_01_EX03_00.png?v=20201113	field_minion	フィールド・ミニオン	colorless	無色	9+	EX:03 Battle Spirits	5	BS	L					
colorless_012_02_01_00	1437	「黄金の果樹」ユグドラウォーカー	https://www.aicarddass.com/zenonzard/images/cardlist/cards/colorless_012_02_01_00.png?v=20201113	field_minion	フィールド・ミニオン	colorless	無色	9+	PC:01 AWAKEN	14	スプライト	E					
colorless_12_02_04_00	1438	超龍騎神グラン・サジット・ノヴァ	https://www.aicarddass.com/zenonzard/images/cardlist/cards/colorless_12_02_04_00.png?v=20201113	field_minion	フィールド・ミニオン	colorless	無色	9+	PC:04 FORBIDDEN	6	BS|光導	L					
